,0,1,2,3,4,5
company_5945,-0.19431771016298055,-0.15183564011631312,0.4702473901426524,1.2479726391865902,-0.5261045365147318,0.7491671036596866
company_5025,0.38067053062692036,-0.4412628255607412,0.1619205740976001,-0.7586183307540851,-0.24187036431197564,-0.3878081338111081
company_1727,0.40206045025535736,-0.4382265938509969,0.20112366366965803,-0.8012909937915508,-0.22415803931717007,-0.3965041529854067
company_5616,0.14325578089683927,-0.5468599841625392,0.12281824436757702,1.09680788488541,-0.19103882015352883,0.41128497278826165
company_5024,0.33100404911245157,-0.4717956561594672,0.23725668186637508,-0.6981226710135031,-0.281056576394954,-0.36730517754957864
company_6900,0.2859276092448032,-0.3593151959496029,0.0801766931888517,-0.7593854691287906,-0.31385779510282485,-0.43455359694590084
company_4379,0.32529394751842183,-0.4614507544340171,0.23049744582282108,-0.7004835336358801,-0.28821903404991595,-0.3595894501675899
company_4136,0.3749508447222891,-0.4466884422355127,0.2102929443707399,-0.7668291483247496,-0.245603785045898,-0.3889162619947629
company_6814,0.2146317889226217,-0.5489537990060857,0.2777899041893628,-0.4842143383806553,-0.3768855147172237,-0.29427479374673565
company_6744,-0.12302182769056161,0.1358654526265228,-0.4221633971861708,0.09454054326263887,0.6928447750562795,0.0011304499078738422
company_5872,0.33874224871539443,-0.45963877924604457,0.22667214810216016,-0.7166401756879278,-0.2762654221541028,-0.3683285374777086
company_5887,0.27031563792251967,-0.5556208181757215,0.20131374454808382,-0.4868284967503699,-0.3378822973062428,-0.27136627873858205
company_5069,0.330115182651714,-0.5096438207000852,0.15456278188679742,-0.5912317360627503,-0.29093231267927494,-0.3009144166379388
company_3895,0.31630076949941516,-0.4739365497510256,0.24047866158809164,-0.6813705949049934,-0.2932249251185215,-0.36194113861920074
company_3316,0.32322884432184373,-0.558890595208568,0.005347939903005862,-0.42054838544426315,-0.3133633104055892,-0.188941557488422
company_6102,0.40206045025535736,-0.4382265938509969,0.20112366366965803,-0.8012909937915508,-0.22415803931717007,-0.3965041529854067
company_793,0.40206045025535736,-0.4382265938509969,0.20112366366965803,-0.8012909937915508,-0.22415803931717007,-0.3965041529854067
company_5054,0.40206045025535736,-0.4382265938509969,0.20112366366965803,-0.8012909937915508,-0.22415803931717007,-0.3965041529854067
company_6454,-0.1409521175326478,-0.7752979170641696,0.4328868114314428,0.13454164346019573,-0.6650920129731549,-0.0989218211525927
company_6743,-0.2780287999415743,0.3348335058366977,-0.7442395968970577,0.05508659783312247,1.2163833242399678,-0.3254612850559034
company_4296,0.3522384331836275,-0.4704894843319561,0.16019777064220797,-0.6706530467745168,-0.2743447421470153,-0.3207776430647946
company_2286,0.3039592102638401,-0.4776646717407455,0.2455839030862608,-0.6647944385679827,-0.3038367445304222,-0.35452427378636064
company_1394,0.3752814516323316,-0.4469153489207979,0.21055817315529618,-0.7668517547020972,-0.24538342910630404,-0.3886380875490654
company_5173,0.2653989506629887,0.20436038740500478,0.38399760736776384,-0.1763967890249061,-0.32214744142914997,-0.0895684281339463
company_863,0.33033511784200936,-0.3403066912169,0.11081080933928358,-0.7230295234587754,-0.025962080085802,-0.4028595795652892
company_1207,0.40206045025535736,-0.4382265938509969,0.20112366366965803,-0.8012909937915508,-0.22415803931717007,-0.3965041529854067
company_3304,0.010316959942856028,-0.7406712028701822,0.3098882738078007,-0.004452190107809296,-0.5481543565418447,-0.11985915354823394
company_2155,0.35929987768693333,-0.44654039472147583,0.21219920132259992,-0.75071381874025,-0.25925966543472934,-0.3811571166934355
company_7165,0.15097922575829967,-0.15739834220777904,0.03217740198105934,-0.7168823074478262,-0.40390143247760885,-0.5094572017268764
company_6996,0.2912336088131801,-0.4989748097592955,0.22838162377850943,-0.6069268457084279,-0.31809281452214727,-0.32098777201630396
company_5524,0.40206045025535736,-0.4382265938509969,0.20112366366965803,-0.8012909937915508,-0.22415803931717007,-0.3965041529854067
company_6545,-0.3615408836800633,0.6600705096096933,-0.6925502614513878,-0.10834101130777209,1.1286059919267797,-0.29287724420421024
company_1765,0.49494030955969004,-0.45636167129959265,0.3785434203900923,-0.5207122436233368,-0.9276861057953917,0.039453994578509614
company_3111,0.3777179929805404,-0.44798943873189767,0.21231010204243436,-0.7672744839776526,-0.2440718930099425,-0.3854224460708935
company_5701,-0.0971310668813935,-0.7237375357794088,0.4249329770871233,0.020930107111436932,-0.6307858547466173,-0.13047853702591666
company_4805,0.2915397827707738,-0.4830379165450956,0.25120247543473356,-0.6474856964909315,-0.3136132151448354,-0.35048243573118015
company_5472,0.3421458810035334,-0.4654129646921411,0.23056821395787377,-0.7154008229517593,-0.2722009065837715,-0.3721636521147074
company_2894,0.02928329736649618,0.36154393856276784,-0.15867357565934087,-0.5667235252770655,-0.6620181164256244,0.19396157768281233
company_6392,0.3423109380485023,-0.46555854227521337,0.23071157786045024,-0.7153982825087005,-0.27207402435113504,-0.3720876930077307
company_7038,0.40206045025535736,-0.4382265938509969,0.20112366366965803,-0.8012909937915508,-0.22415803931717007,-0.3965041529854067
company_4014,0.32341839918224546,-0.3917427517268982,0.11252362341977488,-0.7590819042477475,-0.28537159680384244,-0.41605591592288615
company_2167,-0.3059769885995837,0.23784468024113453,-0.3620829165954568,-0.7205823057430047,-0.7511052486114186,-0.7349160493206635
company_1030,0.2747754806862926,-0.16018303890187843,0.21237186224828944,-0.37972060190186113,-0.35766788288121165,-0.07988748776963488
company_1409,0.2459779827979137,-0.5409934961955455,0.23228378470803782,-0.4968810374251262,-0.35782496172982503,-0.2739653605060121
company_2971,0.3482942123843476,-0.43479640196645075,0.1132384559413606,-0.7160346251590728,-0.2679303589620792,-0.38453272320480925
company_188,0.40206045025535736,-0.4382265938509969,0.20112366366965803,-0.8012909937915508,-0.22415803931717007,-0.3965041529854067
company_5736,0.40206045025535736,-0.4382265938509969,0.20112366366965803,-0.8012909937915508,-0.22415803931717007,-0.3965041529854067
company_3214,-0.7760372939923382,2.0519113327835417,-0.94366046507503,0.2753757217938339,0.5711817138501482,0.7854664867713539
company_2610,0.2735939639574782,-0.3453298418632745,0.0403617526593473,-0.7272813462190436,-0.3376719406238189,-0.37296190464999585
company_5106,0.3833892934675521,-0.43803214168607474,0.20129393060104947,-0.7841014984434476,-0.2387684129640175,-0.39523457907159093
company_6445,0.2825269461879546,-0.4917640089107415,0.25989798453584634,-0.6299753977573828,-0.32058904949323397,-0.3455515015434262
company_2110,0.3590423112960868,-0.444090128652053,0.12251092709907115,-0.7159488012092946,-0.25976522267045304,-0.3792242111342397
company_6450,0.40206045025535736,-0.4382265938509969,0.20112366366965803,-0.8012909937915508,-0.22415803931717007,-0.3965041529854067
company_1285,0.3242058551487292,-0.19757141102313105,0.4352146889807543,-0.11218703323739537,-0.2693768428473029,-0.10496746889153792
company_2552,0.1595559673145122,-0.6815322228452205,0.20547291169188345,-0.18683023952814576,-0.43193605388455797,-0.15867268385340258
company_2482,0.40206045025535736,-0.4382265938509969,0.20112366366965803,-0.8012909937915508,-0.22415803931717007,-0.3965041529854067
company_4954,0.31001280695779093,-0.4844060685989285,0.10650840417236103,-0.5611313126731764,-0.3230170300264425,-0.23432388588241876
company_4677,0.35835675502365666,-0.4308127614956595,0.19545944587058808,-0.7676154599674765,-0.25900765135164255,-0.39413687809025555
company_1596,0.2705900296235292,-0.35429920808616594,-0.019800566405230584,-0.550389582191712,-0.09665295959369746,-0.2738650544174587
company_3798,0.2493353338099438,-0.5124247465840235,0.28060938584517175,-0.5775779992949204,-0.3462938775143901,-0.33341381607922893
company_2191,0.21176671341125383,-0.5260054091536052,0.2964276134410151,-0.5266264896899104,-0.3770451662180702,-0.31701726556827203
company_5822,0.38067053062692036,-0.4412628255607412,0.1619205740976001,-0.7586183307540851,-0.24187036431197564,-0.3878081338111081
company_7487,0.3517265135275364,-0.45457131247818716,0.22147895577060092,-0.7340226021390834,-0.266155251294969,-0.3717355650229302
company_827,0.33953844458418797,-0.4804883833401818,0.20614456131541636,-0.6743772126364993,-0.2778393145910265,-0.3460041644688838
company_7037,0.30786235712056254,-0.48398338875697566,0.24994907755407833,-0.663502882533949,-0.29933393550831694,-0.358332084774642
company_6456,0.3170844025889111,-0.4934311778013707,0.2194845931049865,-0.6396832300682075,-0.29551046143286414,-0.33700408350476296
company_5619,0.3408404848480484,-0.4644553945426416,0.2295000693044474,-0.7153379507914047,-0.27310317248339927,-0.3731419336098448
company_1163,0.36315139386140877,-0.4525338180827335,0.17750473355799196,-0.7264277714690395,-0.2588947717620614,-0.36479917950446356
company_6039,-0.03309167352176338,0.07392882721251155,-0.3831105290823371,-0.23327640094555688,0.8207582023336616,-0.3463557171241883
company_730,0.026664748675832656,0.2587658126082174,-0.12532409790865245,-0.5217693156713601,-0.6091383042588787,-0.011997548905607343
company_6216,0.40206045025535736,-0.4382265938509969,0.20112366366965803,-0.8012909937915508,-0.22415803931717007,-0.3965041529854067
company_2587,-0.67485162636606,2.0459322829796234,-0.027835746847238708,1.2037165394744413,0.48128764036539207,-0.2763699404909119
company_5205,-0.16080021782642068,0.33019454775494356,-0.5076015776692973,-0.18713833678175862,1.3311740347286254,-0.4463780194470092
company_5122,0.40206045025535736,-0.4382265938509969,0.20112366366965803,-0.8012909937915508,-0.22415803931717007,-0.3965041529854067
company_3435,0.055238986397073114,-0.000890391937732478,-0.006145142839166255,-0.6355151852002587,-0.4708590356424538,-0.5262012466856574
company_7170,0.15388904710446713,-0.8136947681896757,0.0856135065829857,0.3091443463047727,-0.4522678124684728,0.0924318797373003
company_7046,0.13288724499341398,-0.5872818050733568,0.3203193679041975,-0.364627434859758,-0.443348147867252,-0.2560651761328216
company_229,0.3671505329951997,-0.4557940616388078,0.21980774787002158,-0.749595575993241,-0.2520079008925712,-0.38208311551360674
company_594,-0.06207030232466291,0.11403589055923417,-0.3245013923633629,-0.2756723122365921,0.790028765671551,-0.32906531593119004
company_7018,0.28062173055234485,-0.5037940944191117,0.23484196362405038,-0.5905100553828567,-0.32760190104230735,-0.3119285438212691
company_3909,0.15494374296912072,-0.5567220872682679,0.32882984267568166,-0.4403446778916576,-0.42229172203361187,-0.29281969607509084
company_1937,-0.24088248631977366,0.31429206563931156,-0.5884872650998215,-0.008410128254343683,1.2416531012308183,-0.3019194032730599
company_1352,0.3576812617043928,-0.48415329001735397,0.1679298536184037,-0.6667743392330148,-0.26553097172370616,-0.3355422632342397
company_6965,0.40206045025535736,-0.4382265938509969,0.20112366366965803,-0.8012909937915508,-0.22415803931717007,-0.3965041529854067
company_530,0.32769682178599085,-0.4672577535351536,0.2338346170208316,-0.6988676164545129,-0.28444562335440327,-0.3656688174955282
company_5742,0.40206045025535736,-0.4382265938509969,0.20112366366965803,-0.8012909937915508,-0.22415803931717007,-0.3965041529854067
company_30,0.38905733008589866,-0.44293469439024236,0.20618429395017884,-0.7840556040553948,-0.23446173350099384,-0.39243801133941214
company_1915,0.3132055543136075,-0.3944950887700385,0.07959060634364792,-0.7205795810441504,-0.2997895452418189,-0.3824556324569824
company_4884,0.18232884252067297,-0.6248807596779277,0.22958442634137094,-0.08252354577084474,-0.41418209716695054,-0.09213335092289486
company_6832,0.2979110845556289,-0.582772640333076,0.10947610298885609,-0.4158541066906004,-0.3270560542105573,-0.20521466329561538
company_180,0.37362484827884745,-0.4385965788121205,0.16787463523582521,-0.7466983788082309,-0.25419110288058644,-0.35639445069074294
company_6677,0.3569982647182426,-0.42821474149512995,0.12683605869757472,-0.7114962924552252,-0.2774452194459478,-0.31117677697317536
company_7188,-0.17538124322625245,0.8808336933470142,-0.12919038626047163,0.7106226278594251,0.7601505588961911,-0.031533859615208944
company_1585,0.3658284728680313,-0.4343242666221417,0.20090560756749876,-0.7688185250315713,-0.25487203344838477,-0.3847003557249195
company_2815,0.22891918062087968,-0.04109498912573452,0.11957665677219419,-0.5002694609990594,-0.377498738627501,-0.21681843684594285
company_3158,0.37358691279558387,-0.44497022551737603,0.20893360539424963,-0.7670707519402141,-0.24692140587374609,-0.3885400201681345
company_578,0.38102190176618345,-0.43598447273668917,0.19925135282871614,-0.7841206673374987,-0.24056720113490102,-0.39640263278882437
company_5272,0.3632511986841584,-0.45029270046748626,0.2157218221103727,-0.7505385525485865,-0.256082588176975,-0.37985954457612126
company_6751,0.40206045025535736,-0.4382265938509969,0.20112366366965803,-0.8012909937915508,-0.22415803931717007,-0.3965041529854067
company_2217,-0.13104442745167555,-0.7613240446945482,0.42292204307000403,0.11446029387465685,-0.6605817414824569,-0.09167832786197995
company_262,0.2946847467536237,-0.4871064723239749,0.2543730124260963,-0.6468829291090694,-0.31051931143478034,-0.35155783228137594
company_4996,0.27006058548146133,-0.49673110605874166,0.26535214353429193,-0.6128235514836674,-0.33059212811032185,-0.3408205721601265
company_1933,0.16747678119585752,-0.5528966676108777,0.32380068188385774,-0.45703185478005126,-0.41167174848494487,-0.29962981602097266
company_1136,0.007449932250649516,0.1004983196667358,-0.29574963103201296,-0.37072067353355304,0.8662546155592161,-0.43146973753474527
company_4505,0.3510014791344971,-0.4550703801051006,0.22123516594986467,-0.7335462837730229,-0.2661178813971283,-0.37428756288398846
company_3563,0.3619927354214058,-0.4665559993325023,0.19246920827346606,-0.7094949897706447,-0.26068500514401577,-0.3530755746811556
company_3178,0.5420402513900435,-0.7035096374958495,0.38268258698992913,-0.9180518433793874,-0.8573340642620397,-0.28659941242813053
company_5319,0.1008632169124785,-0.6442310908268971,0.2978994603067327,-0.22986686579935792,-0.475157875334993,-0.18966206086644433
company_4027,0.1357396346011233,0.07480214968081532,-0.04205011130648298,-0.6298356710862842,-0.5110219672688089,-0.08091016266800823
company_2315,0.3634295854688428,-0.4517067471671831,0.21630277939897458,-0.7499977306750931,-0.2552890128972791,-0.3822260454483951
company_6799,0.09053587970014183,-0.6778538941209998,0.28623709550215837,-0.1675962081871845,-0.48224370708458647,-0.1748906912126716
company_3020,0.3514143451701556,-0.45557370860951435,0.22164095321844365,-0.7334803344621398,-0.26572779920713285,-0.37436875694015176
company_5189,0.40206045025535736,-0.4382265938509969,0.20112366366965803,-0.8012909937915508,-0.22415803931717007,-0.3965041529854067
company_5865,0.34171076533034805,-0.46501974091337367,0.23018707822355097,-0.7154115699114073,-0.27254032850238713,-0.3723454620224863
company_6152,0.3324408664991445,-0.47364496034773557,0.19978201089340603,-0.6747362759698593,-0.2836001269152371,-0.34813361070167864
company_7063,0.36426030388760494,-0.44911195582702085,0.17697636960062776,-0.7282945740235309,-0.26034063099249544,-0.35571603510219324
company_7102,0.3604848618991414,-0.4464054160824409,0.21282839560864625,-0.7512008604793482,-0.2589651828222889,-0.37831243700841166
company_3986,0.3621510438756883,-0.4502409471165547,0.21507764484460695,-0.7501621909405829,-0.25644848216417593,-0.3821555783285693
company_2505,0.23236326962767068,0.0784599887075934,0.10388596288590506,0.32449620911585053,-0.4453516373060827,0.45241898573674033
company_4883,0.40206045025535736,-0.4382265938509969,0.20112366366965803,-0.8012909937915508,-0.22415803931717007,-0.3965041529854067
company_6189,-0.4066066643224235,0.09727453758827748,-0.48978898279717964,1.5263532265515392,1.1078860784532536,0.34539551223917564
company_3817,0.010877270132754602,1.3321275846535408,0.985841867543335,2.7461601082808733,0.9999253219877392,0.8285465751071366
company_1559,-0.8325763505864834,-1.5111921205680836,0.5485386037179343,2.091688822740257,-1.238723620247003,0.609585858393018
company_3688,0.40206045025535736,-0.4382265938509969,0.20112366366965803,-0.8012909937915508,-0.22415803931717007,-0.3965041529854067
company_1329,-0.23070782490736536,0.32001254165608034,-0.5955021344515158,-0.02505439671349381,1.2505567807848337,-0.31017528877491257
company_6497,0.31957793345901275,-0.47814054112718607,0.24377040948804737,-0.6807577273363343,-0.29001955722254863,-0.3629923998906888
company_7263,0.3900023966333512,-0.4437521271045679,0.20699969425849551,-0.7840479518022805,-0.23374365439086067,-0.3919717224303369
company_6797,-0.19477055834665835,-0.8333563565254921,0.4482200806030346,0.26506616444073683,-0.7078410775728989,-0.060238055585240737
company_477,0.3797626005917029,-0.4348952436448504,0.19816483191788417,-0.7841308639647736,-0.24152404154915344,-0.39702396276016716
company_2189,0.1936266038769563,-0.09184210937001645,0.01706781334509072,-0.7162658999627658,-0.4464767976454427,-0.18602991445448785
company_22,0.22516137795339644,-0.6163176460523159,0.18355644444927463,-0.33519776737060153,-0.3805366204240982,-0.1993023919006915
company_3030,-0.03227488592954617,0.07360392633224543,-0.3436151969758696,-0.2565482310274609,0.8251315897761944,-0.36485367814785585
company_285,-1.5257714972710672,-0.8768866211060724,-0.17756271738328203,2.835497643417939,0.20194710775069252,0.6044466706093427
company_3469,0.2570326327471676,-0.5015287995826374,0.2704290008314904,-0.5955408060995063,-0.3408566719426771,-0.33698309648389546
company_5954,0.36798883395580323,-0.5668945573845946,0.0009428351062402432,-0.46486318741565263,-0.2691222249526346,-0.2317262633661884
company_6091,0.19105219286099326,-0.5402461199234955,0.3111984364165325,-0.4920069137413532,-0.39350255101970916,-0.3067562235039921
company_5719,0.36410642477006255,-0.4372664118040756,0.2009221161019484,-0.766935015671958,-0.2538656090556743,-0.3941846368892758
company_3139,0.40206045025535736,-0.4382265938509969,0.20112366366965803,-0.8012909937915508,-0.22415803931717007,-0.3965041529854067
company_3476,0.05434680950323198,-0.6158771866002954,0.3894235052987601,-0.2839927000547793,-0.5011977720791814,-0.2531250633557774
company_5650,0.2921110253976464,-0.5057460736276119,0.125287929530585,-0.5244909776663219,-0.3348997281028785,-0.23176717652523576
company_6357,0.298761243968639,-0.4694938979637985,0.13396452098634556,-0.5865554314583258,-0.3303199496325878,-0.249426660147782
company_1358,-0.20887279458914615,0.30927595086777904,-0.4844077371643016,-0.11873074098238358,1.292262522298724,-0.4255944832898292
company_4275,0.2572361494391259,-0.5414318140931347,0.1569939022366799,-0.2294620951792467,-0.3646365571603504,-0.09889375610012514
company_4665,0.40206045025535736,-0.4382265938509969,0.20112366366965803,-0.8012909937915508,-0.22415803931717007,-0.3965041529854067
company_4222,0.31326636447811435,-0.5291599666138663,0.17332378719999084,-0.5557537336074985,-0.30344338212854,-0.29251002119789116
company_5276,0.3712014070782495,-0.4583240736701941,0.1840527627643935,-0.7268646445643323,-0.25339072235991317,-0.35854269008277956
company_2926,0.18092680624095206,-0.5222966287595519,0.267286435324471,-0.2373207037907369,-0.4213112108220083,-0.12052071765383397
company_5404,0.07644170987793747,-0.633552323292974,0.3301602681212052,-0.2381984118181465,-0.49306383196408843,-0.20013724070044797
company_6741,0.40206045025535736,-0.4382265938509969,0.20112366366965803,-0.8012909937915508,-0.22415803931717007,-0.3965041529854067
company_1823,0.35646043686448015,-0.4794432178749982,0.16563781129733013,-0.668348780158218,-0.2683673154488271,-0.32902487036181866
company_237,0.38942590603940513,-0.4432534931488293,0.20650230007042233,-0.7840526196766802,-0.23418168264804193,-0.39225615866487284
company_4366,0.40206045025535736,-0.4382265938509969,0.20112366366965803,-0.8012909937915508,-0.22415803931717007,-0.3965041529854067
company_2558,-0.17964604372694043,-0.9438508937981221,0.31512691097100193,0.49813392867363393,-0.7129674152286757,0.08313549529539654
company_2076,0.3480876476771917,-0.4502780177046325,0.2179509142265666,-0.7345426830058783,-0.26951867540016716,-0.37129833175701976
company_3382,-0.08005325462945953,-0.7880152924906134,0.3602699671401574,0.8183761329750171,-0.6378919887318819,0.30145574906470674
company_3211,0.3063377135463615,-0.5174769236652357,-0.04005397086168422,-0.4531801020803312,-0.32268275454221096,-0.22818864366263886
company_7073,0.2136558979314543,-0.5670418212973916,0.2553168064301058,-0.4424918578321835,-0.3804477482646474,-0.2704305069283815
company_3343,0.3567942155135506,-0.441239215956149,0.20897495259715138,-0.7520759290619389,-0.2628005197602864,-0.3762872365988749
company_5370,0.36186059722977315,-0.4666821280985097,0.1924367007966514,-0.709393120474185,-0.2606598216410794,-0.3536092106166781
company_3583,0.34569151621417527,-0.49014282633983314,0.1740020849464419,-0.649357372820755,-0.2748531741821091,-0.331765081391849
company_5766,-0.5037891640632379,0.6905181308663231,-0.7558455193416942,-0.10347383205339679,1.0815974481077368,-0.6046776645960459
company_6317,0.3772587799596399,-0.44848644232879104,0.2122170207883111,-0.7668953405656916,-0.24395372517675454,-0.3873912861832202
company_6850,0.04636634473644448,0.19296555673366933,-0.06604348206533839,-0.7047935587371621,-0.5836108148924636,-0.12625150042991498
company_6852,0.3516688994689026,-0.4743674781357589,0.20010794314771044,-0.6919013967977575,-0.2685423927898682,-0.3492188266744327
company_3633,0.6060368557566861,-0.7166965443454495,0.45796027602179024,-1.0238552241771548,-0.7877984992305893,-0.3784302448476064
company_1415,0.04558627549123764,-0.7044206163221738,0.3131244084935419,-0.09790156751444927,-0.5172429981756976,-0.15830811657192703
company_6854,-0.682850970174976,0.7612284252927621,-0.8436531860107943,-0.289868371824685,0.35278395596439166,-0.7611305567689325
company_2626,0.35632727803769415,-0.4417445800382181,0.1201693585620525,-0.7159695810076016,-0.2618266865259473,-0.38056926747766967
company_6404,0.40206045025535736,-0.4382265938509969,0.20112366366965803,-0.8012909937915508,-0.22415803931717007,-0.3965041529854067
company_7523,0.32818763121911043,-0.35265966822375494,0.1128622817489205,-0.7670340882887208,-0.3130756099532976,-0.2879464537883276
company_4810,0.40206045025535736,-0.4382265938509969,0.20112366366965803,-0.8012909937915508,-0.22415803931717007,-0.3965041529854067
company_3737,0.33308009367394825,-0.48638552361266796,0.17641611648555502,-0.6358884339154472,-0.28945814092813127,-0.3103514639209763
company_602,0.40206045025535736,-0.4382265938509969,0.20112366366965803,-0.8012909937915508,-0.22415803931717007,-0.3965041529854067
company_663,0.20777601821200095,-0.7217188956898686,0.1189304534717504,-0.1282551942955061,-0.3991905451579176,-0.11455312393567772
company_520,0.3498088462340352,-0.4505674689544914,0.2190294073053463,-0.7350422385352926,-0.26883733072536115,-0.3681123842310816
company_1534,0.38931722338644814,-0.4431594883866819,0.20640852903496593,-0.7840534996857883,-0.23426426174570722,-0.39230978188941645
company_4998,0.40206045025535736,-0.4382265938509969,0.20112366366965803,-0.8012909937915508,-0.22415803931717007,-0.3965041529854067
company_6407,0.14630281725288063,-0.6618687556075017,0.23017829981837565,-0.21356362642647123,-0.4423373347747541,-0.16887876365699792
company_5381,-0.17462554589216311,0.3261976136771614,-0.503250345657012,-0.16990960450581194,1.3202456117189858,-0.44271754915191014
company_6568,0.24472752268159553,-0.5817705156438943,0.1892967465372744,-0.4117201617710186,-0.3623300852560006,-0.2337134370685593
company_4334,0.2762150674620542,-0.505689406477481,0.23297448368108895,-0.5881022842028527,-0.3279691847398317,-0.3252220435167371
company_2235,0.3120558942262061,-0.35087145600068254,0.18776757624348334,-0.5725976946246811,-0.3224361358665619,-0.20521890476218316
company_890,0.3048671847672364,-0.5161652217342306,0.2030545750180934,-0.5813901321542777,-0.3088661632847921,-0.3051343392937047
company_2481,-0.17462554589216311,0.3261976136771614,-0.503250345657012,-0.16990960450581194,1.3202456117189858,-0.44271754915191014
company_3765,0.28819328176449105,-0.5820074445597546,0.11455260165075158,-0.40215224764004737,-0.33920681935999725,-0.18332667137353784
company_2859,0.39023866327021434,-0.4439564852831493,0.2072035443355747,-0.7840460387390019,-0.2335641346133274,-0.3918551502030681
company_5747,0.33794006413001765,-0.45772595356041135,0.22556680191661618,-0.7171685909551363,-0.27751167261966986,-0.3663492568964943
company_2671,-0.060483248080724,-0.7148577816585487,0.41018384395525975,-0.02767510169443911,-0.5978626549326549,-0.1580405159205546
company_2656,0.40206045025535736,-0.4382265938509969,0.20112366366965803,-0.8012909937915508,-0.22415803931717007,-0.3965041529854067
company_5484,0.3477850036578651,-0.48775956598621967,0.1743866007507352,-0.651136139357889,-0.27545325633410045,-0.32256049586682134
company_501,0.3536042912142325,-0.4585786148589772,0.22390695618067788,-0.7329870351690553,-0.263483651588304,-0.3754523912523729
company_746,0.3598537490373913,-0.4425405939007292,0.17223881613593728,-0.7295119482870079,-0.26513046511716254,-0.352512725844781
company_2242,-0.058130261561964824,-1.0245423244880423,0.13469054520084042,0.5853181752848398,-0.6220709093095705,0.14224854749852675
company_3056,0.3610576523292662,-0.44828292075692405,0.213791108445611,-0.750604472510159,-0.2578080384336627,-0.3807226710943562
company_6414,0.07222141692718298,-0.6761830618351851,0.2540500663122306,0.10753562161520715,-0.5128293754724456,0.0033549334878823244
company_3711,0.37806917294293224,-0.4491269326875638,0.2128957308050276,-0.7669146640739656,-0.2433695532829496,-0.38687364939011126
company_7387,0.37887182663118946,-0.45006863698591676,0.21367214175499913,-0.7668022158000133,-0.24263042549007344,-0.3869597629359278
company_5378,0.18113294818275824,-0.40225205203016867,0.23301658718263843,-0.343436863958804,-0.4537275413161399,-0.030526465672647708
company_7121,0.3426392504018843,-0.46628680251704685,0.23114545456667437,-0.7152053972721464,-0.2715924921479257,-0.37279136115542827
company_1666,0.38931722338644814,-0.4431594883866819,0.20640852903496593,-0.7840534996857883,-0.23426426174570722,-0.39230978188941645
company_2918,0.16029754509849112,-0.8535911053676748,-0.03632271377474011,1.3482104019347199,-0.48195200577670244,0.6803797559638503
company_1133,-0.20475899142203552,-0.8286278503235474,0.47868573173836826,0.9292919498088718,-0.7260053751118428,0.28546499820344234
company_6083,-0.1820544242949715,3.279078694821616,1.6059943479864074,3.953442920042059,1.3582351082645798,1.9624371195135586
company_3102,0.40206045025535736,-0.4382265938509969,0.20112366366965803,-0.8012909937915508,-0.22415803931717007,-0.3965041529854067
company_5115,0.38924634339538916,-0.44309818093310743,0.20634737401184214,-0.7840540736047719,-0.23431811767896724,-0.3923447535575971
company_4831,-0.6735956197137876,0.7396104486248183,0.10423338015274981,2.181793161265971,0.8613763323524449,0.8758493885880021
company_2568,0.40206045025535736,-0.4382265938509969,0.20112366366965803,-0.8012909937915508,-0.22415803931717007,-0.3965041529854067
company_6511,0.40206045025535736,-0.4382265938509969,0.20112366366965803,-0.8012909937915508,-0.22415803931717007,-0.3965041529854067
company_3011,0.2687536206198786,-0.4946164695008266,0.26389086905290604,-0.6132555226919238,-0.33209927309818155,-0.33954782872929656
company_855,0.007449932250649516,0.1004983196667358,-0.29574963103201296,-0.37072067353355304,0.8662546155592161,-0.43146973753474527
company_6693,0.21433418851076233,-0.5292201623883734,0.2989797883041775,-0.5261800981780732,-0.3745751212589117,-0.31768725838787637
company_987,-0.0335724341938323,0.07813346769641798,-0.3069697792911347,-0.28113265009044225,0.8263180096647341,-0.3784996164746218
company_2955,0.40206045025535736,-0.4382265938509969,0.20112366366965803,-0.8012909937915508,-0.22415803931717007,-0.3965041529854067
company_2866,-0.9759042694529877,2.093278395406629,-1.3617706865813046,-1.2618241442658658,-1.9353979791568001,1.4622548121642018
company_4317,0.32901321201467576,-0.4684132333200296,0.23497611354265976,-0.698849733768836,-0.28343659266558846,-0.3650521931800366
company_4066,-0.527275371467424,0.16377247922313032,-0.2920255230200479,0.7697013467978603,1.032476505224457,-0.07585375646378334
company_6090,-0.3174783482632772,2.5981456906083404,0.4085648393269842,2.2999281109687866,0.24143301203529258,2.5602501606730375
company_517,-0.23896578299707455,-0.8515081495280159,0.22289970405602338,0.5637802124403534,-0.49927928194594945,0.05137218818676765
company_223,-0.11141272823969356,3.538619118317122,1.7437754525533602,4.122289098548887,1.5306035957837718,1.651161993958034
company_1104,-0.09862166474044709,-0.6897439340218603,0.46865827039955216,-0.060333446643964686,-0.6235816775335289,-0.18991920773653254
company_2526,0.3313219569034478,-0.47175709771769814,0.23742468683685167,-0.698254339280362,-0.2809787981621828,-0.36653743468870825
company_3536,0.38931722338644814,-0.4431594883866819,0.20640852903496593,-0.7840534996857883,-0.23426426174570722,-0.39230978188941645
company_4901,-0.22466579443610873,1.244829988764665,0.41475968519460604,1.3431018072478649,0.7010269006921994,0.4563069881764106
company_2475,0.3354831980023445,-0.47573678284035,0.0814530626885436,-0.3805181927740697,-0.29603067881803635,-0.17453885353064527
company_1545,0.2721426987672827,3.725265475242368,3.511949278041195,7.3740467010178055,2.194850242259523,2.13733765865327
company_2856,0.3252615125770624,-0.5007308669318202,0.18769673875259876,-0.6164047941443581,-0.2931309038868816,-0.3137672637010266
company_3027,0.3426427540219901,-0.4657963365455129,0.23098118611595106,-0.7154166652097421,-0.27184760885449455,-0.3718280979221503
company_5815,0.3898488233193902,-0.44361929428849,0.20686719170839407,-0.7840491952934115,-0.23386034224625732,-0.39204749437806163
company_7414,0.3876397302647199,-0.441708545318754,0.2049611934877038,-0.7840670824350661,-0.23553885216619355,-0.39313744470302503
company_5840,0.37537106996208025,-0.43667907161516056,0.15734821686871425,-0.7586612407634233,-0.24589699292204734,-0.39042284886874756
company_3811,-0.28413806210076786,1.394751649069979,0.09087276170561494,0.793529254752914,0.702843011721823,-0.0452658410648094
company_4868,0.17727053950945978,-0.007718757549845286,0.03762820087863375,-0.6431719135955298,-0.44241504433070833,-0.21242628429715907
company_5059,-0.26918138252465607,0.7311078613182165,-0.3869853489588319,-0.6735801769177989,-0.9303291054337296,0.18291169357487086
company_2376,0.40206045025535736,-0.4382265938509969,0.20112366366965803,-0.8012909937915508,-0.22415803931717007,-0.3965041529854067
company_6578,-2.1327289435722365,4.602613336699974,-2.4448477193749234,-0.26833156738171915,-1.1181135470223817,2.60554937146926
company_7382,0.25003094778528084,-0.5298931586067838,0.2588783117400789,-0.5367262986556022,-0.3496649226604853,-0.30472062071007916
company_1376,-0.5931211220389359,0.2930924139861983,-0.1908021222604436,1.2978460415876611,0.9565931705637696,0.2707636730973881
company_5512,0.38196933098000463,-0.43680394903280056,0.20006879163780364,-0.7841129959537517,-0.23984732682699253,-0.3959351781574765
company_2607,0.38931722338644814,-0.4431594883866819,0.20640852903496593,-0.7840534996857883,-0.23426426174570722,-0.39230978188941645
company_894,0.2991585409091388,-0.37075925395016085,0.0915922975052854,-0.7592783375851908,-0.30380468756096063,-0.4280255522188475
company_3679,-0.16080021782642068,0.33019454775494356,-0.5076015776692973,-0.18713833678175862,1.3311740347286254,-0.4463780194470092
company_7339,0.3538805497561193,-0.4596096852587931,0.1854938718451768,-0.7095305753720054,-0.2668120738043283,-0.3572150383792606
company_2344,0.372439685391974,-0.4433846138459035,0.2077426504382493,-0.7673340782552541,-0.24810301267267124,-0.3879500207430646
company_2753,-12.950237673388926,11.371870858378314,-11.427914079599427,-0.3891980416311643,-8.968204233965796,-6.813769260852351
company_2196,0.2938317445942772,-0.230955365839472,0.23405043606310738,-0.5372671620017428,-0.33369408699405706,-0.1855906201807968
company_4800,-0.16080021782642068,0.33019454775494356,-0.5076015776692973,-0.18713833678175862,1.3311740347286254,-0.4463780194470092
company_1726,-0.6362476614034508,1.2795907093009724,-0.8598404376156131,-0.048788727444668785,0.795389352877536,0.15300252657841187
company_4144,0.19268618199481446,-0.6505426836309496,0.14230519534119673,-0.220512728525644,-0.4155975015373911,-0.13117494074673827
company_2311,-0.5408703868670975,0.05465612793141045,-0.333290648897028,4.201536907104884,0.9191694475601809,1.870423073008172
company_4723,-0.25120762814510034,0.444489708581977,-0.6150194823862448,-0.15919226828775845,1.2221573669563395,-0.31786923180393584
company_7536,-0.07461251888596399,1.5989783635045172,1.7824528673639255,5.072177208625144,0.9872267705333093,1.807589585002979
company_4606,0.40206045025535736,-0.4382265938509969,0.20112366366965803,-0.8012909937915508,-0.22415803931717007,-0.3965041529854067
company_5308,0.28813767901804943,-0.6105004437825532,0.05721092995457361,-0.33319305227144763,-0.3410026279902414,-0.15810614196374076
company_7256,-0.3671624999678149,1.2038444315331667,-0.8883500858502845,-0.07232541674399433,0.06113376911777877,1.6425574087876655
company_510,-0.044408759002811805,0.10984539402204622,-0.37368307922996186,-0.27817937134880416,0.811221280428884,-0.36224494382562933
company_6302,-0.34640779862170096,0.6870725387344186,-0.6187021681507742,0.34369669731768243,1.082875204931292,0.1635530383064981
company_2308,0.07022725011432289,-0.9418322336709133,0.08823087079873601,0.3541818627582999,-0.5166925776003738,0.06457858831725781
company_2548,0.05137129097027357,-0.6516373479476287,0.3437532221839378,-0.20035496562372818,-0.5088547994052659,-0.20685655835347405
company_7257,-0.1938446779680844,2.7453300663437266,0.8564273957747395,2.367912524850515,1.388451876597726,0.8890533932135042
company_5009,0.37627151976183204,-0.4478110728655397,0.21142574586049426,-0.7668268825230016,-0.24461059340580452,-0.38822629880182324
company_4650,-0.5020924560156441,-1.2389123582318229,0.4065042571222171,1.2141628233390007,-0.9756866888796953,0.3172965002238615
company_3848,-0.40207881490090036,0.7409079723408715,-0.5301594774674083,0.2924861210927661,1.0319473879899397,0.17136265207371265
company_6451,0.31873405120568177,-0.4764264465992905,0.24270868115773667,-0.6811859489405647,-0.29117484344644307,-0.361491174894412
company_2986,0.34991065482423284,-0.4504319783554461,0.2190414658646378,-0.7351371296067631,-0.2688767462714225,-0.3676265856754997
company_4983,-0.4353539730243085,1.2169791665629854,1.3223097911833364,3.3081322731842366,0.5841704988844538,1.235824660001881
company_1459,0.389369202046558,-0.4432044471859698,0.20645337605192335,-0.784053078811867,-0.2342247673946499,-0.3922841359994173
company_5724,0.3562134385275982,-0.4407129729614979,0.20846575769348685,-0.752090865367729,-0.26325428991188055,-0.376527217657282
company_4948,-0.19791518584282797,0.3248240880599673,-0.5332281114532792,-0.11675138662687302,1.2923217659574169,-0.3933518219673915
company_1327,0.38431545868405553,-0.4388332257461138,0.2020930229031998,-0.7840939992353956,-0.23806469543608696,-0.3947776159406972
company_4454,0.3610567586537242,-0.5087115308052798,0.15012860017999666,-0.62385780649403,-0.26437319566752154,-0.31482440686227126
company_4403,0.389369202046558,-0.4432044471859698,0.20645337605192335,-0.784053078811867,-0.2342247673946499,-0.3922841359994173
company_5458,0.40206045025535736,-0.4382265938509969,0.20112366366965803,-0.8012909937915508,-0.22415803931717007,-0.3965041529854067
company_4977,0.07066319064175582,-0.7709399584410126,0.21601960548370816,0.03497448411101749,-0.5080966194932748,-0.07156542416959726
company_3447,0.029313776728856517,-0.7863182537625364,0.2022447882489485,0.12168960077325909,-0.5517834013977343,-0.005695136466345049
company_6905,0.40206045025535736,-0.4382265938509969,0.20112366366965803,-0.8012909937915508,-0.22415803931717007,-0.3965041529854067
company_4847,0.40206045025535736,-0.4382265938509969,0.20112366366965803,-0.8012909937915508,-0.22415803931717007,-0.3965041529854067
company_6666,-0.2102020006081619,0.3338258069972313,-0.5930690110759601,-0.10354903905715486,1.2886409902674942,-0.4245061346309643
company_4332,-0.35499833521604984,-1.0347782444982987,0.44404652965337854,0.9601890472902029,-0.8495018061976806,0.23993579003129129
company_6616,0.22735021246985684,-0.07086654150081885,0.057214712900625186,-0.7710872604382255,-0.4343361999193002,-0.1329017102150254
company_5013,-0.23699746248585557,0.8878472583981991,-0.39373829399734966,-0.7859726834048086,-0.9895792522930184,0.4972093668714839
company_6840,-0.09143023273508302,1.7566990972279974,1.0045485167903507,2.572030286700498,0.7098988315648317,1.6037289114786664
company_1579,0.3114866254414108,-0.6499007906846619,0.04494661612102552,-0.3016661921417148,-0.31718212616145275,-0.1643602693660045
company_2147,0.20385311019978802,-0.6320061287277376,0.19847986021927597,-0.2997432316517638,-0.3964206397998278,-0.1931557839141032
company_209,0.315270445795864,-0.47165627306493124,0.23911880748004063,-0.6819736974638524,-0.29473338384647035,-0.3597429510238793
company_5530,-0.2060800633342087,0.3076626373501759,-0.5211900969079402,-0.0959365547804646,1.290013338887261,-0.4030090249086857
company_3621,0.40206045025535736,-0.4382265938509969,0.20112366366965803,-0.8012909937915508,-0.22415803931717007,-0.3965041529854067
company_4763,-0.382887486343178,0.8364411919894597,-0.5870477927924117,0.028155079268639627,1.1224229978517692,-0.2415860012673826
company_349,0.32241427269068784,-0.34855094118832075,0.2598498337212278,-0.6340829130206369,-0.3037957034750909,-0.2589879148611625
company_2648,-0.08265104779304372,-0.554694721125298,0.6403216464331085,0.5073806487811231,-0.597942104900831,0.0667360837357586
company_3388,0.40206045025535736,-0.4382265938509969,0.20112366366965803,-0.8012909937915508,-0.22415803931717007,-0.3965041529854067
company_186,-0.38325527439288287,0.6140133942909022,-0.41575958237414334,0.33790243159540134,1.0904652508140893,0.028623323128777082
company_4798,0.037786576058806226,0.4133920447871465,-0.16283114564835632,-0.7519301385962739,-0.7228615208800409,0.387320044702227
company_3163,-0.01304826778324933,-0.7625587068759331,0.2976925527436629,0.06802601706181631,-0.5741438343068325,-0.06905887003831444
company_6692,0.40206045025535736,-0.4382265938509969,0.20112366366965803,-0.8012909937915508,-0.22415803931717007,-0.3965041529854067
company_1519,-0.5983777835450584,2.0328208221621415,-0.24295851149239775,1.1056540203719143,0.994096921058597,0.21088659343356303
company_6650,0.06437081840671154,0.19568587553391492,-0.015494732284501793,-0.5651589960053958,-0.5479124093856026,-0.13361211091725006
company_55,0.40206045025535736,-0.4382265938509969,0.20112366366965803,-0.8012909937915508,-0.22415803931717007,-0.3965041529854067
company_533,0.3876680822611434,-0.4417330683001838,0.2049856554969533,-0.7840668528674727,-0.23551730979288957,-0.39312345603575277
company_415,0.2592942967403732,-0.12832138835763474,0.09488636736172079,-0.7580587256085157,-0.3944853971153509,-0.1752519379442114
company_3424,0.2881197136126188,-0.5705988828630403,0.09977226359462953,-0.4175196151905636,-0.3364308968506737,-0.20282729613504696
company_358,0.3857968504971874,-0.44011455152581913,0.20337116288648624,-0.784082004328639,-0.23693910643095326,-0.39404670807572173
company_3371,0.23800917447993983,0.473514319481494,0.586827790494484,0.20459887152619008,-0.32031552558630794,0.04748797346944338
company_5327,0.23383038222484112,-0.5491002704377244,0.23898383074053722,-0.4785003691752296,-0.36608984201525774,-0.2746573450286333
company_6583,0.3535002916260466,-0.4769208096448266,0.16309667628945398,-0.6683564950465221,-0.2705966596228658,-0.3305593485284553
company_3173,-0.7978415218696997,1.3942902573103475,-1.0436174028049057,-0.39506086375870947,0.02221030988944048,0.15027783599671318
company_2763,0.316546364256222,-0.4832089111791262,0.17679290449855045,-0.6207500479726982,-0.3049678992623073,-0.2986146699684468
company_6629,0.06023425862638884,-0.6907597052535683,0.26303473230947766,0.1286283219334556,-0.5176652888080253,-0.009593474555377072
company_6543,0.29495538949137384,-0.26707994521801226,0.39459415502739587,-0.1645086957946377,-0.3038778853640076,-0.10788790555938538
company_5997,0.01741150764101279,-0.7028715315723211,0.3142823165430171,0.15773912302919665,-0.5468500658419041,-0.0214264524489536
company_1769,0.32318811135211334,-0.4601593689345972,0.2288602206211551,-0.7002736368162691,-0.28954221391912144,-0.36166121365646303
company_4133,0.0649987984512387,-0.6468591173460936,0.3390244609330133,-0.21784656062355043,-0.498395419216822,-0.20942572587948693
company_7262,0.38931722338644814,-0.4431594883866819,0.20640852903496593,-0.7840534996857883,-0.23426426174570722,-0.39230978188941645
company_5041,0.33999072142777503,-0.47864716443770644,0.08901812711993695,-0.6059841846046895,-0.2905180565031632,-0.28249806608077405
company_7284,0.24323028870456792,-0.34929820700788,-0.020814597165295545,-0.6368252428932144,-0.37912921397479693,-0.2828506040523758
company_4673,-0.46355113205551274,0.8342429829199345,1.6631221688344109,6.206313127022383,0.6636321762923236,2.1526527534159166
company_7011,-0.4812341087601004,1.366507937474146,0.6699238116701776,3.064932643612557,1.1201232026805006,1.0840954904650721
company_4913,0.3538957356731238,-0.43939299094923273,0.20669816210277397,-0.751816465827999,-0.2646576646386891,-0.37900485023864217
company_4150,-0.11125448943243255,-0.6310627751052305,0.4764792562988362,0.12108187448290926,-0.6567768677124961,-0.010642268606553564
company_7609,-0.2611137200461559,1.0389712327114438,-0.47361405019904484,-0.9030926511157207,-1.1640203232853286,1.0600645725304665
company_1114,0.1823322759091204,-0.6251214607310687,0.28460374746632155,0.5360767270819318,-0.4052052794400568,0.1628742998429995
company_6016,0.34962335273828055,-0.5600184346185839,0.037942139620477155,-0.4737603229164438,-0.2831765359849985,-0.2364165019937863
company_5914,0.25966456594365456,-0.545014325074848,0.23057148337100883,-0.5106266110104118,-0.34275117956468343,-0.29355001902740996
company_165,0.26162652543839193,-0.1665372194960281,0.18985849567416938,-0.32810322263953146,-0.3798666244863666,-0.018132958931844353
company_1740,0.24060189560409492,-0.6098440224090782,0.10144570023049128,-0.30784187656965717,-0.3783085932576344,-0.15532943361453774
company_2421,0.13338807310156117,-0.589731159823351,0.321434944605981,-0.3637601348887059,-0.4419144617049557,-0.25974639194761284
company_7489,0.21599268473331532,-0.29882517508951073,0.019837070373416504,-0.7599517358592465,-0.36699564925267864,-0.46905897621746856
company_2797,0.20932827736700554,-0.7225778633730572,0.1201057824968401,-0.12844970799232117,-0.39826374776459694,-0.1128448919739063
company_6054,0.3464823303727605,-0.4669428864969297,0.19463686603428448,-0.6932015388172482,-0.27401816662143447,-0.3460524650583881
company_2913,-0.30871384992721973,0.7590024170349442,-0.44873052759280224,0.4383711874917061,1.1884158112381769,-0.04593994162657832
company_2149,0.28616387588166636,-0.35951955412818426,0.08038054326593086,-0.759383556065512,-0.3136782753252916,-0.43443702471863205
company_4056,0.40206045025535736,-0.4382265938509969,0.20112366366965803,-0.8012909937915508,-0.22415803931717007,-0.3965041529854067
company_3040,0.32856468370037284,-0.48671135128742843,0.21287461519169754,-0.6572283302986761,-0.28672664846419427,-0.3404683119023982
company_278,-0.6605419185946642,1.213597279917683,-0.8427041268805647,0.10406082117364222,0.8802256175379701,-0.20510242737064982
company_1283,0.3441809376247067,-0.43810989565184655,0.13376088414105097,-0.6921073063312768,-0.2849822195602972,-0.31681237407085705
company_7510,0.40206045025535736,-0.4382265938509969,0.20112366366965803,-0.8012909937915508,-0.22415803931717007,-0.3965041529854067
company_4993,0.40206045025535736,-0.4382265938509969,0.20112366366965803,-0.8012909937915508,-0.22415803931717007,-0.3965041529854067
company_518,-0.24003316698545574,-0.9004269429433758,0.4325617200446196,0.4194651419011919,-0.7471994280672483,-0.0008289349785686857
company_1634,0.40206045025535736,-0.4382265938509969,0.20112366366965803,-0.8012909937915508,-0.22415803931717007,-0.3965041529854067
company_1829,0.33437273165294856,-0.7897271368314632,-0.11270236807324385,-0.03573616278741466,-0.30854836981539313,-0.04158283151970312
company_1711,0.31624857057836564,-0.4738731227925274,0.24042742855432656,-0.681378843351512,-0.2932741341917147,-0.36193128079274856
company_4175,-0.258536970784738,0.4073942545791669,-0.35674358050493654,0.7448644500518308,0.544035287870574,0.46272529239630206
company_5367,0.3900023966333512,-0.4437521271045679,0.20699969425849551,-0.7840479518022805,-0.23374365439086067,-0.3919717224303369
company_3954,-0.08973891630210196,-0.5901371380244987,0.4811676633692368,0.04112228574693429,-0.6413017113154518,-0.02837819715304907
company_2492,-0.21031769644870618,0.3525120681299774,-0.4359530318524482,-0.28604224526755057,0.7118235110309712,-0.5279861022313128
company_6352,0.40206045025535736,-0.4382265938509969,0.20112366366965803,-0.8012909937915508,-0.22415803931717007,-0.3965041529854067
company_4236,-1.9421116355449501,1.6530148490083476,-1.7737345078648765,-0.733830173293919,-1.994270732040574,-1.5421728945458084
company_2769,0.3384140897524611,-0.3851619121126741,0.12970513643875217,-0.7568223050475384,-0.29294813049407215,-0.328994186457161
company_133,-0.18356520011943356,-0.8673322076718084,0.3991511431055357,0.3322937335133278,-0.7033044003183401,-0.021166502726697883
company_3364,0.40206045025535736,-0.4382265938509969,0.20112366366965803,-0.8012909937915508,-0.22415803931717007,-0.3965041529854067
company_3938,0.40206045025535736,-0.4382265938509969,0.20112366366965803,-0.8012909937915508,-0.22415803931717007,-0.3965041529854067
company_3287,0.07976134785725801,-1.488106015682544,-0.3336687000563526,1.389510298484036,-0.5470115014892702,0.55359753791307
company_534,-1.2735709780987234,3.5062770525799283,-0.7978835286889278,1.3319766014831849,0.21641766940271306,1.1480483645373056
company_7620,-10.73168619878725,16.13275474091057,-11.410093170499781,-2.641772370353792,-10.567818538497878,6.813518197006206
company_2521,0.40206045025535736,-0.4382265938509969,0.20112366366965803,-0.8012909937915508,-0.22415803931717007,-0.3965041529854067
company_2848,-0.4728753036894648,0.9435620804975876,-0.8131462672163476,-0.21250652034245254,0.9501834074808687,-0.0027237530706055277
company_448,0.2805921804941049,-0.19660785633236824,0.10211698430779814,-0.7029116480125974,-0.3649657914605309,-0.20068779752404725
company_3669,0.3775159255324636,-0.44869198801326715,0.2124331657798303,-0.7669004822499335,-0.24376715414719766,-0.3872315394651016
company_538,-0.5524729792842447,-0.010680821800502725,-0.6021667528669762,1.9868965410047257,0.9252841096140973,0.7445804938781599
company_3729,0.40206045025535736,-0.4382265938509969,0.20112366366965803,-0.8012909937915508,-0.22415803931717007,-0.3965041529854067
company_5011,0.35839093207636713,-0.43087325424295086,0.19549941921775235,-0.7676019395909505,-0.25896552591524236,-0.3941802825071179
company_3916,0.28910899066214124,-0.3886806882255098,0.1812074662554346,-0.49345394577522156,-0.33998001893516105,-0.184529326073885
company_7366,0.10339775782343785,0.12554497476374543,0.07681714931959163,-0.32227967118302553,-0.6424777076712898,0.4972183818960943
company_1645,-0.40660200548888925,2.2597287202384346,0.11678504671205144,1.947165463950354,1.1596088774622186,0.6879612174341432
company_728,-0.3647392874005164,1.5229450219980356,-0.01970966956439112,0.7613314134205951,0.4927560604054978,0.49420039007505984
company_490,0.40206045025535736,-0.4382265938509969,0.20112366366965803,-0.8012909937915508,-0.22415803931717007,-0.3965041529854067
company_536,0.20571461252235182,-0.5588900693215032,0.21998123938868644,-0.40948109922658915,-0.399861802165236,-0.21063558958060175
company_7342,-0.15172485481821538,0.04193151743851366,-0.23325854524324197,0.298794503392342,0.7287591190267491,-0.12775680520441923
company_6780,-0.21540524659558058,-0.044157213078072896,-0.2231962926358082,0.03886800163441391,0.6813543252299679,-0.2866091876534922
company_7626,-0.16430395739363385,1.7624655642402278,0.623080018688317,2.312112977578281,1.4331752293117526,0.6327012908405237
company_4770,0.007449932250649516,0.1004983196667358,-0.29574963103201296,-0.37072067353355304,0.8662546155592161,-0.43146973753474527
company_5046,0.389369202046558,-0.4432044471859698,0.20645337605192335,-0.784053078811867,-0.2342247673946499,-0.3922841359994173
company_2140,0.3548540109730091,-0.5010595223536606,0.10508166687299837,-0.6017721520252227,-0.27423285070080505,-0.2937844299066138
company_3844,0.17069875910640378,-0.692964729867565,0.17677526197319926,-0.16285657840999143,-0.42648424619158976,-0.13702706581227547
company_6035,-1.6407958220612273,6.220078306519517,-2.566093065119374,-1.2549556882858608,-2.5357817777668497,7.340376143868443
company_1976,-0.0006024759686305019,-0.49152189671167823,0.24153177777368895,0.4797975956371844,-0.6465376687657036,0.47255902033133235
company_1730,0.40206045025535736,-0.4382265938509969,0.20112366366965803,-0.8012909937915508,-0.22415803931717007,-0.3965041529854067
company_3892,-0.30499874341694183,1.009311986154988,-0.328237284105407,0.6057907558584935,1.2306452043311191,-0.07535986829622478
company_3859,0.13615523239968366,0.2476928519092843,0.11304258742387045,0.28269468689118293,-0.5905112322242301,0.6995360171068392
company_3112,0.21343586191565025,-0.5277218932717254,0.29796021231222747,-0.5264961896542191,-0.3756344401486031,-0.3167251663867419
company_1678,0.007449932250649516,0.1004983196667358,-0.29574963103201296,-0.37072067353355304,0.8662546155592161,-0.43146973753474527
company_233,-0.18669404570313203,0.33663622943909893,-0.5136630075942161,-0.17000732377808114,1.3110757414825853,-0.44867205852080094
company_2273,0.3084782121642797,-0.8311099728716792,-0.11286999786873964,0.2815940180565195,-0.3364953499223667,0.1193999283177809
company_3894,0.28845804322217905,-0.5561444256353664,0.16203392682110926,-0.4805704584447308,-0.3272149450935346,-0.2547847281700494
company_5460,0.40206045025535736,-0.4382265938509969,0.20112366366965803,-0.8012909937915508,-0.22415803931717007,-0.3965041529854067
company_4327,-0.20187987441190497,0.32190733247649594,-0.49557762532357574,-0.13718144018586542,1.2965762633185198,-0.42731702780841374
company_4564,0.3252815205844641,-0.49488216612487956,0.10788554770149046,-0.5726860983513742,-0.3040840109634706,-0.26303913533791123
company_1637,0.007449932250649516,0.1004983196667358,-0.29574963103201296,-0.37072067353355304,0.8662546155592161,-0.43146973753474527
company_6856,0.27975877097710683,-0.33398610335230594,0.06176975195898249,-0.7133528295655323,-0.3592142660541078,-0.25429070726353126
company_539,0.12864563856125927,0.11417361705637667,0.04470872969432954,-0.604182523660809,-0.5823678710216227,0.2101153829541432
company_1216,-0.202716247634752,0.33792927555985985,-0.512356346440942,-0.15424776259665784,1.2967074241438297,-0.43949078076082715
company_5237,-0.40394686753202047,1.0630065082359461,-0.686737510914135,-1.0278871200379063,-1.22106388154915,0.7009647594860722
company_7278,-0.3776344224135464,1.0315303762694201,0.3296404650427945,2.960016183868821,1.1927670105110924,1.009234480971778
company_6967,-0.9396054478074697,0.8793810106834541,-0.8712000776252482,-0.6520410062199543,-1.2370942280507815,-0.9785038955439523
company_6547,-1.7373905849160816,1.6836169986071572,-1.5289725514439432,-0.5936973169166518,-1.8586318657186462,-1.2627283857951277
company_7211,-0.5329408542895019,-0.70310433745921,0.6761086463786542,0.8744690860378556,-1.0542073961250107,0.4776540553044656
company_6338,-0.25816702458918195,1.0552255613206434,-0.23894703169947554,0.9055336036367412,0.5051391214565205,0.7884335117344762
company_4515,0.09308794166537868,0.1653571618691012,0.0562866939449502,0.35015610753462045,-0.6830191192181977,0.9302231582935333
company_4508,0.40206045025535736,-0.4382265938509969,0.20112366366965803,-0.8012909937915508,-0.22415803931717007,-0.3965041529854067
company_7197,0.08258907613406584,0.16424409268272755,-0.05174690145653815,-0.08102059184559898,-0.6620940491897856,0.5955450238464582
company_1468,0.37003118679391905,-0.4578419465579565,0.18322278386796104,-0.7266471720141382,-0.25400300391008684,-0.36015282755166816
company_5093,0.014604997811469537,-0.8228882035708145,0.22800583491139,0.16369418184525678,-0.5547272258544715,-0.02585615289389037
company_1357,0.40206045025535736,-0.4382265938509969,0.20112366366965803,-0.8012909937915508,-0.22415803931717007,-0.3965041529854067
company_5787,-0.18219013745485768,0.3271583160451993,-0.5468046672413552,-0.14446567374429298,1.31346170973382,-0.43768200027271065
company_134,-0.4431884383353586,1.9548979576480687,-0.3897458104971954,0.9793962212498215,0.951950746360738,0.8266510982349252
company_6159,0.567293053823187,3.8457293276501567,4.572593850438018,8.832016006317051,1.9541716470864148,2.6314892976210533
company_5566,0.029810177853761055,0.18261243537919453,0.163215004903463,0.03764094195819047,-0.6843524803044462,0.593726772527989
company_5090,0.3674183911150964,2.8275270848032292,2.288278035009859,5.048427625331795,1.4602361302304705,1.6766075723151483
company_5141,-0.25462900821493706,0.7201479093105487,-0.4988220301359417,-0.06760373496876963,0.53030380702564,0.1739273944316673
company_2082,0.3879256128953243,-0.44195581871483747,0.20520785208096962,-0.7840647676284991,-0.23532163323537827,-0.39299639230802974
company_3014,0.20594421005865657,-0.6849682860243747,0.15350470653305964,0.23958300532546475,-0.39873961108316447,0.05485257017484685
company_3542,-0.2705967346029629,0.3440858596080467,-0.6017920000228191,0.46077421841541943,1.194214167400948,-0.001250430475548296
company_2047,0.915834601550639,4.779971365433099,3.7079047797520763,7.963426310198041,2.7103001488958447,2.7435347335358737
company_6,-0.05292982930358998,4.3321653296104685,3.029498256687702,6.8070026705465745,1.792528341894709,2.3435372541155584
company_577,0.13441294178599286,-0.5741670039007163,0.28067154386975485,0.11298761189305463,-0.46764673712428373,0.058243166586969125
company_3564,0.3940795225572796,-0.957863352137285,-0.385199816578418,1.3079255067142028,-0.35650940812943543,0.9023269314944278
company_5508,0.1935558043078508,3.590435981144037,3.7360392712402497,8.867485155273716,2.132210839352113,2.8159672754555527
company_6162,-0.3924293745276844,1.3267599976222517,-0.29245194213556563,0.8883582504699326,0.2645952310683803,1.2963197524893633
company_2296,0.018866704991893246,-0.7101744875669709,0.32159786514881233,-0.06474046077995181,-0.5399831257328833,-0.1445942128328252
company_2703,-0.26983712403323384,-1.3267433492278928,0.10957787068720683,1.270578988203147,-0.8062608281465407,0.4132830271323283
company_2422,-0.27635370135530435,0.25686617256398986,0.004042576644774211,2.012851941760434,0.6068952690683327,0.7708230231478979
company_2368,0.2814901334830013,-0.48927144159363206,0.25846246954412755,-0.6306670444736051,-0.322210397336955,-0.34295382160746213
company_4806,0.2611289104086768,-0.1943995975437877,0.327784835721581,0.4813542623042809,-0.3513157178648242,0.2547847784107317
company_4305,0.3876680822611434,-0.4417330683001838,0.2049856554969533,-0.7840668528674727,-0.23551730979288957,-0.39312345603575277
company_918,-0.16080021782642068,0.33019454775494356,-0.5076015776692973,-0.18713833678175862,1.3311740347286254,-0.4463780194470092
company_4323,0.16696328019146528,-0.8528906159463951,0.04338963612982913,0.1528506372954335,-0.44182481552425623,0.01329540164738731
company_7081,0.25459665745868154,-0.4635891757520857,0.3002450182580585,-0.002913543876920595,-0.34381692122724966,-0.05446801128756599
company_4335,-0.536337981236563,2.521520497697271,-0.7362078002042987,0.9155394240563467,0.5676854908205844,2.01414606553783
company_5459,0.30055878292898053,-0.6715835942838021,0.08383041641566748,0.37420819870090205,-0.32183977328248026,0.12783599913208302
company_7093,0.007449932250649516,0.1004983196667358,-0.29574963103201296,-0.37072067353355304,0.8662546155592161,-0.43146973753474527
company_7283,-0.43151661251538925,0.9418148389833108,-0.7518194171743146,-0.13005998900224114,0.8985778788438414,0.39460562700909885
company_2864,-0.008360035564743218,0.09821799428903728,-0.29311073966719275,-0.35350801098914636,0.8538182264182969,-0.4287884739487042
company_3429,0.2811369620168268,-0.4654662402069664,0.1683405657053632,-0.36942215601038597,-0.34526207030108125,-0.14594307748926652
company_6453,0.40206045025535736,-0.4382265938509969,0.20112366366965803,-0.8012909937915508,-0.22415803931717007,-0.3965041529854067
company_1309,0.36677475018532024,-0.4216319076320511,0.15822202339264427,-0.7514806210460034,-0.26516254232596187,-0.33826435437536345
company_6803,0.29369341406361266,-0.3703464057107453,0.19077038821383718,-0.322019028863428,-0.32928109179928516,-0.12949195530073132
company_996,0.25041435484427643,-0.14357575280894477,0.0738106207366872,-0.4790977371174785,-0.41332421322603713,-0.00942890125141169
company_6590,0.2874273378199294,-0.5392494444418576,0.18376852587655756,-0.5210552542962174,-0.32364757929970434,-0.2853252558423935
company_1142,-0.16080021782642068,0.33019454775494356,-0.5076015776692973,-0.18713833678175862,1.3311740347286254,-0.4463780194470092
company_4154,0.40206045025535736,-0.4382265938509969,0.20112366366965803,-0.8012909937915508,-0.22415803931717007,-0.3965041529854067
company_4482,0.22061934179598958,-0.49746836471124756,0.2769140527935028,-0.3274817477939177,-0.38307097649603544,-0.17158835416518423
company_1022,0.43737230813118966,4.029286095762619,3.9746876378626297,7.798956348708467,2.3780595042389803,2.2886486585921957
company_52,-0.9639728131762585,3.5909326036440143,-0.18942280150594634,1.7880045719809734,0.5674377730060755,1.1449077624886104
company_1893,0.28310957206348314,-0.3432507573733695,0.2682787566836864,-0.590586582045665,-0.3449441723045459,-0.20958602804521384
company_5216,0.258984191581736,-0.5829930565370564,0.18696056094942232,-0.4268703633699396,-0.3485424012434728,-0.24660384955630008
company_5064,0.18872009967123626,-0.5685740733658698,0.26337518027371476,-0.4117844412966376,-0.4048436242096992,-0.2446049026150299
company_1434,0.001440609141538289,-0.17734880950768003,0.3302676069713885,0.2144540014458258,-0.6544423224525775,0.44249311555248017
company_618,0.2668174007077777,-0.5502090918317978,0.19748666376062268,-0.48787838863325284,-0.34178662107514934,-0.26844349653609195
company_4210,0.1743330699971329,-0.5766152092236351,0.26877742690449935,-0.392620665410484,-0.41383256113735234,-0.25004796606093255
company_6760,0.30364495775243167,-0.7416797599179861,-0.029732284688013172,-0.11452257565171194,-0.3312542402933182,-0.07384558465577386
company_2569,-0.7412750685719303,1.5226214441128854,-0.9585640229213314,-0.0727628130653243,0.6010606366191347,0.5639826395045313
company_4671,-0.11549938821738504,-0.4555465955333473,0.8077726967422286,1.408891311915735,-0.6189317759833128,0.4866790616944137
company_3933,0.30349506703712104,-0.5586408767393304,0.1605740662670269,-0.495457896379166,-0.31252147316053186,-0.26845710993934946
company_4229,0.18591102511502164,-0.3764497382021842,0.3740960110280681,-0.28874850265832863,-0.4135457946825958,-0.12223195135745955
company_4076,0.007449932250649516,0.1004983196667358,-0.29574963103201296,-0.37072067353355304,0.8662546155592161,-0.43146973753474527
company_145,-0.6188780236262326,0.27307312792572225,-0.18211763273387796,2.247592840423892,0.9224272209505647,0.7487848470627505
company_1493,0.3693956681700075,-0.43563958276946263,0.2033833154566105,-0.7695475388435432,-0.2530862376864765,-0.3794914045490342
company_79,0.3882351221896149,-0.44222352792877906,0.2054748956819433,-0.7840622615156041,-0.23508646232680971,-0.3928436826903076
company_1053,0.40206045025535736,-0.4382265938509969,0.20112366366965803,-0.8012909937915508,-0.22415803931717007,-0.3965041529854067
company_1849,-0.17774968219643839,0.7035471260187961,-0.23530392676257872,0.19810292342649677,0.7257319130335603,-0.1745746145926418
company_5683,0.40206045025535736,-0.4382265938509969,0.20112366366965803,-0.8012909937915508,-0.22415803931717007,-0.3965041529854067
company_2001,-0.044645469182147575,0.9622032580762808,-0.007899158495897772,1.3732266123922248,0.8158546963112328,0.53228192852743
company_1157,-0.5045328122590557,0.9836140809049508,-0.2696428815705759,2.1274341549109423,0.8156821853079503,1.5857735405486342
company_2303,0.351973548792188,-0.4736847641032221,0.20005003264993035,-0.6923040651198776,-0.26880517425649736,-0.34722488881258795
company_561,-0.2575710238213331,0.3933837038462558,-0.47672304726828285,-0.28642485792326394,0.6759195555243132,-0.5513005476850747
company_6393,-0.16607360124382708,-0.6049396707675188,0.35966575438325193,0.7564479716251464,-0.7783865811510638,0.5561708377006321
company_3066,0.2992014201556943,-0.27309600873496115,0.27313631935949817,-0.5001506485465267,-0.32754365063808055,-0.17286138465726064
company_5350,-0.28172515086717426,0.7015824943313023,-0.601264744475319,-0.35499121621840696,0.4772658640485807,0.1409252380687699
company_1204,0.37743240504517683,-0.4485058634084041,0.2123224988790751,-0.7669499192058103,-0.24389010198469466,-0.3870508552677703
company_5060,0.05217106127274811,-0.6305456779123726,0.36510779127495396,-0.2432996953353443,-0.5069157743775679,-0.2252322087417747
company_929,-0.48951468945375787,0.7755471709050632,-0.5103708753216868,-0.6569274667194219,-0.9999394677995526,-0.3133173206830169
company_5617,0.1464289747714063,-0.7398715392606873,0.14449672411700554,-0.04571402034724077,-0.45239341635812996,-0.07573208002897171
company_7345,0.32238619679896136,-0.2837920317462926,0.11655707067493305,-0.6576071264070456,-0.31050401623557206,-0.25985887284979237
company_4960,0.01971734205480419,0.15126634117128562,-0.21264818474340644,-0.5513855939253904,0.00548527170692595,-0.22675119436331445
company_6606,0.40206045025535736,-0.4382265938509969,0.20112366366965803,-0.8012909937915508,-0.22415803931717007,-0.3965041529854067
company_7475,0.1302222971926403,-0.5777191347095257,0.3155597804663165,-0.367756453350633,-0.44916406252228747,-0.24323918297507183
company_3808,-0.07377534457462048,-0.957295830900127,0.19800113146265033,0.4718292622592163,-0.63264409731261,0.09711589252645006
company_1557,-0.5509224855405884,-0.9530969259362003,0.7030893476281052,0.8953417720466536,-0.9909613062672088,0.14762727150129168
company_6421,0.3444304159356343,-0.503476879294865,0.032995091629685586,-0.5402218454592971,-0.29284278488198995,-0.24034619339315919
company_1124,0.34447283545827223,-0.5338408250777487,0.13202333662775842,-0.562957357229381,-0.2778227300318561,-0.2971351937802093
company_4858,0.29674136153768116,-0.23040615589511873,0.14451473998354933,-0.673271778528317,-0.3598527809962888,-0.1482192868135458
company_5960,0.12119659718947515,-0.11563573723531087,0.04791497161389982,-0.20675859496104373,-0.6197014680999124,0.4875234837312802
company_4950,0.19242741571604935,-0.5829652190336703,0.27036530130112263,-0.40696564199970636,-0.396184484420386,-0.26456778428091265
company_931,-0.6399440137876408,2.598997705905734,-0.6423198937457926,0.7286599905031433,0.5628051547456122,1.6136694040153137
company_7628,-0.16080021782642068,0.33019454775494356,-0.5076015776692973,-0.18713833678175862,1.3311740347286254,-0.4463780194470092
company_3406,0.3057118846446805,-0.5345960384417382,0.10389474149985216,-0.4939502378624059,-0.31959276369317136,-0.23870264069730698
company_3852,0.17570777002491683,-1.0160742881326987,-0.06175635330656115,0.8819661898741277,-0.4441177540769629,0.34746465378147834
company_6818,-0.8253108591939049,-0.14517090414823647,-0.143146590084569,3.001646982767975,0.7829613226173786,0.8883478875670412
company_4500,-2.43212356919401,5.403558510360168,-2.7850150736396326,-0.35758808849702683,-1.6106957271217741,3.5254466041284647
company_7318,0.40206045025535736,-0.4382265938509969,0.20112366366965803,-0.8012909937915508,-0.22415803931717007,-0.3965041529854067
company_3319,-0.49522668427686306,0.7354654805743852,-0.30552852614881343,0.9176523317190602,0.9782108599326771,0.3841252858072424
company_5885,0.011510968649326351,-0.7389552807903166,0.30998668106514166,-0.005619400445896384,-0.5486829031877449,-0.11391448259072372
company_123,0.2637053149497387,-0.5364551085905779,0.19105157084709495,-0.49263999573070144,-0.3499295999446288,-0.2484252616907013
company_181,0.3423738698238477,-0.4549911213173568,0.11040526485622328,-0.6506004442362464,-0.2894308378522559,-0.2924276068857067
company_1128,0.26077909229166546,-0.5841082934658328,0.18836096855769255,-0.42704304692071,-0.34740700467575,-0.24486630071573437
company_5790,-0.2976575299449343,2.214890766756089,0.5766065730926748,2.55752549379208,0.2554182133038905,2.674186168302782
company_3905,-0.1483395239779115,0.41368347609990197,-0.4105167016238351,-0.32417518982812504,0.6902026396996515,-0.2322002609109274
company_1889,0.34471887885664193,-0.42693205570446185,0.10853604348254477,-0.7181067077685651,-0.27313956012121016,-0.37699919294897666
company_3132,-0.23112637761181554,0.29551161655359814,-0.4706750311773956,-0.08375762076500672,1.275082252114311,-0.4177583675314802
company_322,-0.2848712205296484,0.3250966622068625,-0.7002184019727594,0.9599548867730091,1.1953821632425263,0.15258932136663025
company_574,0.40206045025535736,-0.4382265938509969,0.20112366366965803,-0.8012909937915508,-0.22415803931717007,-0.3965041529854067
company_5727,0.2614968470534416,-0.6008807434961599,0.11545348624878136,0.3118556139569877,-0.3628988888739641,0.14120252069896672
company_4241,-0.132060823269967,-0.9313852591029256,0.294520965894421,0.4335221083407883,-0.6697905928451839,0.04482031528646401
company_2055,0.280476622343679,-0.4911758219205421,0.2585307571060505,-0.6294845270103774,-0.3215278137984024,-0.34887244292698366
company_5661,0.31361573307932566,-0.4714819734407712,0.2381172193218871,-0.6814489222601646,-0.295334100428796,-0.36300841092764774
company_1509,-0.6960108893375266,2.911544815485657,-0.3606062636576373,1.0722508758401021,0.650582773577122,1.309779975304009
company_218,-0.6767410182432487,1.1871139992995046,-1.0125938032452553,-0.440805196057702,0.11949376570621426,0.14319510936280858
company_3187,-0.19910944363190397,0.3179259660467992,-0.5315699360039223,-0.11336526609453225,1.295557168184899,-0.4093940985421213
company_4430,0.32169553614882723,-0.3600209073544348,0.14656879206712267,-0.5595663560001347,-0.30988200754354633,-0.22396874323986918
company_5258,0.22799519193685117,-0.04792457775931368,0.06526766313489335,-0.4297618389834677,-0.39963581222805655,-0.10971164360187625
company_2696,-0.5183612456713669,-0.13480811018760058,-0.5703947727561532,0.9148957207192738,1.018454871316977,-0.005421964095008101
company_1175,0.01366070486972251,-0.8054113753462013,0.24959241181690514,0.12292895925496096,-0.5514371729523401,-0.055074738609133096
company_5412,-0.08141693812008916,0.04496511189654166,0.3404585417386046,0.44583001314009896,-0.8735622438956784,1.1617182585002361
company_5994,0.32911458640758734,-0.4684826391776093,0.23505738305899618,-0.6988567387242234,-0.28336911388338504,-0.36496656340585965
company_3084,0.40206045025535736,-0.4382265938509969,0.20112366366965803,-0.8012909937915508,-0.22415803931717007,-0.3965041529854067
company_6234,0.39024102593658294,-0.4439585288649351,0.20720558283634546,-0.7840460196083691,-0.23356233941555207,-0.39185398448079545
company_1388,0.10596960202538724,-0.5910267477599627,0.32799899435071994,-0.3322547247281216,-0.4671986518304522,-0.23886858483664367
company_5900,-3.2308562339479967,5.293837025817575,-3.5599624570936936,-0.6002700420975168,-2.0120623264887167,2.0954228059760434
company_2629,0.30569962657348054,-0.49134953982039337,0.10640545653893967,-0.5565959758659964,-0.320718604116683,-0.2572496141626767
company_3972,-0.06732798469265674,0.4788077817014064,0.4378380498844907,1.1283897402986174,-0.8976406966487456,1.6848289669794512
company_1026,-0.754089400300623,-1.2230952872372078,0.7228491907681039,2.4072988787844567,-1.1830959253609976,0.8675896569133273
company_1517,-0.12702748983445844,-0.4780529313996839,0.854615856186871,1.6351771471667145,-0.6181361183245477,0.5517450253998955
company_1,-0.2985933682525622,0.2408656607886535,-0.5592904367072539,0.14061367403768593,1.1969747392589232,-0.2600901767147108
company_5807,-0.1335400339064989,0.7152609290325322,-0.03152691638317533,0.736735567931754,0.7451787195146479,0.1826715925399163
company_5769,-0.013088315121219942,-0.6321710226627693,0.535645572630677,0.8223848745307779,-0.5457005940210573,0.21645206384760876
company_6926,0.20372560923761635,-0.6098396592551069,0.2189419196811084,-0.3428122543803766,-0.3953286487401423,-0.2114574966903099
company_6951,0.24587879426315606,-0.506814289082362,0.2767386872024773,-0.5787280848407815,-0.35028916552496925,-0.3300129782918012
company_4813,0.18341306661398377,-0.532817590601673,0.3043290810956123,-0.4924203266721143,-0.3997357979381945,-0.30892549420824567
company_7624,0.029228425808602188,-0.644553383912592,0.3785305233825469,-0.20797277009517864,-0.5241811550794082,-0.2193714970068491
company_6484,0.3085427714401834,-0.47374140456719793,0.16501371299914125,-0.3968251492360153,-0.3149824788736787,-0.18549624320164948
company_1664,-0.2204368299205332,1.941475685627158,0.15702833676328604,1.4032785768321945,0.5167831433124801,1.2711688177075429
company_4085,0.3761547207785566,-0.4462070630881958,0.2108154721769622,-0.767471348910702,-0.24548442651005983,-0.38535549221009613
company_3000,0.08660888988311433,-0.6464172473834346,0.3013925011300275,-0.21325803854055622,-0.4871642982237345,-0.18340809482530124
company_1705,0.007449932250649516,0.1004983196667358,-0.29574963103201296,-0.37072067353355304,0.8662546155592161,-0.43146973753474527
company_615,0.3365012421253811,-0.4844510042977655,0.13878900754684131,-0.6148409321849478,-0.29336698194815986,-0.2794842522145741
company_5471,-1.0581883350659775,1.564712350514749,-0.9913198481219379,-0.527803204813762,-1.511462044124902,-0.17963504913934117
company_5995,-1.0212975815425946,-0.44777812479566187,-0.3285390271537944,1.7607395782193158,0.6162590415471011,0.24051226865843398
company_2750,0.32957200559767325,-0.46872503162521184,0.2354000919525159,-0.6989186512091508,-0.28310160926296585,-0.3644422799230686
company_3856,-1.6656211754864025,-0.681307953482712,0.13549864271167697,2.9751953192193086,0.09892799242039359,0.6693135737586052
company_2386,0.200681558674849,-0.5595808041699935,0.25225755191954985,-0.2053979454888538,-0.3997031490263108,-0.1304822208368169
company_4031,-0.6062145980195736,1.3564846441208647,-0.878169406168476,-0.40625171351558215,0.06595000768921563,0.6603838148228209
company_1610,0.28733311119551724,-0.2546846272049151,0.3860506941892868,-0.1670548008372856,-0.3127003547339274,-0.10034311719374849
company_5896,0.3216545696689611,-0.2643052543466032,0.12040550604774915,-0.6551762881637283,-0.3296661892799902,-0.18191563639743363
company_6544,0.050215707779372114,3.7205895021158537,1.0254876303403226,3.7432690213976474,1.2997579077064956,2.8600629086227998
company_3927,0.3746649620916847,-0.4464411688394292,0.21004628577747408,-0.7668314631313167,-0.24582100397671333,-0.3890573143897582
company_7029,0.24359003997932216,-0.6535617292560404,0.061869783470547585,-0.22295730434416497,-0.3799721032924724,-0.11157267577695947
company_2617,-0.45307683621604283,2.167480017062224,-0.8013924073449789,0.030832182994012705,-0.09959628175077065,2.1600712014255374
company_3749,-0.42188322816434887,-0.9437875819288678,0.5697044991289704,0.8298833928630726,-0.8978718114699972,0.1732811033607592
company_5010,-0.004371854734493507,0.09476842823458338,-0.2896697503660963,-0.3534757184810042,0.8568485202630588,-0.42682073475240667
company_1253,0.046795673562830695,-0.7394658855530919,0.26558441063992294,0.20899343129836848,-0.5265884565853731,0.010579811388604867
company_1840,0.0789982739270283,-0.6321586919383676,0.32713297859624535,-0.014641902710390604,-0.49560835541472925,-0.07974299120919158
company_7179,0.007449932250649516,0.1004983196667358,-0.29574963103201296,-0.37072067353355304,0.8662546155592161,-0.43146973753474527
company_7266,0.389369202046558,-0.4432044471859698,0.20645337605192335,-0.784053078811867,-0.2342247673946499,-0.3922841359994173
company_7552,-0.3545958800223329,0.6035891954349277,-0.22877033197504623,0.8159850504994208,1.1644276557162254,0.08136768280550125
company_51,0.3876680822611434,-0.4417330683001838,0.2049856554969533,-0.7840668528674727,-0.23551730979288957,-0.39312345603575277
company_1355,-0.3733820413588181,0.875063699417504,-0.039004217996560155,1.2370042351511708,1.1462296014675049,0.34447220887236846
company_7533,-0.1725153880085859,0.5549408237196225,0.006290791380646267,1.4651124348807019,0.6947586716726369,0.5673659764875417
company_6135,0.2787728287710298,-0.26623364358163193,0.30896516796259904,-0.508294551903991,-0.3422262373680586,-0.1820732581718829
company_7506,0.3720060348838938,-0.18541090307484617,0.328972605357526,0.3196426554742595,-0.23908663427290955,0.12009797872931234
company_711,0.3772886336571822,-0.4461254812579017,0.17251371588475992,-0.7448019612468735,-0.24912987725447908,-0.3630816909336205
company_1272,-0.1172793539144944,0.2528189295900904,-0.2530404576552258,0.21303968152427355,0.7387521882063333,-0.06554281868442215
company_2385,0.3651388850711715,-0.45291384843180954,0.21768557105430492,-0.7501000732565191,-0.25413199695383865,-0.38085398250603697
company_6725,-0.0834815277261961,-0.8177598500189708,0.31346466795070443,0.21385501690439693,-0.6322608384190835,-0.019437137469951554
company_6892,-1.10008751964563,2.4850963693711052,-1.6317230638889053,-0.08147557519565897,-0.009153011297271129,1.7454524570654546
company_1643,-0.23169420431514326,2.7917726728540218,0.81738237947042,2.481533480737151,1.283325136013434,1.2273525974371464
company_550,0.33685465699691547,-0.4753635390721647,0.2028786307574651,-0.6755992990607795,-0.2813429249526558,-0.3418659326115007
company_3358,-0.06108814170886537,-0.7313109890725872,0.38736787202630657,0.013213023401797962,-0.602164565720143,-0.13020265582236415
company_1699,0.2720520694970653,-0.2880663179316144,0.32340924038175034,-0.4860027984378691,-0.34164983633770246,-0.1976856792377749
company_5225,0.40206045025535736,-0.4382265938509969,0.20112366366965803,-0.8012909937915508,-0.22415803931717007,-0.3965041529854067
company_5788,0.2477580462215467,-0.4231299679816513,0.2517366136316029,-0.44480294165238204,-0.3658013166903611,-0.19510937270812095
company_5325,0.40206045025535736,-0.4382265938509969,0.20112366366965803,-0.8012909937915508,-0.22415803931717007,-0.3965041529854067
company_7216,-0.2712920529982936,0.5215661854808418,-0.5976518421619291,0.43358037567588836,1.1845601102758316,0.04401942481918991
company_4549,-0.4109849729020864,1.4634332198637063,1.2105344316438627,4.191285089763577,1.285515244260343,1.2845202277341876
company_7128,-0.2619896574835754,-0.26464723615660274,-0.4119910782317983,0.5284291176716729,0.6200480946540395,-0.039297327488499574
company_691,0.2148144721475615,-0.5297508721622859,0.29943325775873614,-0.5261268466265064,-0.37414997100097713,-0.3176749219694518
company_1695,-0.28374636136576237,1.3043316290080555,0.28956177633899643,2.504460216772712,1.2565894382418423,0.8988517869618892
company_1061,0.40206045025535736,-0.4382265938509969,0.20112366366965803,-0.8012909937915508,-0.22415803931717007,-0.3965041529854067
company_3775,0.3191147795787563,-0.4771156855713096,0.24315918541920342,-0.6810287583155336,-0.29069754933417286,-0.36200461647785936
company_354,0.28744580668393144,-0.4931353089081971,0.15326465336455686,-0.32623626241995435,-0.3415758418441373,-0.12489561006170867
company_2687,0.3881358902021324,-0.4421376974937749,0.20538927864957005,-0.7840630650021811,-0.23516186063337366,-0.39289264302576055
company_5029,-0.4147127361170125,1.3195106182365508,-0.17653034299923634,1.4195699750259356,1.0661258245484053,0.6321809119383075
company_1227,-1.6235974107568623,3.021815469831735,-2.0345638832681647,-0.45810352606967686,-0.4012646827662217,1.3133311090015853
company_7519,0.21373148790051744,0.15936313750646802,0.3543035704122823,0.7764138115150768,-0.4607877642151842,0.7070618346987757
company_1990,0.11697214653124778,0.062233773664446976,-0.05196476675749678,-0.3780654699628099,-0.6486559728678125,0.514256061373717
company_798,-1.801709559598918,4.362383070574486,-2.3414458482609084,-0.47915208112942487,-0.99194840966965,3.1460760186618084
company_636,0.32604195651799783,-0.4226939511735496,0.07928332120737394,-0.6690220877045264,-0.30257388103242955,-0.3066501214556133
company_4052,-0.1343541105781687,-0.5935085552463532,0.5272692582887835,0.7528872776942492,-0.6921740454308544,0.3508094782374782
company_182,0.15660088748152468,-0.5784696175512868,0.3090970304255199,-0.39800912746220746,-0.423131398732319,-0.2703691335208971
company_2393,-0.338187865987891,0.2818624742179796,-0.5110406173399527,0.32676160071948024,1.1599067194007069,-0.15208563544311712
company_2625,0.2617742012909748,-0.1390371919416288,0.15201829424302454,-0.5965383972993934,-0.36530822216722336,-0.20104559016714146
company_3114,0.34208472581826227,-0.4653375731194017,0.23050782364809394,-0.7154109498689547,-0.27225912403061087,-0.37214999499917883
company_4854,-0.3304140996214998,0.2713340142227817,-0.5030437209740809,0.3284535134183222,1.167800691916458,-0.1556629723631522
company_3574,0.33033511784200936,-0.3403066912169,0.11081080933928358,-0.7230295234587754,-0.025962080085802,-0.4028595795652892
company_6112,0.22786779774422317,-0.08780613944672531,0.048369844737005924,-0.5494518696532253,-0.419174487397397,-0.0942393364543206
company_6933,0.3795641366167379,-0.434723582774842,0.19799359785313767,-0.7841324709379276,-0.24167483816228144,-0.39712188343107296
company_196,-1.0703788572324737,3.662000385225299,0.18268265973515116,2.625623097611566,0.7948173134420442,0.3210670510918464
company_3919,0.40206045025535736,-0.4382265938509969,0.20112366366965803,-0.8012909937915508,-0.22415803931717007,-0.3965041529854067
company_445,-0.15133572169744705,0.39673860773394365,-0.40418327009130894,-0.14539838900812227,0.7257526476623871,-0.30398580226101324
company_4627,0.40206045025535736,-0.4382265938509969,0.20112366366965803,-0.8012909937915508,-0.22415803931717007,-0.3965041529854067
company_2406,0.21875111131343233,0.002181521059856488,0.345192291390931,0.5031184917695528,-0.41881726992225454,0.41273433684831123
company_6737,-0.16080021782642068,0.33019454775494356,-0.5076015776692973,-0.18713833678175862,1.3311740347286254,-0.4463780194470092
company_4038,0.389837009987547,-0.44360907637956093,0.20685699920454007,-0.7840492909465755,-0.233869318235134,-0.3920533229894251
company_4390,0.2945977315880649,-0.12391437255176416,0.21767445194838975,-0.45707286418044973,-0.3402817116987601,-0.11038630086125677
company_3809,0.052357329154731694,0.30218404793522385,0.15214856171979219,-0.35608781360531483,-0.6768107608768459,0.4750129157584804
company_4130,-4.032204435481565,6.4579010005152995,-3.840478278150461,-0.14082326880661686,-3.1318770543849848,1.7255812283554548
company_4714,0.3201055206719367,-0.32498439549329383,0.14695291422334725,-0.39304606476371323,-0.3098093219212888,-0.14984058487095545
company_3251,-0.1887402816152276,0.38056282428131094,-0.345650542757258,0.06843733106737694,0.5921667321760216,0.2042588806493037
company_5757,-0.006375395815092921,0.09650138558895362,-0.2913983990197277,-0.35349194125760636,0.8553261925495764,-0.4278092672396462
company_6337,0.40206045025535736,-0.4382265938509969,0.20112366366965803,-0.8012909937915508,-0.22415803931717007,-0.3965041529854067
company_5224,-0.16080021782642068,0.33019454775494356,-0.5076015776692973,-0.18713833678175862,1.3311740347286254,-0.4463780194470092
company_275,0.354852354217017,-0.46064089844321426,0.22531693371848335,-0.7325561428760003,-0.2620219957390093,-0.37675145701396434
company_6219,0.3745580718087264,-0.44345100464561843,0.2089717606277973,-0.768073017196978,-0.24741584556449728,-0.38346411949850406
company_6340,0.2845088554756439,-0.42991254291098213,0.21430660828616188,-0.4531150733996014,-0.3373751079687818,-0.19175029077826433
company_2152,0.1343047737728565,-0.5465113319114999,0.28841279619067633,0.05705201247508028,-0.460658220051069,0.009109876367656656
company_6554,0.3057190305005601,-0.481991738959542,0.24805311426714302,-0.6635792315717398,-0.3010344473047665,-0.3591211237784206
company_1852,-0.5614533559753594,1.3339442895276916,-0.7578162667405876,-0.8258190079964697,-1.33524507582399,0.7207224942973911
company_3757,0.2101672205217204,-0.5763356904280951,0.22843131151963283,-0.40362446506384536,-0.3893775925164168,-0.23492610651733037
company_2525,0.046233640027119396,-0.8225184110402051,0.18523371682563433,0.1541751350474028,-0.5316147575450318,-0.019720803714204368
company_1897,-3.0271727973006293,5.049977860783252,-3.1643575797844377,-0.23905990915057473,-1.6803360413089643,1.6831739082754773
company_1365,0.007449932250649516,0.1004983196667358,-0.29574963103201296,-0.37072067353355304,0.8662546155592161,-0.43146973753474527
company_7231,0.37917429666591373,-0.4343863917801827,0.197657245225957,-0.7841356274923372,-0.24197104579521136,-0.3973142276060665
company_6171,0.3876680822611434,-0.4417330683001838,0.2049856554969533,-0.7840668528674727,-0.23551730979288957,-0.39312345603575277
company_1138,0.3377119329175847,-0.4576607935287572,0.22541477273243452,-0.7171138516701898,-0.2776159761663809,-0.3667193201502717
company_5767,-0.3209158746561885,0.7891399382370053,-0.674457488006765,-0.10907052804628901,0.39538702350751354,0.44103099315131833
company_4481,0.35502153285357474,-0.4608153484942317,0.22547243276096177,-0.7325427333521692,-0.26187876241777824,-0.3767227738091721
company_4244,0.3346100567152276,-0.4059439769051122,0.10653442623269792,-0.7129218714149794,-0.2959742264179859,-0.31656058447930846
company_316,0.1507546093025502,-0.14252168986603103,0.7229172802900851,1.6037470598355494,-0.4068833357287108,0.677023055425831
company_917,0.3299158996816707,-0.45500689871237193,0.19202566923436037,-0.6818017369288595,-0.2941134742288251,-0.31732004015586984
company_7599,-0.5614871892493886,0.9870612547784778,-0.7507057935151065,0.01785202888702907,0.9974933862614215,-0.37879414364818126
company_305,0.08646462751586576,-0.6186390924553854,0.3159316529031821,-0.03364439952729341,-0.49161275372709085,-0.0787034673492819
company_654,0.07756675502681207,-0.7934494812087398,0.16061343025991762,0.09885089269351206,-0.510874404079675,-0.019524909081495064
company_2612,0.36510715132830207,-0.44445393485834933,0.17587969036420742,-0.7305957228660942,-0.26251291848713576,-0.3447952906778351
company_5332,0.40206045025535736,-0.4382265938509969,0.20112366366965803,-0.8012909937915508,-0.22415803931717007,-0.3965041529854067
company_1756,-0.16080021782642068,0.33019454775494356,-0.5076015776692973,-0.18713833678175862,1.3311740347286254,-0.4463780194470092
company_1925,0.3410153939888573,-0.4150708921466191,0.11327677137567084,-0.7113343464436733,-0.28923384568782656,-0.32038848500159645
company_3274,-0.17462554589216311,0.3261976136771614,-0.503250345657012,-0.16990960450581194,1.3202456117189858,-0.44271754915191014
company_31,0.3892935967227618,-0.44313905256882374,0.206388144027258,-0.7840536909921162,-0.23428221372346056,-0.39232143911214334
company_6929,0.3876680822611434,-0.4417330683001838,0.2049856554969533,-0.7840668528674727,-0.23551730979288957,-0.39312345603575277
company_1351,0.02394900886202911,-0.7372691297295206,0.30562860573790657,-0.021356212166616942,-0.5369747389879008,-0.12509974914551925
company_3457,0.19043059940598236,-0.659868472000593,0.18310177627404647,-0.23881778624982947,-0.4074688087349485,-0.17390401370512892
company_4087,-0.11435473717438031,1.1709114943728796,0.2159363739428961,0.7351884327880137,0.8102621247177751,0.08474035723382424
company_3041,0.17893638527356226,3.0368451054605146,1.990512464962334,5.809604951642871,1.8774727284731845,2.0273426231435647
company_4754,-0.07761345033925388,-0.552937932460771,0.5435665719480652,0.8202467515615858,-0.6292841550753807,0.335314398518427
company_7393,-0.542192708959467,2.5199497180255346,-0.23526372520846958,1.2745616004694784,0.873139017985185,1.0239808909079433
company_3341,0.3186120149754528,-0.47625340500750357,0.24258051124843785,-0.6812158322956984,-0.2913028206448024,-0.36141989476873637
company_6288,0.40206045025535736,-0.4382265938509969,0.20112366366965803,-0.8012909937915508,-0.22415803931717007,-0.3965041529854067
company_6707,0.2989141564922116,-0.19902885181129584,-0.0497752184764923,0.12433843082121888,-0.42066176545214806,0.4353373754626171
company_3034,0.22623735103944148,-0.5625916937294578,0.18313454973224338,-0.40272460815031846,-0.38680123614880746,-0.19506017417653676
company_1807,-0.4858438173116084,0.6883231398326161,-0.4782500183555467,1.3402449552588642,0.9443777416279296,0.7089659614534702
company_1241,-0.1766101856418134,0.32791422237724505,-0.504962686304477,-0.16992567423735194,1.3187376455877062,-0.44369675586096813
company_6011,0.2696047587648209,-0.4861087941243515,0.1556027680194798,-0.5373519934186305,-0.35689526463474375,-0.22061480951328105
company_4997,-0.07070332596923737,0.20177151616334105,-0.3179445137506687,-0.16278887970815428,0.7731145987759074,-0.2288152707741883
company_2872,-0.5234415785445402,1.2001292697110897,-0.7390722537395404,-0.11668477789569641,0.27129663085231037,0.26602484063205095
company_3051,-0.15790113465361943,-0.7167780519135926,0.4984129521371799,0.02526147672233796,-0.6715084564173132,-0.16389838555223127
company_5273,-0.3321414346092923,0.11141531799104176,-0.6673479555934401,0.902133892983693,1.1377609281145542,0.1723709161407878
company_744,0.3703661207294038,-0.4565687638037885,0.14406199674141365,-0.7041985599499618,-0.25851698457559613,-0.3372980049843501
company_2675,0.3417243508768122,-0.6318343273479068,-0.015487802972657559,-0.32876773773100226,-0.29498410022699817,-0.16834377833955944
company_7350,0.40206045025535736,-0.4382265938509969,0.20112366366965803,-0.8012909937915508,-0.22415803931717007,-0.3965041529854067
company_5343,-0.36941386201329174,-0.6269886563911914,0.5872434328678952,0.8605921969403688,-0.9235922207767966,0.5123735932559219
company_5996,-1.0757249891180027,2.290963341506826,-1.2669558517457535,-0.002551434002533058,0.28209969025847753,0.7436610530748565
company_7380,0.40206045025535736,-0.4382265938509969,0.20112366366965803,-0.8012909937915508,-0.22415803931717007,-0.3965041529854067
company_5499,-0.33669145169969916,0.335519020905783,-0.4053106429960747,0.17925766875089383,1.174422009740086,-0.24756485942540235
company_3054,-0.20295329686829547,0.26094863082210534,-0.4980327822674093,-0.3295784611189411,0.7049264685377786,-0.5160315001754946
company_7082,0.3156944162630894,-0.08178340886996278,0.28696937671591966,-0.1986206183502159,-0.2838854485195302,-0.12767741106335023
company_6847,-0.481679287413065,2.6964104367706594,-0.1243812277995701,1.2340448953107626,0.8605490549064123,1.3056799296406016
company_1421,-0.17711107091196326,0.3283474617158376,-0.5053948484678848,-0.16992972993150246,1.3183570636593356,-0.44394388898277803
company_6248,-0.1916441653774255,-0.9362746963242119,0.3446446346575143,0.4761212268800681,-0.7166683236439383,0.05211271699365473
company_6206,0.40206045025535736,-0.4382265938509969,0.20112366366965803,-0.8012909937915508,-0.22415803931717007,-0.3965041529854067
company_3855,-0.24629160145308038,0.27737553902216333,-0.5962317311406958,0.053489197537088355,1.2378026221302296,-0.28285039862059835
company_3413,0.23191514644707367,-0.09391612226085312,0.13918906258827626,-0.4787387300025649,-0.348984723660955,-0.3132085801664784
company_4935,0.3876680822611434,-0.4417330683001838,0.2049856554969533,-0.7840668528674727,-0.23551730979288957,-0.39312345603575277
company_7528,-0.2745348950363317,0.30275663268229114,-0.512184919274754,0.4336662407048779,1.222493760220967,-0.1296456063608463
company_1347,-0.30948399936375726,0.1348879196977364,-0.5919727529058646,0.3118260526215091,1.193332359856966,-0.22352765912345932
company_7067,-0.130324764462609,0.38094346982983324,-0.2844303817192787,0.2892098551567797,0.7168974597286895,0.020650514675432555
company_5455,-0.44269424652966155,0.10522906349467209,-0.4712432371937192,0.4316418962486679,1.0881199305320441,-0.19513564647945564
company_4610,0.22542528647401006,-0.1032666134250303,0.04134857823279531,-0.5524568162837693,-0.4030931335222958,-0.17125306270761123
company_5563,-0.5012032963958688,-0.0813778246233881,-0.5289716618527927,2.4151285752523552,0.985506432288543,0.8815377258454975
company_4208,-0.35323461375531784,-0.8554765023175888,0.5628808288953814,0.4013114743868368,-0.8335277017335034,-0.03060822811610207
company_5679,-0.2361235962692137,0.39780773171272865,-0.5906030028983098,-0.14466887413910257,1.2511878470471456,-0.37596189977242583
company_7115,-0.03817606683703487,-0.7610236726009122,0.33265071906717164,0.06386531562161062,-0.5874910901156568,-0.0988885886262988
company_6691,0.35404849462761095,-0.4598092229473698,0.2245771347928975,-0.7326210441956198,-0.26270402120266345,-0.37688235221518446
company_2928,-0.006734241512873497,0.312463890657985,0.14360804262625718,-0.08247668106243392,-0.7292589601928895,0.603117217434312
company_4999,-0.49813802747232655,0.033394688257304905,-0.5134368380224674,1.5467287615212368,1.0074723032241066,0.4255973995395524
company_6469,0.3288847627984941,-0.4688335892043685,0.23504544791045698,-0.6986232239602015,-0.28325658280265875,-0.36615106785272544
company_5866,-0.24757875977632193,0.3249170216489374,-0.5718652521073646,0.18092125750789184,1.2441465569394417,-0.24491093065654507
company_5876,-0.600436709445945,0.30089731550046606,-0.4637751925014117,1.1285964319226938,0.8585970754645611,0.5135970030510872
company_7497,0.12613251180228546,0.0586715900360054,0.02828928567377667,-0.2010093669205713,-0.6386735793431794,0.6000929648490955
company_4681,0.40206045025535736,-0.4382265938509969,0.20112366366965803,-0.8012909937915508,-0.22415803931717007,-0.3965041529854067
company_3800,0.35817189553529283,-0.40992095303915166,0.14935203329171173,-0.753378503546911,-0.27392956208379216,-0.3341893372608779
company_187,-0.6131565074572023,0.008796307949412276,-0.3725809530713746,0.6923186201491692,0.9546193993074965,-0.13087295637271526
company_3782,0.24771182534492564,-0.10907716867342199,0.08176551090459572,-0.7621027270441757,-0.40810518941069396,-0.16299060494833373
company_646,-0.8373109746586125,2.7871992058984807,1.4849859639345668,5.497887051365771,0.3734042699917823,4.238059729022649
company_4566,0.33640737999653525,-0.43990467836162034,0.05210166371845276,-0.6422928193979792,-0.2943432472143288,-0.2979564860584798
company_5716,0.3680747461723768,-0.4577277886890764,0.1431497610237076,-0.7028722815659185,-0.2586173357630569,-0.3445484049227461
company_4346,0.38872183146155304,-0.44264450577665676,0.2058948268407264,-0.7840583206052503,-0.2347166515850911,-0.39260354390213387
company_3353,-0.04055331124676346,0.09974339989608046,-0.29022264839702133,-0.32148081577175597,0.8255897892273045,-0.4128169155609672
company_4933,-0.07423883529597888,0.25209692371695197,-0.28092032667070077,-0.25030433920598355,0.7711579685889131,-0.26089002796892
company_1041,0.1265841563595466,-0.16489679463840443,0.10259167753370989,0.014345748658766743,-0.5909623412399058,0.49574487294186187
company_6247,0.40206045025535736,-0.4382265938509969,0.20112366366965803,-0.8012909937915508,-0.22415803931717007,-0.3965041529854067
company_175,-0.7486711378368425,-0.02555765608983401,-0.3168544534547495,2.018134020695247,0.8039518568405337,0.6078911064062873
company_1244,0.294584194781652,-0.48697029112747053,0.2542695750405422,-0.6469048127159107,-0.31062141713102576,-0.3515115643716975
company_162,0.2568126893777225,-0.49940534770522466,0.2695838907588355,-0.5963703146891947,-0.34203360632189395,-0.3333249196668497
company_595,0.11963729652966791,-0.6060406993130173,0.30195357627386105,-0.30766224746426357,-0.45909837005266,-0.2187001765485606
company_7242,-0.9843501026510217,0.1621495519130841,0.39412546548920363,3.5045987849739686,0.6959670820615333,1.0392397366791202
company_6597,0.3857495971698148,-0.4400736798901028,0.2033303928710704,-0.7840823869412946,-0.23697501038645993,-0.3940700225211755
company_1456,-0.3378219114183916,0.2126847883299121,-0.5045594053000712,0.40038195898649365,1.174686709016529,-0.18329272371939714
company_7206,0.30191374188778974,-0.47365292302892836,0.24305888105790593,-0.6657711649603207,-0.30656231747655,-0.35116412638793976
company_7122,0.3010392601379358,-0.18510988688474586,0.2289213798695135,-0.6141502838436015,-0.325195868402612,-0.2249131558431598
company_102,0.2745556661804889,-0.5111384483439909,0.20582755382122964,-0.5515437370790337,-0.3383439436559749,-0.27824095078298694
company_4859,0.36415223189714113,-0.4502383048583015,0.21621659875629906,-0.750888233216897,-0.2558334730830415,-0.3777905084523788
company_4201,0.3158577788905403,-0.5128165621254805,0.1973084768042731,-0.597314443185062,-0.29847224397775646,-0.3162338560388482
company_6335,-0.22000409589748893,0.31187422902188644,-0.5585976727474565,-0.05907157794830454,1.2708146794931936,-0.363925576907183
company_5964,0.16615204533167535,-0.5822583025669027,0.24484162957653594,-0.11802803189174042,-0.437476568902028,-0.06397550124697318
company_1196,0.33963555958985675,-0.4679768319696009,0.16303859812468668,-0.656654292922019,-0.28829693015784646,-0.30177049257521077
company_4425,-0.38652648355773445,0.15886390364384578,-0.4837387992552126,0.3021603722610035,1.1339032895586092,-0.23732001817804688
company_5969,0.3529548546900958,-0.41696009500308634,0.15963771350338657,-0.7379654827177371,-0.28061742888963986,-0.31770175417537805
company_4531,0.40206045025535736,-0.4382265938509969,0.20112366366965803,-0.8012909937915508,-0.22415803931717007,-0.3965041529854067
company_2320,-0.1766101856418134,0.32791422237724505,-0.504962686304477,-0.16992567423735194,1.3187376455877062,-0.44369675586096813
company_1975,-0.5187607356531305,0.13945962255633623,0.10889054226656143,1.3239875376222328,0.3884856633537244,0.4903407395703902
company_7174,-0.09931003715250442,0.34458316441141124,-0.3591657130724724,-0.3123495334636635,0.7413989773252857,-0.2600172601864788
company_4811,0.36394567202645284,-0.4514389006854008,0.21650593749028152,-0.7502993596552908,-0.25526996234863825,-0.3805797894361989
company_3418,0.3040435971185099,-0.43159895975465623,0.19624088113499819,-0.030329299830131176,-0.3181695603812992,-0.011396332078511085
company_5053,0.40206045025535736,-0.4382265938509969,0.20112366366965803,-0.8012909937915508,-0.22415803931717007,-0.3965041529854067
company_2246,0.32399658031138623,-0.5270903311399108,0.10089405869785835,-0.5142966554269478,-0.30912361798679727,-0.22581109788757647
company_6433,-0.42410346515056874,1.3755675116284642,-0.31822255801454946,0.9023635329415332,0.9694562937464433,0.7322523624077208
company_1137,0.40206045025535736,-0.4382265938509969,0.20112366366965803,-0.8012909937915508,-0.22415803931717007,-0.3965041529854067
company_3086,0.38190787785716634,-0.448466053971302,0.175938210414962,-0.7454730938941445,-0.24648449337300574,-0.35757829854932
company_6307,0.12778040109254254,0.06546926583535699,-0.015370870354912273,-0.6565809053172503,-0.49588849224789655,-0.17764834287053405
company_1998,0.149119722023064,0.1285016913093307,0.13048705243237738,0.1922195875431217,-0.5645899297737258,0.5890033641698919
company_2105,-0.3603821422706516,-1.5340514717188807,0.12764386650605344,2.092397926501523,-0.8782463470907389,0.7384234759354759
company_7053,-0.8805582713746081,1.5982513735224153,-1.076675098134102,0.040084043004382335,0.5940174583725086,0.14815796240594784
company_5246,0.40206045025535736,-0.4382265938509969,0.20112366366965803,-0.8012909937915508,-0.22415803931717007,-0.3965041529854067
company_2679,0.40206045025535736,-0.4382265938509969,0.20112366366965803,-0.8012909937915508,-0.22415803931717007,-0.3965041529854067
company_5220,-0.7084969704072276,0.4058224812903217,-0.4561944666705702,1.452987634943434,0.6803227091527102,1.0104054747160065
company_4269,-0.38829511216126644,0.4010213566796549,0.06369191206738047,1.289134020558096,0.4817531078671251,0.5788292475345962
company_864,-0.7121818934775463,0.47741295462991606,-0.3978344774543019,1.888748960712858,0.7325615348687684,1.0058494728853946
company_2670,-1.3766926496554373,3.190761925125383,-1.0372338433438433,1.2169664859656522,-0.43137945484283763,3.2434644006170106
company_3934,0.284307441600993,-0.2648250853200985,0.07126036664201144,-0.6078007076773468,-0.3536079675996275,-0.20308206902924766
company_5448,-0.8985742805009652,3.0982609908356435,-0.2950736977862587,1.3055861688519006,-0.08242340968036446,1.319123570282956
company_7451,0.21894037104816952,0.014598729837270579,0.22319712885053325,-0.28910495645880563,-0.4481532060474752,0.15062016386324625
company_3925,-0.24906227911735557,0.8310152661430995,-0.456315930204588,0.7057838450816335,1.241932245418323,0.07670936001141307
company_1803,-0.1800039854402915,0.3674024347453807,-0.3018573666278757,-0.017359892452608758,0.6446676258754526,-0.007914077414231536
company_6432,0.15303159757131507,-0.3534946811895795,0.14322208992876265,0.3988624870507135,-0.5298414107455254,0.5035721071150017
company_6572,0.6156479011683776,5.573844774050011,5.793065105039161,10.075650574553215,2.7706721329902173,2.8693980451663452
company_4640,-0.2671102657890805,0.501553379779904,-0.552414743777301,-0.04314868990900451,1.2142198574255856,-0.27129437067703327
company_3978,-0.18669972367232684,0.32052378140720295,-0.5362531891142646,-0.12948215889065806,1.3067803997807443,-0.4188647674030423
company_4278,0.20179862249654476,-0.5498595232511759,0.28165836248603365,-0.46866854495667937,-0.3891230398812601,-0.2824297821721006
company_3094,0.17222549675185944,-0.11777816014951487,0.0027991244549351326,-0.7079180373719304,-0.4307629744982844,-0.3247588462629333
company_509,-0.00710563045604143,-0.7531012616225371,0.3219092951494082,0.2532789633953634,-0.5671475950123201,0.013210783891645957
company_3520,0.26052522677797657,-0.5243830542212078,0.2521168065475344,-0.5533962723921733,-0.3405529091266606,-0.31269005674731915
company_7034,-0.1766101856418134,0.32791422237724505,-0.504962686304477,-0.16992567423735194,1.3187376455877062,-0.44369675586096813
company_4534,-0.29903600594025237,-0.7810392769159219,0.6360675513759252,0.8590198621313342,-0.7864149079751176,0.19927362167007343
company_6833,-0.33886570503247404,1.074301222844528,-0.6485731830060977,0.34760478367888287,0.2576579287372778,1.1737163968573823
company_4374,-0.2515992986253286,0.26509445612923477,-0.5172518098909579,0.014440016074826137,1.2504870266244001,-0.3576315726331007
company_4141,0.38067053062692036,-0.4412628255607412,0.1619205740976001,-0.7586183307540851,-0.24187036431197564,-0.3878081338111081
company_3257,-0.17486417519539488,0.32640401543752856,-0.503456234234862,-0.16991153669972336,1.320064296743677,-0.44283528710145165
company_7651,-0.9427224490419023,-1.6103441776561578,0.5371160681033158,2.1444188832941116,-1.3352043112568295,0.6220765609057965
company_5001,-0.5673894552867308,0.2739164176998577,-0.18970042209278018,2.4221319202036877,0.9615153988247505,0.8500065472883287
company_2931,0.37583177556695135,-0.444812796162428,0.2101588815507219,-0.7679513369520315,-0.24631219546892033,-0.3833424751242842
company_4788,-0.2947997403484387,1.1430057224539834,-0.31912030739103064,1.2179951620030196,1.142575764870205,0.6071712700731076
company_1377,0.10677148608951292,0.13067917199525492,-0.000841597023879008,-0.2794699049192906,-0.6520246074167815,0.5538610011753132
company_3993,-0.6151433789830856,0.027444554252824608,-0.07274233787308614,3.809074086889861,0.9622430184931424,1.3031853501510045
company_1995,0.28364172068863314,-0.4690162118787595,0.17498169838593844,-0.5938888176956996,-0.34003223177786773,-0.259511832154419
company_5853,-0.350088311503804,0.5615822186316051,-0.24402283382978054,1.091041682559399,1.1724444955721411,0.1826635908986461
company_4227,0.31721377135776907,-0.4735283594591689,0.24086032182757114,-0.6818760924614384,-0.29315692888869777,-0.35915668883657764
company_3008,0.40206045025535736,-0.4382265938509969,0.20112366366965803,-0.8012909937915508,-0.22415803931717007,-0.3965041529854067
company_7637,-0.5557366482170913,2.0094487901703464,1.5291137495780556,4.109367620610722,1.136847777315537,1.4557048611470678
company_3121,-0.4321668204953638,1.5999326416489754,-0.14007084605340367,1.0033981421791613,1.182844342214111,-0.0442398131005738
company_7199,-0.21831062826439923,0.27423191242989586,-0.5112830372775555,-0.329702810232048,0.6932576829981149,-0.5236086949479672
company_3672,0.27609497867512506,-0.1640415313267285,0.11886050248078558,-0.5784142974807985,-0.3430304176121617,-0.24048865626052754
company_2325,-0.17462554589216311,0.3261976136771614,-0.503250345657012,-0.16990960450581194,1.3202456117189858,-0.44271754915191014
company_2370,0.31284143244758356,-0.5021583878405345,0.19197737033465626,-0.6007852238369019,-0.3049686321387867,-0.3020389498990062
company_4755,-0.2811497106166433,0.7501309588702584,-0.4788650232532506,-0.14859251757579703,0.5406512066220306,0.010571330899839573
company_4263,-1.7753185097503887,-1.5738084450725494,1.3615746612812665,2.483030226435151,-1.9608317140692153,0.5233028573458349
company_3286,0.24074104434904978,-0.6402570432516393,0.16162571480829027,-0.30747634866327545,-0.36718520494201057,-0.19235888371362997
company_1400,0.34854876590838013,-0.49115620292344536,0.1759730623128151,-0.6499584947002924,-0.27344376867785886,-0.32751456224804454
company_6126,0.3632231477075687,-0.45127370833369207,0.21603839852168993,-0.7501083612764928,-0.2555787968216793,-0.3818320662595827
company_6594,-0.5636545486545648,0.648195847420032,-0.05628492818208495,3.1549636171113815,0.9478450202257226,1.317643335725046
company_3576,0.31438344717720484,-0.48944578785845005,0.2165951499445179,-0.640411226818321,-0.2984241634826458,-0.33512338162547295
company_4322,-0.24378507609682065,0.29177098485551534,-0.4657461872123739,-0.06706122763002599,1.2643792845824136,-0.41105681748672496
company_7568,-0.5430998812820312,0.26721908230297076,-0.18900185059657668,0.7986084780631336,1.025754767833482,-0.061162310401852264
company_5704,-0.25715976436203897,0.21486076291713518,-0.5406232888815816,1.2074925656524411,1.2405261331305029,0.19570525546582973
company_1095,-0.2535829026883015,0.7929603098322325,-0.34411266892709225,0.8689398671787462,1.2784280638269956,0.004320444532452952
company_6574,0.40206045025535736,-0.4382265938509969,0.20112366366965803,-0.8012909937915508,-0.22415803931717007,-0.3965041529854067
company_3759,-0.4052986399430003,-0.9486101565542936,0.5350057294297365,0.6134670894150325,-0.8828347022207127,0.06598354867605136
company_1736,-0.6119415819075157,0.019585851651057255,-0.34749757824064836,0.6536344812595768,0.9620676328990592,-0.16841691322647903
company_4223,0.14373963663407954,-0.5832793379804055,0.31427291588685946,-0.3807816187594453,-0.43333831416012186,-0.2661919033699785
company_7389,-1.44858506137991,2.5387604234632697,-1.6053151752645238,-0.31877240375080756,-0.6344334369338779,0.5815555281539071
company_879,-0.6778331020053572,-1.556853863431517,0.3465513426000336,1.8952311484459148,-1.1270128831993063,0.572527000853583
company_3166,-0.1777584414969683,0.32890740312515065,-0.5059533976790819,-0.1699349717248858,1.3178651794688943,-0.4442632968854946
company_5817,-0.1295973749310373,-0.7731485835105476,0.427754689261561,0.11899892875590869,-0.6539594613663865,-0.11156476157677754
company_6713,-5.669985334263972,8.478502821489684,-6.0124220764385266,-1.3222724675102306,-5.046067957728079,2.999168459981862
company_3062,0.08070728690140494,3.270240058620103,2.436974618080581,5.503814706636531,1.851189377758414,1.7552550023697004
company_5048,0.06308399385085771,-0.605212848595227,0.37991393855129046,-0.3022330291482167,-0.49531928824916055,-0.2548800499190036
company_5489,-0.3994928847068271,-1.0911637131871676,0.5190592071259599,1.7051182344421578,-0.8814028534639755,0.557661999570484
company_3940,0.3671167995329803,-0.4623304879193331,0.14416440603044764,-0.7005545747697559,-0.2565081655370406,-0.3556034079049904
company_3226,0.19059356192650145,0.013286691691858548,0.020918217539075273,-0.6128580995464803,-0.4707514641356828,-0.03969029588108142
company_7585,-0.22550976906440476,1.3734282954896362,0.15204745898058375,1.2124670569425973,0.6037269425428279,0.7523573089547978
company_7595,-0.5650783356746825,0.9393757107877878,-0.9031646825909986,-0.15419935541713037,0.9200184610823855,-0.19211577377598538
company_5087,-0.5985973622655704,1.9337608364400418,-1.054483508591005,0.3030976487229224,0.3431203298229966,2.2916015902599045
company_3706,0.40206045025535736,-0.4382265938509969,0.20112366366965803,-0.8012909937915508,-0.22415803931717007,-0.3965041529854067
company_1835,-0.10047130922327335,-0.905490643595408,0.27112278807736384,0.37946410800021635,-0.6473131561657893,0.03938994438174438
company_6528,-0.6042603688753884,0.15532566735263054,-0.2637745523530919,0.6391815592092366,0.9632332434391001,-0.12273169013877568
company_4905,0.24839837017475846,-0.12199631650716736,0.09970291841077271,-0.5758743169216729,-0.38228156371620947,-0.1773399856342954
company_669,0.40206045025535736,-0.4382265938509969,0.20112366366965803,-0.8012909937915508,-0.22415803931717007,-0.3965041529854067
company_4384,-0.6253182843867946,0.48113313710440997,-0.03192509345855752,1.8918474289439295,0.9134426847685749,0.6504335320608079
company_861,0.36217290979725186,-0.4428818739515181,0.17367546994521446,-0.7302059187162854,-0.2642378682281346,-0.34812500187168877
company_2260,-0.04234778204930298,-0.6579758751577136,0.4355868784963927,-0.14686651778394735,-0.5790534379517989,-0.2132645330600495
company_5700,0.40206045025535736,-0.4382265938509969,0.20112366366965803,-0.8012909937915508,-0.22415803931717007,-0.3965041529854067
company_2158,-0.24021650721798182,0.4374006757020963,-0.5931890904022852,0.020807176613311152,1.2481095503871855,-0.29840890721999747
company_6595,-0.33133590304402244,0.276391369588263,-0.8613166379227909,0.8795322434287617,1.0574929267600248,0.4713627242073123
company_6872,0.39026465260026927,-0.44397896468279324,0.2072259678440534,-0.7840458283020413,-0.23354438743779873,-0.39184232725806856
company_2732,0.3876680822611434,-0.4417330683001838,0.2049856554969533,-0.7840668528674727,-0.23551730979288957,-0.39312345603575277
company_2818,0.2912305412922033,-0.48250611610980015,0.2508460595533604,-0.6476013733858469,-0.3139862521306213,-0.35012000323997616
company_426,-0.27606011482679904,0.676842876246966,-0.4646847426116928,0.5836119983873276,1.1857441212543234,0.13189891420820468
company_7157,0.376152358112188,-0.44620501950641,0.2108134336761914,-0.7674713680413348,-0.24548622170783516,-0.3853566579323688
company_6127,0.30600609531508915,-0.4812221106466961,0.24795572462104734,-0.6640127434492967,-0.3013480448501852,-0.35699615183273486
company_525,-0.37435142496699475,-0.3989663586688195,-0.36697433214628467,0.8094925155902785,0.5338447561649878,0.03387970204840553
company_5492,-1.5712632606414447,-0.44774031424624555,0.28870520334217026,2.6352621444650213,0.20930322717344357,0.45582918465180644
company_6959,0.3484519953001509,-0.4717171871450501,0.19737721048847723,-0.6918708577632848,-0.2709176215223753,-0.35106352860316065
company_74,-0.7935517792480009,0.2397031181771403,0.20470842376870732,2.8638254687501536,0.8389446732070652,0.8172134248912093
company_2711,-0.08216119354608556,0.02908565824114752,-0.30258330918074505,-0.1668698447163818,0.7892308946816974,-0.3524346224255966
company_4221,0.19035095727299164,-0.009775057820463657,-0.057291798582506215,-0.38222765662681757,-0.5661189821195863,0.42875877032097354
company_3678,0.37788327661104204,-0.44839531724922577,0.21254183495247872,-0.7671605747007189,-0.24380897228263357,-0.3858531668946758
company_5578,-0.6065095889609549,1.0288045614233736,-0.6131897743822666,0.6596161448604999,0.6719150004388434,1.0837736963283113
company_6569,0.40206045025535736,-0.4382265938509969,0.20112366366965803,-0.8012909937915508,-0.22415803931717007,-0.3965041529854067
company_439,0.07318390684811925,-0.18611520578128937,0.23560142491992764,0.24054571010965328,-0.6221059552944659,0.5575127199905905
company_843,-0.16080021782642068,0.33019454775494356,-0.5076015776692973,-0.18713833678175862,1.3311740347286254,-0.4463780194470092
company_1528,-0.0632653544922624,-0.8439809079506927,0.25887726777024583,0.7246567981706633,-0.6342074743064737,0.2785934733364875
company_4106,0.22160188490326363,-0.6249293821575002,0.11747941410395867,-0.27348171878132244,-0.3937966849616318,-0.14297877066372558
company_2239,-0.28883159887051224,-1.0764805813063967,0.32246011745628916,0.8004384897905958,-0.803027017648543,0.1861685770665145
company_2131,-0.1797917875533025,2.5335270498876175,1.3459548919073647,4.195333500166389,1.4091063348987296,1.7455338719749907
company_113,-0.9141247983384483,1.6832146669122399,-1.2077938615058135,-0.4766447645919562,-0.1645265287910949,0.4598792571330957
company_6483,0.38406501604898063,-0.4386166060768175,0.2018769418214959,-0.7840960270824708,-0.2382549864002723,-0.3949011825016021
company_1844,-0.16922878083437287,0.01582980132138491,-0.20461613682468877,-0.11282909688040708,0.7246942721260479,-0.35782903821685647
company_4460,0.37866159806392075,-0.4339429345326611,0.1972148905586952,-0.7841397788396517,-0.24236060371245857,-0.3975671893392398
company_2661,0.165269450727436,-0.6037345913764879,0.25563025067193007,-0.3335922937686546,-0.42392622780154526,-0.21985202940914234
company_7576,0.3239540203295415,-0.4030189307408617,0.1103443476231502,-0.6998049117352666,-0.30954218055532,-0.29250841140434447
company_3397,0.389369202046558,-0.4432044471859698,0.20645337605192335,-0.784053078811867,-0.2342247673946499,-0.3922841359994173
company_5928,-1.6424326891923755,3.34030429381733,-1.8653273559718424,-0.12234857827079983,-0.4050523254536101,1.4820117720063524
company_5156,-0.049234428426471945,0.09237115788617418,-0.2817971409208174,-0.30467034615953265,0.8180089419377413,-0.40452541645212586
company_7233,-0.41991672664201307,0.8501250118786481,-0.4851390898405283,-0.7035607287355352,-1.0262162313432328,0.02519076516246402
company_363,0.40206045025535736,-0.4382265938509969,0.20112366366965803,-0.8012909937915508,-0.22415803931717007,-0.3965041529854067
company_72,0.007449932250649516,0.1004983196667358,-0.29574963103201296,-0.37072067353355304,0.8662546155592161,-0.43146973753474527
company_769,0.389369202046558,-0.4432044471859698,0.20645337605192335,-0.784053078811867,-0.2342247673946499,-0.3922841359994173
company_673,0.3347625387988867,-0.4639939115172838,0.15891281305502988,-0.6565944227018514,-0.2918783637550928,-0.3046268087556841
company_3009,-0.22692679018581002,0.2937991949526124,-0.5066224678316761,-0.06143062027998198,1.2733181661271677,-0.39230094190880577
company_5535,-0.06300354594670513,0.12275970604494858,-0.3777812444425241,-0.26646369812049925,0.789990185833955,-0.3360254519694602
company_5000,-0.44076278081635345,1.0202195659108797,-0.6600170536487286,0.2816831741394396,0.9494964321014583,0.37156607410502107
company_1936,-1.748268724023416,2.7037223479151917,-1.8872633740455962,-0.015729115826889194,-0.19765081192144113,0.25695059154574273
company_1020,-0.43539896271799516,-0.9472659225892542,0.6679120042716061,1.44216132674544,-0.896173640099477,0.41445123608191203
company_3793,0.40206045025535736,-0.4382265938509969,0.20112366366965803,-0.8012909937915508,-0.22415803931717007,-0.3965041529854067
company_6913,-0.07082651896365014,0.024299967734133024,-0.3723448451489105,-0.1226965372591337,0.7873177321492372,-0.2977757875747105
company_3157,0.3864583970804042,-0.440686754425847,0.20394194310230793,-0.7840766477514589,-0.23643645105386005,-0.39372030583936907
company_2010,0.36538840859459715,-0.4537019040073972,0.21809484085197567,-0.7498530454532987,-0.2536434984200391,-0.3818458112261656
company_3595,0.7444381051342716,6.987628780028983,9.634050276694067,20.24427732500347,3.273058646116767,6.760505912482774
company_7543,0.36689827019315924,-0.47325722714264057,0.15861503531989682,-0.685287695703913,-0.2596257383976324,-0.3358003773032155
company_5602,0.2768250562253819,-0.6418962638864619,0.11806131062113062,-0.09266982793344154,-0.344255027750046,-0.06832217551945557
company_1868,-0.5278212402140031,1.8863743019968153,-0.33287156651516986,0.7680834109599102,0.9721845198337415,0.3573542517999216
company_2061,0.350632003073516,-0.5151943802922168,0.029628548518461556,-0.5479606309343814,-0.2760540970768519,-0.2912344552321066
company_3875,0.2873190985533537,-0.5056676712864788,0.2003718593386184,-0.5690188511726636,-0.32851246168689496,-0.28134328381015783
company_7429,-0.5473264405085881,1.4319823365083144,-0.6204167727095248,0.5020910172683103,0.9439806252177027,0.1786561032226879
company_5068,-0.23490249667099972,0.30197775422958495,-0.47501782676243726,-0.08515831127998132,1.2705415636657642,-0.4133865690618261
company_264,-0.44744040043654887,0.052850051218979954,-0.6044572972880569,1.0740683025446525,1.0452605133509283,0.22275288600988616
company_3255,-0.319851939670701,0.9491494504486337,-0.41822794711619776,-0.7401694809767444,-1.0821521864599049,0.6024147455303468
company_6702,0.27346779879189986,-0.5237601968113791,0.17742660858924728,-0.2870418443771717,-0.34739999504450836,-0.1318810872793376
company_7440,-0.4129698797051975,0.8598390672186659,-0.7157345941715595,0.0036045477105754913,1.0137159433368756,0.05712778738129609
company_6845,-0.28403431582054517,0.9008133625052308,-0.3487808098412207,0.5309546876694515,1.24949321868734,-0.12798542261652832
company_1546,-0.08973460388401772,-0.6772300114621007,0.5833606831342023,0.9430069341094888,-0.6070769630339576,0.25265434946938664
company_5631,0.3661564430116945,-0.44509719394989694,0.1766954124260395,-0.7307003996471579,-0.26185371675210517,-0.34376256787983545
company_424,-0.6542814758220237,1.5262193856589983,-0.7231300842745716,0.24327862752781662,0.5047142353785907,1.4349525010814579
company_2531,-0.02210365998939559,-0.10433748776784825,0.5719872214122992,0.8314570889387066,-0.6308896879343431,0.5972455971052166
company_7272,0.35483075900232364,-0.43855393680371235,0.20694630605286438,-0.7525144198848734,-0.26480794811805186,-0.3753329225077409
company_4769,-0.21029909423073329,-0.5546289829761523,0.8302676451644088,0.9617401816234085,-0.6840461445633547,0.2057399393523611
company_4361,-0.5118103904558806,-1.156421261653502,0.4571520448668146,1.0814903950149473,-0.9836394272731884,0.2732109727623162
company_1318,0.26870345368135923,-0.6470597406529245,0.0522278758014047,-0.25585691161056806,-0.3581174713468997,-0.1273282186301611
company_1536,-0.20278842712464584,1.80851760008355,0.6490594546045634,2.764907334055458,1.3697366681385694,0.967865135603126
company_3405,0.40206045025535736,-0.4382265938509969,0.20112366366965803,-0.8012909937915508,-0.22415803931717007,-0.3965041529854067
company_6265,0.37570240362214197,-0.45841165346762675,0.13685517329927724,-0.7158518285511126,-0.24715284318112188,-0.3708316605370977
company_7390,0.40206045025535736,-0.4382265938509969,0.20112366366965803,-0.8012909937915508,-0.22415803931717007,-0.3965041529854067
company_3712,-1.8857678589631415,1.7958818504746263,-1.5822783802763514,-0.47431973516513704,-1.918691820734618,-1.4803547889208484
company_877,-0.439456632349511,1.7613147747913729,-0.1361855607772388,1.1976451653727025,0.4280943977848153,0.6991321004519401
company_7030,-0.8860844962522327,0.5426349898868531,0.9708036197153556,4.415536450906798,0.8695411113016553,1.2458281570803604
company_7668,-0.12700630251724288,-0.88902416606478,0.3940735269414799,0.9648034663943484,-0.6560911886507804,0.2714117562329134
company_3479,-0.30836772911145144,0.6364115573404249,-0.5632365587164231,0.017242873368174694,1.1841102534348418,-0.25309022185207863
company_941,0.3747298871316335,-0.44570154502551945,0.209832539608466,-0.7671716602490569,-0.24618735025679425,-0.3874747721095058
company_7527,0.3381676929151241,-0.45958891810376246,0.226327986362563,-0.7164533970543341,-0.2764684371127074,-0.36948315298568446
company_1371,0.329852404113087,-0.45802233420556765,0.1151717874154478,-0.6342575083664383,-0.30046210239492604,-0.28404483191550994
company_6792,0.3761811775100113,-0.447294268100204,0.21119909542936216,-0.7670154329681168,-0.24490837385697886,-0.387416175608807
company_4364,0.37851456644597675,-0.449642930035834,0.21332433991621105,-0.766855073208057,-0.24296283465787225,-0.38690866107011695
company_6809,0.3801122752142604,-0.4351976937491508,0.19846653003196132,-0.7841280326311213,-0.24125835227840423,-0.39685143586380933
company_6074,-1.9149892618769573,3.180084579967051,-1.481405425909794,0.8408604587411669,-0.09532564860971253,-0.2156723557039888
company_444,0.16696918222351825,-0.8677098653412834,0.07530343613412535,0.811316366776894,-0.4379420657598197,0.30111676156217837
company_47,-0.130760487596423,0.6269347554794635,-0.09537936171744821,-0.4748401848959565,-0.7407592471645104,0.035668046311837495
company_6880,0.27221018750273435,-0.6916851705543224,0.09222871660113992,0.6391818422379036,-0.34019111661149914,0.22215453308628325
company_713,-0.5599969723185281,0.8339428337910597,-0.35005075592123025,0.6948898157267512,0.891909291579746,0.40591579617302365
company_3176,0.40206045025535736,-0.4382265938509969,0.20112366366965803,-0.8012909937915508,-0.22415803931717007,-0.3965041529854067
company_5717,0.38274192288254705,-0.4374722002767617,0.20073538138985253,-0.7841067402368308,-0.2392602971544587,-0.39555398697430744
company_6539,-0.16080021782642068,0.33019454775494356,-0.5076015776692973,-0.18713833678175862,1.3311740347286254,-0.4463780194470092
company_6587,0.2851483285439941,-0.5169408057044141,0.1668858941256499,-0.0796228131512949,-0.34121051986520057,-0.022606067868595658
company_3639,0.007449932250649516,0.1004983196667358,-0.29574963103201296,-0.37072067353355304,0.8662546155592161,-0.43146973753474527
company_3001,0.007449932250649516,0.1004983196667358,-0.29574963103201296,-0.37072067353355304,0.8662546155592161,-0.43146973753474527
company_4850,0.40206045025535736,-0.4382265938509969,0.20112366366965803,-0.8012909937915508,-0.22415803931717007,-0.3965041529854067
company_7397,0.3698513442463561,-0.4364597282685198,0.20392088518764975,-0.769361448125416,-0.2525174795255351,-0.3800966199775552
company_1675,-0.16080021782642068,0.33019454775494356,-0.5076015776692973,-0.18713833678175862,1.3311740347286254,-0.4463780194470092
company_3946,0.2973252304836735,-0.5380579151871698,0.14607130665884785,-0.27695647108604476,-0.32777741413314065,-0.12968604853356996
company_3254,0.40206045025535736,-0.4382265938509969,0.20112366366965803,-0.8012909937915508,-0.22415803931717007,-0.3965041529854067
company_822,-0.4473649185943507,1.4665184878291397,-0.20374727174117632,1.5157760053074627,1.0108525034318714,0.7955879950613763
company_347,-0.16080021782642068,0.33019454775494356,-0.5076015776692973,-0.18713833678175862,1.3311740347286254,-0.4463780194470092
company_1971,0.007449932250649516,0.1004983196667358,-0.29574963103201296,-0.37072067353355304,0.8662546155592161,-0.43146973753474527
company_2911,0.40206045025535736,-0.4382265938509969,0.20112366366965803,-0.8012909937915508,-0.22415803931717007,-0.3965041529854067
company_5879,0.2144935243509889,-0.7258009551548916,0.04630051550973133,-0.08271063024796642,-0.4028933925210908,-0.06858259664550777
company_5656,0.27238292500836053,-0.5852426476904026,0.07859500531607563,-0.3614155352092659,-0.35509664074938835,-0.16286232286456828
company_1077,0.40206045025535736,-0.4382265938509969,0.20112366366965803,-0.8012909937915508,-0.22415803931717007,-0.3965041529854067
company_1391,0.40206045025535736,-0.4382265938509969,0.20112366366965803,-0.8012909937915508,-0.22415803931717007,-0.3965041529854067
company_334,-0.21709218634322186,0.6387008205152146,-0.5168005500843315,0.010410886424188597,0.5677475765606017,0.17787287863503828
company_97,-0.510121882782133,1.3774064897924074,-1.4640729323362631,1.797929418952235,0.32446389612901033,3.218397716170146
company_812,-0.3839888722394094,0.1546542448235126,-0.4808663693133172,0.30304356218813494,1.1368838270090609,-0.23999356066772537
company_296,0.370377754286763,-0.45278635914008036,0.18170638007743764,-0.7289373220550392,-0.2565370530830075,-0.34954740295596687
company_4146,0.3439974318318468,-0.45513314189950965,0.18921809191656797,-0.6973578897189743,-0.2809523876371375,-0.32845597712917723
company_7556,-2.5880653804267904,4.052430329631876,-2.667094051082317,-0.10572606954179355,-1.0507829304760858,0.7261707230059863
company_2263,0.1916572211364124,-0.2777762826956273,-0.0011594875657383306,-0.7601487813769389,-0.3854861863386075,-0.481065915626156
company_1289,0.22824442415560242,-0.5658814591118375,0.2523618570827283,-0.45878253956224163,-0.3678025624207462,-0.27795503485817147
company_3901,-0.3428506026912026,-1.1623657021185456,0.29671216435825665,1.9315345424240433,-0.8846542293984134,0.8241980178065446
company_3860,-0.16674184507321857,3.499432769219355,0.8400124719388393,2.7422006372494954,1.046415067262607,2.6036226779494345
company_7302,-0.008360035564743218,0.09821799428903728,-0.29311073966719275,-0.35350801098914636,0.8538182264182969,-0.4287884739487042
company_1985,0.11132705492531367,-0.6142426808502797,0.3068605607019677,-0.06555156183912754,-0.4687355762135623,-0.09910835814604134
company_1259,0.307123892814107,-0.500412452805274,0.2270488411652283,-0.6225767100207943,-0.30368959895831926,-0.33073818942825167
company_7024,-0.36656832439247783,1.7760085389655045,0.10882652905705033,2.6943988808946857,1.0224255869027272,1.656084897953234
company_3498,-0.41322216005245654,0.23876931661935002,-0.3961048362680315,0.3892185966065055,1.1146620641655673,-0.18939888479238662
company_6075,0.2004347256757961,-0.5326566654376246,0.30309881249168213,-0.509164466449368,-0.38581912089006937,-0.3130963522423867
company_6611,0.32446687422599624,-0.48271142708317477,0.20918461586080558,-0.6574565532202112,-0.2900781898702876,-0.3416025706934653
company_4418,0.3032696605642306,-0.3769981473162665,0.12465089575454878,-0.501489075451207,-0.32815712630671623,-0.19440896621929954
company_627,0.2530369843392965,-0.5466455897087846,0.1993005490985634,-0.4739030150329315,-0.3566504194398233,-0.2499543304835711
company_2210,0.40206045025535736,-0.4382265938509969,0.20112366366965803,-0.8012909937915508,-0.22415803931717007,-0.3965041529854067
company_2203,-0.5709387711094559,-1.138968249752432,0.5560588193198804,1.0471097780904013,-1.0166277234435304,0.20260017797939983
company_332,-0.28955834623005094,1.5944899055168498,-0.020982855083718593,1.736497395416584,1.1477853837072942,0.9443746159284686
company_4094,0.3648245521722858,-0.4530862544279016,0.21756497555087373,-0.7499123915520827,-0.2541387585455198,-0.38187472711190573
company_5575,-0.09757348421515505,0.058104340922433675,-0.3292211318435167,0.27644701592295207,0.764117745527728,-0.10525454378687199
company_7623,-0.014271457340736622,-0.9685453546283961,0.1338010520909226,1.851797101755739,-0.6319682378041189,0.9167790521039471
company_2756,-0.4118173683607457,0.8399910591191668,-0.7192208452557957,0.0011759134211303162,1.0331964431969398,-0.02060230905441274
company_2493,-0.18865123140158807,0.47277394720913024,-0.12729550859925068,0.8075672484443566,0.6668649385287266,0.29096060285424785
company_7435,0.25839471003744113,-0.3541558108396822,0.30367817333966884,-0.3644911964266723,-0.35427014339890717,-0.1506455366445894
company_4220,0.17813958100422658,-0.5623449413509708,0.29415699591803235,-0.43373389407989327,-0.40740425207349373,-0.27516383566031277
company_5746,0.25627053877096656,-0.303308558950705,0.18564948987308985,-0.3602810659193639,-0.3718730302726621,-0.10005097857340745
company_2229,-0.6629910478853417,1.2875084998876123,-0.4107735685089538,0.9463382990648244,0.7306963041776319,0.8483856955414769
company_2284,0.33595268715932,-0.4774206356496715,0.20306222033034876,-0.6743917990906372,-0.2805462137580731,-0.3478390968596158
company_5449,0.33929559067406495,-0.48051593690419064,0.20601557545375349,-0.6742774437785443,-0.2778997237718939,-0.3465869478991113
company_1399,0.009151528672233787,-0.7228715571830256,0.17495058921598491,1.0231635398254344,-0.6190668852563953,0.6055721556693244
company_1374,-0.2240472125408764,-0.9401827457170312,0.3881751031129545,0.4874357407326022,-0.7381711023031596,0.037396213778816724
company_4525,-3.998027172088544,4.654539520149227,-3.9513584401034323,-0.3075687098113177,-1.9767155092349213,-0.7201089369643948
company_277,0.13546681056824875,-0.7174288741809668,0.1506717901788318,0.36518205093199796,-0.4599909172591414,0.10711719008737249
company_6246,0.389369202046558,-0.4432044471859698,0.20645337605192335,-0.784053078811867,-0.2342247673946499,-0.3922841359994173
company_4051,-0.3564454684040147,1.2979026285332262,-0.2162825597670415,0.3853828606707656,0.5715415244110765,-0.02223920683450797
company_4821,0.26842729019253164,-0.28926945767902407,0.12485680975690103,-0.5390355968156577,-0.3895200084556179,-0.0774627051072032
company_5667,0.16637997639544597,-0.5506826138803687,0.3224254100981757,-0.45758252106722574,-0.4131660924759715,-0.29770549820855174
company_3866,0.33033511784200936,-0.3403066912169,0.11081080933928358,-0.7230295234587754,-0.025962080085802,-0.4028595795652892
company_4881,0.3350840049534266,-0.46457761756287363,0.12037382540423235,-0.6333458832440978,-0.2954265431468221,-0.285419313278664
company_2465,-0.3385470871118135,0.22387159391082456,-0.5368136329429171,0.42947925783185736,1.1559099349350581,-0.10186277228077353
company_6268,0.3665800290956616,-0.4552092176323753,0.21928453910022253,-0.7496393243387288,-0.25248911716710604,-0.38218653599906766
company_230,0.3259552209811142,-0.4831130057190921,0.21016848999685722,-0.6578237517799864,-0.2894099963083409,-0.33914240002658075
company_174,-0.1766101856418134,0.32791422237724505,-0.504962686304477,-0.16992567423735194,1.3187376455877062,-0.44369675586096813
company_5513,-0.03347480714335388,0.06580090307548613,-0.07928313797121245,-0.6319341372595457,-0.5330202483736598,-0.5895368823785417
company_7607,0.20046830890336995,-0.3152853867993706,0.30099140603480495,-0.3181135221074899,-0.42744766113551586,-0.03483652565734548
company_1723,0.26923841881536514,-0.49549554744166874,0.26446500397818906,-0.6130547485597723,-0.3314907615080275,-0.3402044214713367
company_7316,-0.22370064988014052,1.2076211304132545,-0.07286342951995524,0.748352968862906,0.6885569680424317,0.1512842295839557
company_1659,0.37402288433448766,-0.44237368563939616,0.2083017225060033,-0.7683404175494876,-0.24814342925011032,-0.38253105283624517
company_1575,-0.3278272189811574,0.26691303371422337,-0.5040826353813616,0.554488635221134,1.1683027802440014,-0.046531935361395285
company_6729,-0.273380268633496,0.8601268542911196,-0.46805853069313486,1.293100824882515,1.1273025157888594,0.7180771164242502
company_6183,-0.04935974393802884,1.6990365765834743,1.009931462664668,4.89583342774757,1.5726376390879315,1.709886122264125
company_1863,-0.662965123050355,1.3886921177201363,1.4388165085633917,5.153252593987882,0.17363063553955352,2.961982975387016
company_2173,0.2327026797870483,0.3365380944218314,0.3726538966004768,-0.06331577251276094,-0.3784456447140395,0.08641625553914022
company_1387,-0.28740226177924433,0.5852598235465791,-0.46242185025298493,0.03996240712450543,1.1949655644854498,-0.20201577615664545
company_690,0.3756118303756932,-0.4468214964780658,0.21071453718471955,-0.767011615228639,-0.2453306926045166,-0.38773543911903185
company_3936,-0.06924092535231449,0.14367537827748583,-0.39929524087146234,-0.2836688661971381,0.7859015246886346,-0.350431194265438
company_2863,0.19775239209891735,-0.05541961488040785,0.22626166206753953,-0.3672439621243337,-0.4759525133023869,0.1446274491726604
company_390,-0.6760819310288472,0.7553735634764052,-0.8378128813024759,-0.289813562561754,0.35792719759072045,-0.7577907624576811
company_5034,0.389369202046558,-0.4432044471859698,0.20645337605192335,-0.784053078811867,-0.2342247673946499,-0.3922841359994173
company_6085,-0.151561851126786,0.4367110021227405,-0.42015824382342365,-0.33286743966817683,0.6771816519295701,-0.1943535189548341
company_6371,0.34777678033052084,-0.4506052662723231,0.2178847830556095,-0.7342899589925034,-0.26944348724025924,-0.37261322327644963
company_676,0.22035967023355033,-0.5427593093942749,0.2400325830064596,-0.4658263847487266,-0.3823090589327508,-0.2500818007849258
company_5451,-1.8319762937513497,4.746872103236772,-0.8845382865244529,2.0072368593966443,-0.3281558031785264,1.81798038986948
company_4376,-9.825199872070034,25.62274416732315,-13.612781670601699,-6.0565653334322125,-14.916874743156617,26.49649003130072
company_4423,0.3055367483891655,-0.2792296381601941,0.09910634431899053,-0.5988140324635874,-0.3483027138124657,-0.14332756785284972
company_6429,0.2353287771823215,-0.54714710012796,0.23917518702349264,-0.479879421107458,-0.36664856122116746,-0.2675872604789353
company_4928,0.36859103473423116,-0.4556599131707176,0.18166280077151034,-0.7270597541975808,-0.25558637697564063,-0.3590389378094571
company_5133,-0.24521349357417804,1.9153391721951711,0.5480478906582309,3.1531691666371606,1.321936377628502,1.1830787149653594
company_3437,0.13014739279943427,-0.6297252216823034,0.24899994833084313,-0.24458918017203232,-0.4601515373734658,-0.16109161447548503
company_7360,0.5170268180838355,4.294279378013265,3.5473619943818715,8.108870289831685,2.3491059462840997,2.7801939624126373
company_378,-0.2800303237984438,0.3148029932027695,-0.709434342727978,0.6112267434081873,1.1557646278851093,0.1659952455843647
company_2854,0.37743020717922576,-0.44850255639758563,0.21232012595399374,-0.766950538985825,-0.24389250637665164,-0.38704920026398726
company_7126,-0.9663582843731399,1.6690955725380978,-1.2327590875580003,-0.45167843396954827,-0.17323991555060972,0.31857008192966474
company_7385,0.38067053062692036,-0.4412628255607412,0.1619205740976001,-0.7586183307540851,-0.24187036431197564,-0.3878081338111081
company_2947,0.23674169658430386,-0.5164325487448648,0.28566585648606274,-0.560790781788611,-0.35683724840358705,-0.3270910774964661
company_5388,0.1965111497715496,-0.5288327515898946,0.29956772035618906,-0.5093804428845702,-0.3890250569677442,-0.31419395493200464
company_5232,0.3627588354809441,-0.45007632219976,0.21536802818002454,-0.7504528436559771,-0.2563472674034348,-0.3805106457684124
company_2268,-0.7858328793491699,1.6053999376236376,-1.0772309376757703,-0.15512060611289358,0.5966440039623642,0.37877910174209173
company_2077,0.3149897808770744,-0.49025986490313156,0.21721647506137112,-0.6402823086441677,-0.29781217088412415,-0.3353885404570481
company_2445,-0.628422119403053,-2.3301430050848277,-0.21210313738306874,3.9575467573692764,-1.1359590627281135,1.532138622828855
company_7494,0.35081820842091843,-0.4559916476393164,0.22144307980185082,-0.7330854441829221,-0.26569310501227916,-0.37648185782930854
company_481,-0.7752655110729366,-0.24833302753714984,0.3167851922591085,2.1485119215645976,0.256314977196706,0.4912501208390499
company_2087,-0.39291639066458883,0.04037201265353324,-0.5805953118458029,0.7589192277272028,1.1189179111103458,-0.022367884811340687
company_112,0.40206045025535736,-0.4382265938509969,0.20112366366965803,-0.8012909937915508,-0.22415803931717007,-0.3965041529854067
company_2933,-0.17524928981348176,0.32673711926861626,-0.503788509860501,-0.1699146549928674,1.319771679506298,-0.4430252998318998
company_5952,-0.6028888462734168,0.20207322074862744,-0.28686248833537376,1.0688278212778923,0.9340289942859185,0.19555787597624238
company_2737,0.06177470908498097,2.500025647430894,2.1255156652227405,4.221697884413434,1.1698691284883282,1.330373403717483
company_1819,0.19910164617927462,3.6365326514658776,2.2446706757907977,4.822599439237701,1.8819881051575795,1.744109504263608
company_6052,-0.23469365759670419,0.2622091638671301,-0.5175155173054528,-0.0009578234080610076,1.2659591664128726,-0.3679904832967147
company_235,0.3892935967227618,-0.44313905256882374,0.206388144027258,-0.7840536909921162,-0.23428221372346056,-0.39232143911214334
company_4776,0.29472417617917007,-0.372306519959319,0.06154211501906387,-0.7233851781615741,-0.31707226788442694,-0.37948791117620007
company_4985,0.26888122166672435,-0.2986391627559216,0.342889912869164,1.3077013332036755,-0.36274159205180256,0.6936021766611822
company_5206,-0.3596697585077951,2.3829493800917687,2.0686066570574537,6.712527063105805,0.6270398026330875,3.140944785277469
company_2640,0.40206045025535736,-0.4382265938509969,0.20112366366965803,-0.8012909937915508,-0.22415803931717007,-0.3965041529854067
company_7388,-0.2943834708325778,2.183331814724981,0.30085277020715295,1.650994378142352,0.6227747881243576,0.7570588845145485
company_7464,0.2258245636097615,-0.7069536244470995,0.10246330529604793,-0.16213364333531222,-0.383828317014557,-0.12960037707612185
company_2698,-0.14929659547786822,-0.8497429019498476,0.38009437303001814,0.28082127482572006,-0.675663477603075,-0.036942197330415726
company_7106,0.2375302221318348,-0.5392402209813276,0.22687770819100875,-0.4945716034548735,-0.3613427973711641,-0.2889541119258873
company_6723,-0.2717806582411036,1.2545556400738747,-0.1600671277088209,1.311531000421762,1.2141428687618647,0.4844717538417235
company_4075,0.40206045025535736,-0.4382265938509969,0.20112366366965803,-0.8012909937915508,-0.22415803931717007,-0.3965041529854067
company_1190,0.40206045025535736,-0.4382265938509969,0.20112366366965803,-0.8012909937915508,-0.22415803931717007,-0.3965041529854067
company_5129,0.389369202046558,-0.4432044471859698,0.20645337605192335,-0.784053078811867,-0.2342247673946499,-0.3922841359994173
company_7467,0.007449932250649516,0.1004983196667358,-0.29574963103201296,-0.37072067353355304,0.8662546155592161,-0.43146973753474527
company_1780,0.2563506677651408,-0.21223403667980123,0.05468653548598948,-0.6643247949278196,-0.36822218910232113,-0.26430379020060213
company_7267,-0.19911641062632468,0.31652657813034635,-0.49217956079918024,-0.13587864477658473,1.3002380900106392,-0.431780290173479
company_4294,-0.5513673839152191,0.5324981334904656,0.03289365364270521,1.409924962409671,1.024138742882208,0.26368319322404093
company_1821,-0.3551773300091075,0.30684946819611886,-0.36836334520703023,0.8608613437581796,1.1710859414756798,0.014551899237576976
company_69,0.20096253045731147,-0.5842835192553469,0.20469373524028853,-0.127674219021621,-0.41213301807129343,-0.05557444274873758
company_4035,0.36724957148584125,-0.44750068611216554,0.1781328083484301,-0.7300672913496029,-0.2602615515759988,-0.34606399938370547
company_7377,-0.08403340043478738,0.2098714659373473,-0.3563319015810105,-0.12780390477979406,0.7520677939258843,-0.18086166065729864
company_7479,0.389369202046558,-0.4432044471859698,0.20645337605192335,-0.784053078811867,-0.2342247673946499,-0.3922841359994173
company_2201,-0.47613878604140186,0.3679117282349428,-0.40305277419223506,1.2213120596555884,1.0165555035873994,0.3758654346051023
company_4365,-0.23907018714853295,0.16783964759929387,-0.6671824717351226,0.23226988728887132,1.246403343165062,-0.23568501568816363
company_3044,-0.32941262524716936,0.486706798054171,-0.45985760902067696,1.1279986784719478,1.1451220876042858,0.3347119016060364
company_1521,0.32995192261784584,-0.46990425329248536,0.23601623431685578,-0.6985513748146549,-0.28236862163471455,-0.36591217756540984
company_7457,0.22777234101097735,-0.5637761230422578,0.2513792727210168,-0.45951295646588786,-0.3690476959661135,-0.2748814836343883
company_217,-0.0434759282605979,0.7094853866424834,0.05401121326534458,-0.3249187592138213,-0.659669715281981,0.1189057251449558
company_3252,-0.17462554589216311,0.3261976136771614,-0.503250345657012,-0.16990960450581194,1.3202456117189858,-0.44271754915191014
company_7441,0.33601381636943745,-0.4881475007708261,0.13976445935083479,-0.6130816684066726,-0.291586242585849,-0.287748490276257
company_5753,-1.155824083834532,2.635064371818932,-0.7803040121038243,0.7907080981277473,-0.22093602314556052,0.6062951161975677
company_2156,-1.0783686531291015,1.9498969652407177,-1.201131781335938,-0.14610789321607345,-0.24303417463455948,0.3851359918273646
company_7369,-0.3362733604025712,0.32105845290784646,-0.46713938760771956,0.24203712226225435,1.1654422364245323,-0.19397134466418944
company_993,-0.7816569180899847,0.1958132917031734,0.011763583633299619,1.0354190043258373,0.8437900498715287,-0.030719088988656093
company_6735,0.25436001424755006,0.12902121389689059,0.3729045707106773,-0.2769526249753053,-0.3265256458729493,-0.166954787350915
company_3200,0.2276410750628157,-0.5290249060543684,0.22865309620285154,-0.48485385647277857,-0.3784826268379961,-0.24902669211293163
company_1554,0.33373032342877973,-0.45547103898750513,0.22240459246643005,-0.7166091214385596,-0.2799861809457726,-0.37112737504052656
company_6813,0.31152386782038294,-0.5044184059268009,0.19199303151767375,-0.5993402954476578,-0.30419393254231947,-0.30931293146575806
company_1264,0.3667010226440112,-0.4554305664038767,0.21942849086193142,-0.7495883799939635,-0.25233622777684056,-0.3823542100921474
company_2595,-0.16634165511370544,0.6536214466059302,-0.3109381144784574,0.25506952712311515,0.6291215324494338,0.2575885832558446
company_2930,-0.4506941725923131,0.10878745554198754,-0.4380861913058551,0.40990115759748363,1.087749221574625,-0.22527603144234154
company_6290,0.007449932250649516,0.1004983196667358,-0.29574963103201296,-0.37072067353355304,0.8662546155592161,-0.43146973753474527
company_1230,-0.40209691006040066,1.207960803398197,0.5249077971491183,3.5225624717192807,1.1707735173573517,1.321920616452689
company_3926,0.40206045025535736,-0.4382265938509969,0.20112366366965803,-0.8012909937915508,-0.22415803931717007,-0.3965041529854067
company_5033,0.32177082128084705,-0.4845424154932639,0.1413007697507591,-0.5989565344666063,-0.3066142416382282,-0.27018610793247744
company_1626,-0.16080021782642068,0.33019454775494356,-0.5076015776692973,-0.18713833678175862,1.3311740347286254,-0.4463780194470092
company_7370,0.33878973653404115,-0.4602422427848237,0.22690376586336922,-0.7163989976648002,-0.27593557498825294,-0.3694008732308985
company_813,-0.30870708822059423,0.2380800124582837,-0.486266837836639,0.09923984554763242,1.2032188737601264,-0.32684104939864034
company_3996,0.15322300877171297,-0.5552801400498445,0.3273609271183343,-0.4403387453014578,-0.42357493221051123,-0.2937590944049004
company_4011,0.389369202046558,-0.4432044471859698,0.20645337605192335,-0.784053078811867,-0.2342247673946499,-0.3922841359994173
company_3500,-0.2700234436423366,-0.82108277478094,0.522520424753713,0.28287780746048097,-0.7645582524903649,-0.07328815346028418
company_3165,-0.20990440068571475,0.3153514983746681,-0.5259748504747175,-0.09784330209621252,1.284819106701932,-0.39635990861178805
company_5209,0.3730527250764669,-0.4349200061969077,0.1663024327127848,-0.7480653006125507,-0.25628778842364575,-0.3504774365357751
company_5380,0.08465851128821351,-0.036378186215209954,0.02264190056837398,-0.6309776056202622,-0.443260359607015,-0.5312507687441368
company_677,-0.2207541631900681,0.020779221158507402,-0.22421800277001255,0.20445722104549618,0.6558930753758464,-0.12084411233027745
company_901,-0.4303099077078823,0.8411029312522195,-0.30718443032016757,0.6639593643392907,1.0512188757916188,0.2151911365857743
company_587,0.13423320120923016,0.026224791422639546,0.24480923958350032,-0.3602696053022103,-0.5692436544006945,0.31194856769014734
company_1282,0.1329717969766827,3.565733509588252,2.159415386615662,6.134665360802035,1.8211778797955145,2.3309804265424194
company_6602,-0.1947864501389296,0.6145765058227092,-0.5451554530804646,0.3154973126471365,0.5504375875757329,0.45557014766627363
company_5102,0.31634673774789296,-0.47316084569458644,0.24024188697179907,-0.6817193732897752,-0.2936159568971226,-0.3603295976746228
company_680,-0.0009447119132820218,-0.6061763690458322,0.32598374065257124,0.7414857699451174,-0.5941628740442745,0.3824526791144095
company_2384,-0.7885678643921122,1.589982299986071,-0.8276142962294922,-0.027420523389109983,0.09998155414200435,0.09937079360561904
company_140,-0.5518041965660466,-1.1321877906410018,0.5497770255356349,1.2518453230388595,-1.008121979255266,0.32803922083962633
company_4717,-0.614570168749403,-0.09963567237291876,-0.43795331004909166,0.8842639365620859,0.951225919191448,-0.05880072268797373
company_1476,-0.09909373920367812,0.40756417701292136,-0.19323419713338202,0.5611412402101286,0.7757591640710423,0.03678730564802297
company_2693,-0.234671373507102,0.316645447496934,-0.5187783756821437,-0.06840711228206299,1.2589989592260848,-0.36465988430941665
company_1728,0.203512824898617,-0.6125392620357204,0.21973586448285223,-0.341579308574593,-0.3939840459916195,-0.2171810225500927
company_478,0.3079456856606388,-0.26459863283114493,0.2014075113780606,-0.6858055912564056,-0.3345891162551708,-0.21007427545343807
company_524,-0.18494063747989747,-0.6103583494732341,0.6987676140706695,0.6628508604823374,-0.6791932895386926,0.10954580833060142
company_4941,-0.14682377121600906,-0.20802942453758602,-0.4742973650381812,0.3573767407630466,0.7135247763797156,-0.09376367925676224
company_3990,0.40206045025535736,-0.4382265938509969,0.20112366366965803,-0.8012909937915508,-0.22415803931717007,-0.3965041529854067
company_3556,-0.21480645907788026,0.317282065870066,-0.49050148150070105,-0.12000924101836953,1.2862528744958315,-0.42292274614369807
company_639,-0.00909849035621499,-0.021248995913916227,0.28050391123284435,0.5574606317599315,-0.7229677212862928,0.8451144288228702
company_4608,-0.5243360723681585,1.120443025357996,-0.919596775147925,-0.2254653361749852,0.8204709528723508,0.3325797068789193
company_5061,0.14361849866737464,4.109532095265428,2.3383593514421452,4.935037867620314,1.7585818790260364,2.1662393261010204
company_7335,-0.7994783303473717,2.2945768865180236,-0.5567164490961987,0.8054086836269169,0.7195692872110537,0.4477509881141617
company_5249,0.3509732518130326,-0.45252983252784723,0.18143790048585048,-0.7115087572469545,-0.27140573047059385,-0.3497545982277179
company_386,0.03715749400049154,-0.6392300986131523,0.31026231671496435,0.06869451426796548,-0.543785603368577,0.0012420191209597203
company_3106,0.15926132476303945,-0.6951029962524448,0.18185653236376834,-0.14728864796253247,-0.4376480487773606,-0.12454271972121168
company_3802,0.40206045025535736,-0.4382265938509969,0.20112366366965803,-0.8012909937915508,-0.22415803931717007,-0.3965041529854067
company_4111,0.03191374302677302,-0.8365191746485832,0.1646455285291809,0.2094906512309979,-0.5501799552389787,0.024583935676548953
company_1802,-0.9147396132780498,1.9699335734997698,-1.202667873135225,0.019628420883319165,0.43842979493266604,0.6628539266470447
company_221,0.389369202046558,-0.4432044471859698,0.20645337605192335,-0.784053078811867,-0.2342247673946499,-0.3922841359994173
company_5127,0.20096284270829431,-0.3073442608074558,-0.013884761140477762,-0.7172354007309191,-0.37988501655842394,-0.45718932896864234
company_6092,0.389369202046558,-0.4432044471859698,0.20645337605192335,-0.784053078811867,-0.2342247673946499,-0.3922841359994173
company_474,-0.06964125245981215,0.03983235652726709,-0.4158550518432176,-0.1066611970157497,0.7756173395913994,-0.24528555897609264
company_1047,-0.18379675058552697,0.3285479516595527,-0.5481908477654935,-0.14447868257458718,1.3122409752465936,-0.43847469141813855
company_1441,-0.21821672789062996,0.33199076548314965,-0.5363500188389194,-0.10195654042477743,1.2735672590772489,-0.3820495434926538
company_6763,0.1092802554553857,-0.5815859271404863,0.35473327382493614,-0.3711205490470092,-0.45840040144092487,-0.2744745180484249
company_4685,0.37866159806392075,-0.4339429345326611,0.1972148905586952,-0.7841397788396517,-0.24236060371245857,-0.3975671893392398
company_4521,-0.3005921383975136,1.2711169642207987,-0.3459786164161882,0.40792906058131145,0.4988550897515303,0.4467794292511189
company_4932,-0.21994080606029928,0.35527827247941474,-0.5481036131720322,0.9699599859573935,1.2693197317758682,0.11733054890787198
company_5783,-0.3680861632681163,-0.4150824992099839,-0.2371999178896044,2.0616295226714185,0.5531350196587683,0.5686359689228323
company_1655,0.40206045025535736,-0.4382265938509969,0.20112366366965803,-0.8012909937915508,-0.22415803931717007,-0.3965041529854067
company_5962,-0.40080238689158576,0.9175757281388972,-0.6426999762654033,-0.15382787967787395,0.41237958720794615,0.09578393541023626
company_6784,-0.7197963988767538,-0.3453920354877447,-0.40550697168920335,2.4241195804068534,0.8694741688063323,0.5789060234308839
company_3541,-0.30959835967831634,0.568208091335939,-0.6598728123830457,-0.05420033665822561,1.1798794483758217,-0.297484322536748
company_7482,0.40206045025535736,-0.4382265938509969,0.20112366366965803,-0.8012909937915508,-0.22415803931717007,-0.3965041529854067
company_7605,-0.7847705929277478,-0.08884755726207066,-0.2741641760728611,0.9539311322000368,0.821396718188961,-0.07147944919249583
company_3845,-0.06571712558157095,-0.599055344526692,0.5980359766993798,0.5769794636912782,-0.5862164569102454,0.09805444836982005
company_6007,0.40206045025535736,-0.4382265938509969,0.20112366366965803,-0.8012909937915508,-0.22415803931717007,-0.3965041529854067
company_4450,-0.32877403502804053,1.3679795822173202,-0.029519808871905123,1.4036257732684712,1.1457396224408356,0.6367545734123323
company_2812,0.2080640961689596,3.928578231611131,2.3390949228300784,4.9090981055196945,1.8159597763593673,2.128385411252956
company_2108,0.24921361939514108,-0.5098505819719582,0.2796674376217677,-0.5786360683396151,-0.3476759869101608,-0.3286634568008721
company_6628,-0.38417740892357655,0.3588099834532257,-0.34468252655845527,0.38635447560662434,1.1354141472460493,-0.14968255048357837
company_5939,-0.5143578541252073,1.610074157240287,-0.4673826432917811,0.5740413510625335,0.9750961319842504,0.24885324207493295
company_4584,0.389369202046558,-0.4432044471859698,0.20645337605192335,-0.784053078811867,-0.2342247673946499,-0.3922841359994173
company_2547,0.007449932250649516,0.1004983196667358,-0.29574963103201296,-0.37072067353355304,0.8662546155592161,-0.43146973753474527
company_2752,-0.294061035831366,0.46310424632599106,-0.5284254117666046,0.06924732233994828,1.169503389578595,-0.1358678897029753
company_7656,0.37223075835213704,-0.44020918112312085,0.20654720197414808,-0.7686179953986392,-0.24982605815220052,-0.38221815042305635
company_6203,0.05450552894492634,-0.8862881273301154,0.12340483816962877,0.5044348991077674,-0.5364905767218108,0.16980022314634152
company_1240,0.30689848593287034,-0.4826449468209968,0.24894634839284616,-0.6637267992260418,-0.300329956856225,-0.35782420186472064
company_5275,0.1900748082098758,-0.07407885667731497,0.05023896881476675,-0.5752635970248781,-0.4252756807457146,-0.2110446108257146
company_5947,0.40206045025535736,-0.4382265938509969,0.20112366366965803,-0.8012909937915508,-0.22415803931717007,-0.3965041529854067
company_2988,0.2631035321111541,-0.21726156182401918,0.08828610591254174,-0.6982427340559053,-0.3508061287761024,-0.32060059841885874
company_1847,0.23366423696538746,-0.5304349910571204,0.2606107545415916,-0.5200563175871707,-0.36318090033679046,-0.29986501326750564
company_7253,0.40206045025535736,-0.4382265938509969,0.20112366366965803,-0.8012909937915508,-0.22415803931717007,-0.3965041529854067
company_3883,-0.9303187138719797,2.527442686864587,-0.6090694159473671,0.7004574692128642,-0.06503564311356805,0.743553507546269
company_4863,0.3016182070594879,-0.2553596627990486,0.20783840024667796,-0.5065236784032793,-0.32250022798860195,-0.1965317222331599
company_7526,0.26809929529862064,-0.5863403262857971,0.07251616825804824,-0.1343145485058811,-0.3584466830814277,-0.06222467497810307
company_369,0.40206045025535736,-0.4382265938509969,0.20112366366965803,-0.8012909937915508,-0.22415803931717007,-0.3965041529854067
company_3398,-0.36524511356024353,1.0034350053486543,-0.43613219577767964,0.5710768334606167,1.1406490330162997,0.039383818589929204
company_3843,-0.4079621218311672,0.9736625905279624,-0.6652379792262444,0.11498300714036226,0.3392896512311818,0.4874947215813608
company_3043,0.31247303995578857,-0.2849784958241073,0.2108948426609113,-0.6787197029751301,-0.32254917686882933,-0.23991905859439724
company_1484,0.007449932250649516,0.1004983196667358,-0.29574963103201296,-0.37072067353355304,0.8662546155592161,-0.43146973753474527
company_1518,0.3648127007725517,-0.453721345062105,0.2177735158302172,-0.7496361769587122,-0.2538106680762385,-0.38313796587010823
company_5871,-0.4935017751858668,0.7638152656379589,0.03269287749783497,1.487884827104572,1.0495377939847539,0.4260540051187794
company_2224,0.28270179291205144,-0.5110609029092266,0.1675101840932526,-0.3063334283413683,-0.3424314512105762,-0.12858875750692988
company_1154,0.35339766481498425,-0.4593362717415038,0.22404610423988672,-0.732587787036664,-0.2631515313721573,-0.37737878941864755
company_3247,0.31299592282811844,-0.5710306955654715,0.13126571311269788,-0.47047957553136155,-0.307075347222871,-0.2522539614097476
company_4695,0.3609285756367222,-0.48679669920677,0.13175561226009144,-0.6437037735993579,-0.2671020658692368,-0.31397347196724495
company_5397,0.054378388289052296,0.4380225805501688,-0.024943491854785393,-0.4212971913039465,-0.7112586298000803,0.5755298357138351
company_1615,0.29177315251233976,-0.6480102622914641,-0.023020663826610083,-0.2280858824532481,-0.3496615504705071,-0.0811991147070117
company_801,0.40206045025535736,-0.4382265938509969,0.20112366366965803,-0.8012909937915508,-0.22415803931717007,-0.3965041529854067
company_2965,0.3762589554013862,-0.4463956386279862,0.21093876841646791,-0.7674283660529636,-0.24535381822635757,-0.3854958226426332
company_1970,-0.14800109503190398,3.3226608175207657,0.9318553352025418,3.093326657449193,1.3570503217343557,1.5843273766418433
company_1733,0.15353663175185106,-0.5552744307629243,0.32753762712088463,-0.44045479668438764,-0.4234813149290188,-0.29306469042147815
company_7296,0.35113525691766356,-0.4180342442062783,0.1200454611450024,-0.7137313745896638,-0.28456889701736204,-0.3041145089025732
company_2884,0.373936265326658,-0.4298557709610332,0.1931378890171117,-0.7841780401052231,-0.2459509992631244,-0.399898633884616
company_27,-0.507973303805622,0.4609691009176788,0.2762447846932504,1.401620704112101,0.41236405930580816,0.5341980590651769
company_6231,-0.4127322149884044,1.3994578069774812,-0.355278702367307,0.6715400009639984,1.0949460502423989,0.16267639803671166
company_5146,0.3876680822611434,-0.4417330683001838,0.2049856554969533,-0.7840668528674727,-0.23551730979288957,-0.39312345603575277
company_7159,-0.5766154951658444,0.21558944695353555,-0.2100636206197489,0.7065523892777033,0.993310893650201,-0.09975297014066149
company_6983,-0.04638057875565779,0.6076926492010224,-0.11177473165231722,-0.21534851461045565,-0.7239841636598369,0.37497894661941794
company_4864,0.389369202046558,-0.4432044471859698,0.20645337605192335,-0.784053078811867,-0.2342247673946499,-0.3922841359994173
company_4180,0.25157037365777873,-0.2947339112906357,0.23671656613049616,-0.13926696704782984,-0.393967368134947,0.08201828675194403
company_6343,-0.03229403205317514,0.12181665444544755,-0.3427919175962503,-0.321317823577905,0.8214095080339942,-0.37373939493462477
company_6882,-0.020169080619504152,0.09268657169167883,-0.28709088072739863,-0.33635264834766226,0.8443123852002068,-0.42372501159543013
company_2914,0.34852435747517957,-0.4506993337985918,0.218342481024331,-0.734520485446709,-0.26916408839655076,-0.3711677841997537
company_2981,-0.6126432891158048,1.542458660664722,-0.6326859051620253,-0.5995969011701039,-1.305611006058087,0.573386358509659
company_6584,0.007449932250649516,0.1004983196667358,-0.29574963103201296,-0.37072067353355304,0.8662546155592161,-0.43146973753474527
company_6853,0.40206045025535736,-0.4382265938509969,0.20112366366965803,-0.8012909937915508,-0.22415803931717007,-0.3965041529854067
company_1879,-0.18183640364922593,0.3324346252874655,-0.5094718500094684,-0.16996799119707384,1.3147666681086698,-0.44627533352815424
company_3516,0.2841217845849622,-0.5379569743733789,0.0755587269240989,-0.4405567286895079,-0.34595500365329407,-0.18950647760813233
company_3064,0.15612825178866024,-0.6792886937120435,0.20275999277251378,-0.18654917624063053,-0.43416374212150105,-0.16176921333582892
company_3867,-0.28429768681771894,0.8685653227060388,-0.23155704412993142,0.7552345554962614,1.2452835038597632,0.0061352051931637145
company_6381,0.2207297969739691,-0.6865497626454554,0.09264464821703056,-0.1690242673691165,-0.39605556184985957,-0.10094503671882753
company_4017,0.24907334332682574,-0.13196231654779159,0.06224995710300235,-0.7191730043927137,-0.4084416857508693,-0.1434006623626066
company_5642,-0.1428542904332436,0.196077076668199,-0.2638352803298824,-0.10478328380889411,0.7140285211668763,-0.20890307753109566
company_2646,0.09096598479355952,-0.718635639677674,0.21214890356503865,0.1756615954985993,-0.5015426988260079,0.042335751235548655
company_6434,-0.1766101856418134,0.32791422237724505,-0.504962686304477,-0.16992567423735194,1.3187376455877062,-0.44369675586096813
company_3546,0.3858771811537208,-0.44018403330653677,0.20344047191269313,-0.7840813538871242,-0.23687806970659195,-0.3940070735184504
company_1366,-0.00017596800374442153,-0.7684481536374637,0.2961498932276374,0.055375480498065496,-0.5583447847066382,-0.09405841897481172
company_2083,0.16424123245140898,-0.7671339231331498,0.1249641143250262,-0.01737856029020403,-0.43661856809208593,-0.07039904825254485
company_4675,-0.39172326114031336,0.3631882785457734,-0.2875068916073675,0.5555531276847402,1.1448609730825514,-0.12634052681713198
company_68,0.38267813089059405,-0.4374170235685447,0.20068034186904116,-0.784107256763916,-0.23930876749439264,-0.39558546147567003
company_4204,-0.847458960989278,1.7642752921784082,-0.986444488577298,0.17389347821831652,0.6148148656038102,0.27598443857617166
company_2517,-0.2311443810437579,0.36487960467086916,-0.6327024144265219,-0.06512523376252578,1.2445016518965095,-0.30684471042066025
company_6573,0.39047256724070883,-0.4441587998799449,0.20740535591188308,-0.7840441448063561,-0.23338641003356944,-0.39173974369807196
company_5203,-1.0036647101630225,3.211805714198156,-0.13504351623159935,2.097111263272428,0.6888463941068059,0.6280836441933754
company_874,-0.347988775543419,1.5730245179110975,-0.23815686317386667,1.0913980218253962,1.0712047878717825,0.7137394027847955
company_4635,0.2701882494978982,-0.22918571764360854,0.07918574278403709,-0.6515699560436835,-0.3638631755412311,-0.2256162503145511
company_7059,0.27208098258570385,-0.20606209418567897,0.14395812427465723,-0.6537433786279558,-0.397680367847212,-0.07137590330117125
company_4512,0.389369202046558,-0.4432044471859698,0.20645337605192335,-0.784053078811867,-0.2342247673946499,-0.3922841359994173
company_5606,0.3362145233999513,-0.4742038830415625,0.20212090514761943,-0.6758639372648405,-0.282145842175294,-0.3410010820855743
company_2783,0.15888930228078385,-0.24508165233454968,0.2992899998169656,-0.12063694688801684,-0.48433532011629954,0.1453959892602241
company_6579,0.1615398531939578,-0.6649079774709915,0.22901635843735355,-0.22829112311829378,-0.42729873940113533,-0.18317292698485954
company_1972,0.40206045025535736,-0.4382265938509969,0.20112366366965803,-0.8012909937915508,-0.22415803931717007,-0.3965041529854067
company_5541,0.362608025826524,-0.4484710144398535,0.2147379424726827,-0.751085545754266,-0.2572322541951377,-0.37771140808734416
company_1725,0.2661823393634986,-0.14215810712153837,0.08861817412073657,-0.5400595055311519,-0.3789823043976051,-0.11666477252957548
company_3662,-0.27675441121547073,0.2647431101423604,-0.5097186722957232,0.044721258246287525,1.225406750697234,-0.3299828890132041
company_5498,-0.38829633096353555,0.7367624924292914,-0.7887794817982061,0.5162262477390867,0.9717097279715331,0.5167441224062624
company_5886,0.04307761344815671,-0.6410790193619694,0.3743700283760977,-0.22498640096964487,-0.5129724178248062,-0.22399816622428803
company_3244,0.40206045025535736,-0.4382265938509969,0.20112366366965803,-0.8012909937915508,-0.22415803931717007,-0.3965041529854067
company_3403,0.18450105338193262,-0.6737809511464617,0.1953116298418567,-0.22020376701905953,-0.41078583429122123,-0.17236083775924058
company_7611,-0.36057664811646595,-1.0332348487627667,0.44435704308874174,0.7364696146551564,-0.8494221785278603,0.11868069718971407
company_576,0.40206045025535736,-0.4382265938509969,0.20112366366965803,-0.8012909937915508,-0.22415803931717007,-0.3965041529854067
company_6720,0.389369202046558,-0.4432044471859698,0.20645337605192335,-0.784053078811867,-0.2342247673946499,-0.3922841359994173
company_3135,0.300505379246023,-0.2369928779389359,0.2788182787878755,-0.5602146563490549,-0.32453272861413435,-0.20245898656336536
company_6410,-0.260668122848766,0.31326391827685574,-0.5147084588246961,0.18855571264110654,1.2326382625643044,-0.232639913550545
company_2606,-0.4941817835769738,1.3003204914473978,-0.7649730411002185,-0.2859752322097579,0.17012652586131474,0.7015794512103504
company_5461,0.3776547714052897,-0.4487361598437238,0.21252722440945532,-0.7669318651317519,-0.24370131475535992,-0.38701510553309604
company_785,0.02596534165523906,-0.6934672420561772,0.30910650620826646,-0.0849745839138518,-0.5377658583069085,-0.13814497233049833
company_2015,0.36335463469312285,-0.4158631487016968,0.15431840847265332,-0.7527116794746223,-0.26922930036440296,-0.3344757242367805
company_3553,0.2039774860205507,-0.5976448982785584,0.24300039748138472,-0.38174919852429073,-0.3889110634105298,-0.2483616729502969
company_4355,-0.6224964350283364,2.4579799595294807,-0.5714112215611264,0.9636638029879269,0.6607039287979452,1.3862478232863829
company_7402,0.36095035472854237,-0.44652544231368213,0.2131342219632851,-0.7513180900993073,-0.2587591096599015,-0.37753214389531464
company_2214,-0.2919613689337862,0.47646869353038845,-0.6879928454530477,-0.13500673313156886,1.188948358842384,-0.3247053681149788
company_4301,-0.0928916657649651,-0.69068883037945,0.4682312687686073,0.16307478461960193,-0.6239272114458823,-0.0671675178484133
company_3652,0.3734211314011707,-0.4591656370643826,0.18560237100114038,-0.7273083928995899,-0.25226742906824373,-0.35534636326445806
company_3890,-0.45467895484976556,1.4974822739756515,-0.36891642116319145,0.6868016973446717,0.9957912243126902,0.4285562393219285
company_3070,-0.5667979139547181,0.27539153007555417,-0.19672351857422835,2.1856974472295523,0.9722889485072832,0.7004915380433121
company_6295,-0.4362694022013243,0.938914411835271,-0.8056025851352253,-0.00920670665088231,0.9700400292690818,0.13851278108617457
company_2555,0.34409602395942973,-0.6335780800132653,0.06429411247510355,-0.3751103787330962,-0.2854385551723625,-0.20586309866759
company_985,-0.7331025440488628,1.6222921725796864,-0.9562456880880876,0.5988766973922864,0.5086711743972583,1.278590188228539
company_3587,-0.17048698108421265,0.47569811677215235,-0.39206722909833913,-0.18487423521936516,0.6738034095446487,-0.16993982123063298
company_4945,-1.1609627386340855,-1.308092193097611,0.2809875915837375,11.203521260002786,0.5160072926664221,4.454218217288328
company_4259,0.28785353926110485,-0.5139063693189847,0.20346912267187048,-0.5656849514941933,-0.32404434763004636,-0.2962312975933346
company_254,0.3020006440397309,-0.7947815244057024,-0.17465452942960963,0.05591246174796148,-0.3500569716702355,0.0420367883444682
company_1433,0.35481065338676626,-0.46071871321342917,0.22531956007838663,-0.732507719843661,-0.2619941933836049,-0.37699392449174807
company_2774,-0.33381558156646035,0.7600070572914185,-0.5223155129398851,0.053614739657754644,1.1687053705953763,-0.24203097003342747
company_5191,0.2908619437062636,-0.5224569978104318,0.14111236286548562,-0.506374224051732,-0.33531334275571617,-0.225479354074544
company_4153,0.007449932250649516,0.1004983196667358,-0.29574963103201296,-0.37072067353355304,0.8662546155592161,-0.43146973753474527
company_423,-0.5989601777393252,1.439686920899859,-0.7457608053921246,-0.7438106073042863,-1.3577487427054917,0.7319378758913009
company_4757,0.08593409537916798,-0.6771572337718939,0.25533087988543074,-0.1326031661514595,-0.49673497393184196,-0.1223457075665884
company_6423,-0.19185086932815404,0.3317720635146762,-0.5040803280559342,-0.15554735767359973,1.3032703192822042,-0.42781553175625503
company_939,0.40206045025535736,-0.4382265938509969,0.20112366366965803,-0.8012909937915508,-0.22415803931717007,-0.3965041529854067
company_2511,-0.2158106372512551,0.24572168839057218,-0.20891742873753147,0.3463542122359895,0.6332898581863421,0.08008235686591146
company_1693,0.40206045025535736,-0.4382265938509969,0.20112366366965803,-0.8012909937915508,-0.22415803931717007,-0.3965041529854067
company_3229,-0.16080021782642068,0.33019454775494356,-0.5076015776692973,-0.18713833678175862,1.3311740347286254,-0.4463780194470092
company_6298,-0.2804085059422158,1.5260838909511354,-0.025748289125554918,1.4407122820680107,1.2541968294987336,0.40829003199367225
company_4235,0.28269759813515927,-0.6324476619600441,0.11134325103306435,-0.3344312356833072,-0.3360198361556365,-0.19079599832180583
company_7195,-1.3691196100352958,2.5248706306551054,-1.5133621690435377,0.0035777612893388893,0.06954879092154505,0.5601998456984271
company_2801,0.37080820491611816,-0.4292696586636637,0.16310856150753547,-0.7496715078195421,-0.25993059695189363,-0.3443582902580739
company_5845,0.34234553981160926,-0.4650513894033112,0.23055936576457922,-0.715627960140174,-0.2723282789018044,-0.3710241643217265
company_385,0.3640513586177206,-0.4484607870369188,0.13771665402770092,-0.7053826243810003,-0.26469722258737194,-0.33525808380014516
company_3596,0.2499122142135682,-0.1752579370639749,0.07740463777869691,-0.70093934713692,-0.3855677514091021,-0.22593076903028883
company_885,0.40206045025535736,-0.4382265938509969,0.20112366366965803,-0.8012909937915508,-0.22415803931717007,-0.3965041529854067
company_7534,0.3548952984195558,-0.45880444000460247,0.1857988872121693,-0.7102429334831778,-0.26692014080942,-0.35343528938424085
company_5804,-0.10279288518844476,-1.234995059630144,-0.010632236013049827,1.2823590986902549,-0.6954379851948655,0.5473375984417478
company_2269,0.36277213266659314,-0.4597639978270858,0.1018997607068836,-0.6769645674533238,-0.2631390794985394,-0.34042397955162035
company_151,-0.17462554589216311,0.3261976136771614,-0.503250345657012,-0.16990960450581194,1.3202456117189858,-0.44271754915191014
company_6956,-0.28883789480146493,0.1978752175894321,-0.5672093717782507,0.18911108679342056,1.2097257196403501,-0.2613860110512714
company_7648,0.18645412485342044,-0.5829465976703813,0.23890774394400813,-0.37118547463240137,-0.41074401629722274,-0.2163319558537558
company_6922,0.1341942800042826,-0.6320354186470837,0.28013707814497246,-0.2786903613910256,-0.4449883512983993,-0.21798936883622377
company_5861,-0.09228268698396763,0.23853672918583926,-0.26485901644675786,-0.21694355821129993,0.7551677119784204,-0.24348456231239207
company_1809,-0.2879641335052157,0.583157577746645,-0.5810849761023295,-0.06002507065134544,1.1564126429002126,-0.11616043279869478
company_1858,-0.17835469218990224,0.4451149688125606,-0.3318260122865826,-0.11638316407857967,0.643565895307342,-0.03882488748118038
company_6443,0.19142636798434828,-0.5782230988105925,0.26818757700219065,-0.40863341681535903,-0.39896987460862005,-0.25750912746533094
company_698,-0.16080021782642068,0.33019454775494356,-0.5076015776692973,-0.18713833678175862,1.3311740347286254,-0.4463780194470092
company_1914,0.10817158142482881,-0.7008916777232718,0.1340829484059959,0.43314118151021475,-0.516019965948752,0.2657914039223658
company_5073,-0.13622165641900663,0.24296420822733666,-0.3514958613387809,0.0894052767817624,0.7112973618721511,-0.09605068361167428
company_7324,-0.16080021782642068,0.33019454775494356,-0.5076015776692973,-0.18713833678175862,1.3311740347286254,-0.4463780194470092
company_953,-0.2255600237190381,0.320135694429749,-0.5645628251474407,-0.06059624071549586,1.2647879962076936,-0.35993334955627104
company_1093,-0.21020773441186896,0.3096038914523473,-0.48527927007360633,-0.11838758359741498,1.2916800448432213,-0.4278639086814678
company_7442,0.223602007666782,-0.6606853000200721,0.0706307065712257,0.03343112026236707,-0.40252738222934525,0.02624724618537123
company_5065,0.04094918346853353,0.0014280768223475944,-0.01507036369127304,-0.6313315223267971,-0.4764715184506736,-0.5528166307888667
company_314,-0.009359207857384479,-0.7721917160426519,0.3030593048843591,0.07081417724988283,-0.5679757395514103,-0.07979071323059332
company_2875,-0.16080021782642068,0.33019454775494356,-0.5076015776692973,-0.18713833678175862,1.3311740347286254,-0.4463780194470092
company_4441,-0.01574894543016242,-0.4599759592285157,0.5662110670544768,0.5941052085864709,-0.5681109478910704,0.2181711646730862
company_3299,0.2960878156587378,-0.12273349674445704,0.42187851540465116,-0.1676686544636097,-0.304419296908575,-0.08162553573583502
company_743,0.364127817597777,-0.4516147246421187,0.21666928806644012,-0.7502900590239691,-0.25512201739780166,-0.3805255325376533
company_2434,0.3202102961379765,-0.47839224722214047,0.24421592107784693,-0.6808790236564354,-0.2896933029635222,-0.3621051196840023
company_2013,0.369834676510714,-0.42630811298086024,0.18959905167901728,-0.784211250883739,-0.24906746260110227,-0.40192232775000253
company_5961,0.36927341460047064,-0.4397615997928001,0.20471101248015172,-0.7677383635122351,-0.25097074953394877,-0.3877891436794313
company_10,-0.26933493882280246,0.28510323747210814,-0.495216646223724,-0.010817482525861353,1.2385247109492215,-0.3769306900421766
company_5026,0.40206045025535736,-0.4382265938509969,0.20112366366965803,-0.8012909937915508,-0.22415803931717007,-0.3965041529854067
company_1125,-0.17298746176076693,0.07208689057088229,-0.2687587426407615,0.11263967934999884,0.687594449923052,-0.12465252926388615
company_7462,-0.09564853321506805,-0.7476904471379393,0.4058483155145496,0.06427316852213587,-0.6305273284926491,-0.11270538528334616
company_2782,-0.4067047797554132,0.1753691513454183,-0.4229873072067977,0.256172714496859,1.1269707797116935,-0.2884116254634438
company_3513,-0.17929774412415997,0.9130067737268324,-0.08892145094686409,1.3441956349488626,1.3640437016065974,0.19479650140486224
company_4582,-0.459011027984018,1.0205579196547407,-0.8439641275723047,-0.14120942132409764,0.853783447498321,0.4662039599465033
company_2153,0.40206045025535736,-0.4382265938509969,0.20112366366965803,-0.8012909937915508,-0.22415803931717007,-0.3965041529854067
company_3597,-1.2638308059926393,1.2617531862481173,2.8990677424575617,9.458842219866517,0.7096541671339257,3.278793709273274
company_6860,0.389369202046558,-0.4432044471859698,0.20645337605192335,-0.784053078811867,-0.2342247673946499,-0.3922841359994173
company_472,-0.1230350068554615,0.306850931731453,-0.3810771680095128,-0.01838691339682906,0.7297290779359734,-0.17033274963034584
company_3673,0.16307448061511817,-0.09929962815477182,0.03129295011966962,1.1110435393673308,-0.6222019765460007,1.2416758627776234
company_3481,-2.364751147553493,4.645815334770204,-3.0742069675487516,-0.8282230075876579,-1.4945102568764042,2.9436835213092074
company_1688,-0.7943048278619975,2.197480076116521,-1.2238200913995008,-0.012138654793894097,0.29621436149076447,1.6572980478699557
company_5999,-1.2371692137241639,-0.26866740974029374,0.04693881746171965,2.200046491031761,0.4472272284550834,0.4495444300027492
company_7600,0.30423982042120185,-0.4969238596112067,0.22422350719877984,-0.6230256650374247,-0.30640020041937244,-0.3302244033931876
company_6567,-0.27835775428795734,0.11056457973880407,-0.6157892310802487,0.3235709567432149,1.2204307232403033,-0.22503034490628232
company_5078,0.2311305879608024,-0.5516972430406002,0.23832641752969666,-0.4764104704518189,-0.3655648764285076,-0.2855992706328935
company_4990,0.389369202046558,-0.4432044471859698,0.20645337605192335,-0.784053078811867,-0.2342247673946499,-0.3922841359994173
company_951,0.40206045025535736,-0.4382265938509969,0.20112366366965803,-0.8012909937915508,-0.22415803931717007,-0.3965041529854067
company_7567,0.15715684537125493,-0.6153553251841778,0.2658197797349915,-0.3151687202278353,-0.42911275878784705,-0.21859974691068634
company_6823,0.37866159806392075,-0.4339429345326611,0.1972148905586952,-0.7841397788396517,-0.24236060371245857,-0.3975671893392398
company_7416,0.37866159806392075,-0.4339429345326611,0.1972148905586952,-0.7841397788396517,-0.24236060371245857,-0.3975671893392398
company_6875,0.31709396619760477,-0.4746282469471897,0.24116493554431975,-0.6813617644148499,-0.2926193018892833,-0.3615607388398004
company_903,0.3413228391276107,-0.5550243684504726,-0.007398631468080478,-0.44977674376529586,-0.29229394604503284,-0.22512562565491234
company_7602,0.35007911954724036,-0.4423566805023826,0.13856003505177314,-0.6924255545826068,-0.28094719428203374,-0.3122366901718165
company_4097,0.36503848525043125,-0.4522927382561813,0.21741783326311984,-0.7503296400352976,-0.2544873593893388,-0.37986254144168746
company_6492,-0.16080021782642068,0.33019454775494356,-0.5076015776692973,-0.18713833678175862,1.3311740347286254,-0.4463780194470092
company_4291,0.1537505743474029,0.014717442931335355,-0.05263889748986661,-0.7579552295533821,-0.5056628044590975,-0.10685345948374227
company_6029,-1.4706995546051638,2.9490800930991647,-1.2301711100873587,0.6546219336051606,0.12666053817936634,0.3737258934549133
company_1046,-0.28583236119582095,0.2814272253829002,-0.4535762308406173,-0.01587328335453454,1.2305577121897706,-0.39811096219528963
company_7334,0.40206045025535736,-0.4382265938509969,0.20112366366965803,-0.8012909937915508,-0.22415803931717007,-0.3965041529854067
company_3455,0.37866159806392075,-0.4339429345326611,0.1972148905586952,-0.7841397788396517,-0.24236060371245857,-0.3975671893392398
company_1368,0.40206045025535736,-0.4382265938509969,0.20112366366965803,-0.8012909937915508,-0.22415803931717007,-0.3965041529854067
company_1837,-0.17462554589216311,0.3261976136771614,-0.503250345657012,-0.16990960450581194,1.3202456117189858,-0.44271754915191014
company_653,0.32944278423660184,-0.4879615464070057,0.2137985755813052,-0.6570111279338152,-0.2858031413757894,-0.34099111927585213
company_2527,0.32857051051259895,-0.4271090604349865,0.13201122332906204,-0.6806534108810409,-0.3042945881278193,-0.28781919894282537
company_6831,-0.004371854734493507,0.09476842823458338,-0.2896697503660963,-0.3534757184810042,0.8568485202630588,-0.42682073475240667
company_5816,0.04067689771819401,-0.619045456262857,0.3935823496722083,-0.26717506825403364,-0.5125111795432504,-0.24751141271161722
company_7428,0.36679496353181434,-0.46133085275842356,0.14364222422657083,-0.7008659983715021,-0.2571294561695508,-0.35435687966932006
company_2474,-0.061655806746461234,-1.0099598239945504,0.12657698196014705,1.266098805225258,-0.6473439099068002,0.5408761531318985
company_4617,-0.19814241248367087,0.18057747816254935,-0.14872153838780863,0.3342219567134748,0.6854700453286423,-0.06956561788448717
company_4398,0.40206045025535736,-0.4382265938509969,0.20112366366965803,-0.8012909937915508,-0.22415803931717007,-0.3965041529854067
company_5970,-0.014059582621286483,0.3657339226679835,-0.21512625362979354,-0.689628916778963,-0.7178885240693323,0.20115129497121684
company_7355,-0.21300841023148723,0.6433873370281954,-0.42049225209154717,0.20679277006624072,0.5543418627785313,0.3518593128390687
company_4293,-0.34637766512583323,0.11969343768124968,-0.5363030461880762,0.3401089754303555,1.1675840415318832,-0.22844942137336324
company_6043,-0.3005928197485469,1.09640316974563,-0.34918475848943187,0.32890648122562777,0.44024441863736063,0.623545939642919
company_2038,-0.17401597796905616,0.32567036957642137,-0.5027244124581477,-0.16990466880255328,1.3207087727450217,-0.4424167928055566
company_2870,-0.01292492979154833,0.40759371632376,-0.0014296590592068879,-0.5162897811103009,-0.6516907746434726,0.06126350797014647
company_4123,0.40206045025535736,-0.4382265938509969,0.20112366366965803,-0.8012909937915508,-0.22415803931717007,-0.3965041529854067
company_7214,0.041042437715334806,0.31953031951302197,0.8020151481491828,1.3555103948291554,-0.5750498650239786,0.9213779722926682
company_6848,-0.5890808742012733,0.25278866383595583,-0.30822291791660356,1.7173495006899882,0.903978672824401,0.6607823858068849
company_6819,-0.07279416359724711,-0.9187646290724127,0.24159610619981084,0.3877275036410669,-0.6270488076643226,0.051901520553257134
company_5155,0.13563846724573964,0.3230093763171677,0.0019635529843330403,-0.22895584309005013,-0.5849668783156314,0.4327396408490329
company_4168,0.40206045025535736,-0.4382265938509969,0.20112366366965803,-0.8012909937915508,-0.22415803931717007,-0.3965041529854067
company_2353,-0.2512457979524573,0.5240500027856722,-0.5229557947197894,-0.09215200744286624,1.2200651051993379,-0.2541116385880747
company_2826,0.2964407784162469,-0.27511928694282484,0.1812429736993889,-0.6329998277141589,-0.35410510626879543,-0.15285592294549216
company_1794,0.40206045025535736,-0.4382265938509969,0.20112366366965803,-0.8012909937915508,-0.22415803931717007,-0.3965041529854067
company_6899,-0.2279758892479524,0.77693021688851,-0.334015234585726,0.2626350989871028,0.6377520632367103,0.02297539088019414
company_7245,0.2959184209946924,-0.4349213367417532,0.18759436542728158,-0.6570677363147261,-0.33259256109431773,-0.26911639872090626
company_7307,-0.12273825073797255,0.7554603394528802,0.2408787217590812,1.3553459373860908,0.796449705303237,0.348321536869734
company_5433,0.389369202046558,-0.4432044471859698,0.20645337605192335,-0.784053078811867,-0.2342247673946499,-0.3922841359994173
company_3128,0.1915663852082283,-0.6840810418816062,0.16390763398533856,-0.19523794293044175,-0.4071814517319743,-0.15739223188317583
company_6233,0.3694993890971104,-0.4519211716293797,0.18091278346355957,-0.7289895830072408,-0.2572595322079269,-0.349775325798593
company_1102,0.19585202941640484,-0.6589864118838198,0.14697077594431224,-0.21804424431694389,-0.4102117855591552,-0.14072947983218526
company_5266,0.1431068973608593,-0.562305386379103,0.334851452522078,-0.423157033228614,-0.431779028348099,-0.2879178787070059
company_4245,-0.11277902790049565,-0.7124560904154655,0.45111575208084537,-0.0013469212958031177,-0.6375463997955211,-0.16223374757860223
company_1927,0.30998279044220467,-0.3830806549170059,0.08475658422961792,-0.713790083653136,-0.31550241299249715,-0.3256680074169265
company_3810,0.40206045025535736,-0.4382265938509969,0.20112366366965803,-0.8012909937915508,-0.22415803931717007,-0.3965041529854067
company_5901,0.029703668782466025,-0.6561524629027983,0.35468427169818656,-0.16955426629658824,-0.5306859346906738,-0.17972253495099574
company_5518,0.00043072153850040444,-0.2086536412760948,0.4559022554897603,0.8446253603358543,-0.643114848965106,0.6982607663142477
company_1422,-0.32973572425053765,1.388979709813688,-0.45008321695559306,-0.0003768699172523715,0.27228627617830486,1.0595729906209137
company_5042,0.40206045025535736,-0.4382265938509969,0.20112366366965803,-0.8012909937915508,-0.22415803931717007,-0.3965041529854067
company_2079,-0.24058518389560501,0.27037707370873426,-0.5236401074634702,-0.0023208619618304656,1.259877983812579,-0.3649116979985487
company_4360,-0.7020825332696847,-0.13257635848573351,-0.3656264592572754,1.2055977651657936,0.8815207385959621,0.06980400959089779
company_3258,0.11457282982148495,-0.7621260493004288,0.16650906576367022,0.006882010403814741,-0.4768543947005113,-0.0637901821200841
company_2351,-0.09055751369303788,2.3142582738563835,0.6955623895191421,3.3622099496527915,1.3694103942786109,1.6982501452514376
company_956,-0.10359729985885047,-0.8053508538516471,0.37564036956685565,0.16959856876681392,-0.6370344050989428,-0.07837371320957802
company_4266,-0.6807782973443839,1.5606598296874636,-0.5757869158054478,-0.43748390783725866,-1.3180946581117976,0.4720130385307846
company_1547,-0.20976692357721988,0.30993965940934093,-0.4851420128555858,-0.11869102605662564,1.2916404306746885,-0.4262493143298862
company_427,0.3882351221896149,-0.44222352792877906,0.2054748956819433,-0.7840622615156041,-0.23508646232680971,-0.3928436826903076
company_7259,0.007449932250649516,0.1004983196667358,-0.29574963103201296,-0.37072067353355304,0.8662546155592161,-0.43146973753474527
company_6079,-0.07734815932797512,-0.7062783797515826,0.4085404925985538,-0.014730016321686646,-0.6162965788170988,-0.1364983944267817
company_23,-0.25054841118152676,0.32196506014739273,-0.5965939292390756,-0.008194023683813454,1.2346678798110877,-0.30802807357459155
company_4899,0.3482389248582544,-0.43936691359371133,0.17541833997604894,-0.7161541326611367,-0.2791236116188027,-0.3300649899276234
company_5016,0.15482513966575473,-0.5954130826694005,0.2857803492600173,-0.3564869621731382,-0.4275378592031081,-0.24603739865304883
company_258,0.011385459758394277,0.6089813913079429,-0.07529780729375962,-0.46190479156675596,-0.7042607175309238,0.39123391140937547
company_5254,-0.43044888688152655,0.8530803558256888,-0.6306496900976213,0.027750174736631095,1.1078398983845386,-0.35435541385075814
company_776,0.1984763261508049,0.00015554583118678036,0.09682838877956171,-0.6668307400876478,-0.4448023445607259,-0.12895905251272186
company_1595,-0.008360035564743218,0.09821799428903728,-0.29311073966719275,-0.35350801098914636,0.8538182264182969,-0.4287884739487042
company_666,-0.020446227126494052,0.09503665382613737,-0.2880453987886162,-0.33725847007035,0.8429994508275243,-0.41974989213036523
company_6866,-0.17000990536855115,0.42243274660062413,-0.36059965329224203,-0.25701556683846266,0.6264105090090984,-0.012952042502940839
company_7645,-0.24130404999801408,0.37828873232626364,-0.5978079565265643,-0.14494432217659048,1.2685458613949907,-0.4668483715353669
company_1474,0.12818471925982608,0.07359250214662115,0.02102567340049341,-0.6833204918363865,-0.4960550512389753,-0.1805844814727318
company_4924,0.23365919455573578,-0.0580080219843437,0.17149397989696474,-0.4527077436812739,-0.40223567088460277,-0.0731693780472539
company_3773,0.007449932250649516,0.1004983196667358,-0.29574963103201296,-0.37072067353355304,0.8662546155592161,-0.43146973753474527
company_4774,-0.15723518471472328,0.4487689135845022,-0.4274772339910685,-0.33597506644840075,0.669135725253213,-0.18322003681908583
company_29,0.11804977132554087,-0.44800622995054773,0.36080641235132666,0.34693452040580186,-0.48024532200250336,0.18655767608429114
company_3196,-0.37888444381917297,0.5824821361774841,-0.6480781375930186,-0.10246247202054938,1.1765023736984859,-0.5430505909281169
company_2116,0.2825439731937447,-0.18642937130271897,0.2646139506210377,-0.39441205334942697,-0.3376131785703814,-0.1337456412103125
company_6504,-0.05024252607029095,0.4011527075772469,-0.25861327800680245,-0.7021962731490625,-0.7387764978460517,0.14976219554172057
company_5427,-0.5694596802164754,-0.7092415390284244,0.6900015485930879,0.9218533122334523,-1.088523442334044,0.5108406902544452
company_3763,-0.37506696171369647,0.21359102239948058,-0.4224878741346987,0.1631947831700573,1.1557338901272016,-0.33093153580678275
company_4461,-0.45394758630360194,0.8234444177601377,-0.4406336888281654,1.6096132584707676,0.9253010225099388,1.040738162812064
company_1964,-0.3178776272798096,0.8709701145664773,0.23991846363896585,1.0630388030302615,0.5673634895099234,0.46441667014414795
company_2460,-0.4498625029623827,1.143930985598051,-0.48042238719347735,0.40917261188205345,1.105601024260326,-0.17957200181991353
company_802,-0.3586563785020983,1.9272821053176783,0.23446828561814068,1.4851680236907487,1.3129072013836147,0.013913257678475937
company_3152,0.15166646625088698,-0.5469440003028317,0.2915884733762368,-0.18464044637472243,-0.443722735035805,-0.10758570714720157
company_1180,0.3475571474677993,-0.44985009440511425,0.21750368588951166,-0.7345337348505881,-0.26990560223207155,-0.37162034379705455
company_4300,0.3073130788297565,-0.5008769668879135,0.22731406554090636,-0.6224463536429563,-0.30338868761480353,-0.33123108118826555
company_265,-0.2778229554871834,0.6702246423475847,-0.4920473289898124,0.33047702549265245,1.2175358029923156,-0.12165254162072724
company_4345,-0.16080021782642068,0.33019454775494356,-0.5076015776692973,-0.18713833678175862,1.3311740347286254,-0.4463780194470092
company_242,0.27074940489247956,-0.49808190585680756,0.2662023961426357,-0.6124947087874086,-0.3296743707667264,-0.34195177942432153
company_1813,0.20088146991078143,-0.09379100781683662,0.021860747942978848,-0.7180594610235898,-0.443224203295828,-0.17402123757030996
company_781,0.32747613517335206,-0.4661276814913293,0.23332583147348843,-0.699271528530202,-0.28510389275624837,-0.36394777360849867
company_2974,-0.23293472515520675,0.30741499490525526,-0.5925000784948825,-0.018853935599101045,1.2564512227744795,-0.3395721792748027
company_6585,0.3414284354557783,-0.4640599003589536,0.22970088863001972,-0.7157202656948686,-0.2731286639959903,-0.3710903994124031
company_2798,0.17900465585359324,0.09629545948296651,0.1527564620723123,-0.4504319428777193,-0.41640332757011644,-0.19061673078834554
company_4392,-0.32079142802341926,0.697043711405271,-0.5061668444058053,0.1851413390872319,1.1451545980685418,-0.04763182399327455
company_6147,0.8247613251695087,9.487807127965207,5.179357304005926,10.434820078285266,0.5718519904634312,10.53536783242667
company_456,0.37595815036707975,-0.44700856718725357,0.21097521184855902,-0.7670569697599671,-0.24512630525272142,-0.38734541419412705
company_3189,0.3045818761566579,-0.49792973599414153,0.22475932161433873,-0.6227188935856715,-0.3057694217581122,-0.33143904004223085
company_584,-0.07201042235268357,0.3136037127573489,-0.2501297250850737,0.27589974694068437,0.7875497458901707,-0.06664544939101313
company_569,0.28216955806301675,-0.6744231631026946,0.06516292544964827,-0.023939606288536766,-0.34228042555894767,-0.03919631920378862
company_1146,-0.20225192552484833,0.3206474177758438,-0.4953624395351248,-0.1365072209512349,1.2971197861485513,-0.4305824366806156
company_5496,0.40206045025535736,-0.4382265938509969,0.20112366366965803,-0.8012909937915508,-0.22415803931717007,-0.3965041529854067
company_6909,0.03267301881236093,-0.2268153528350267,0.5399795441911719,0.2581624116660799,-0.5540855356782274,0.2005546675374503
company_6202,0.1875216481942413,-0.39040661426843287,0.379744670172825,-0.28335613430601975,-0.40575930237914565,-0.14591669182531292
company_500,0.34174841253281446,-0.42253245335964834,0.12709472166446165,-0.69789581317235,-0.2938683732249384,-0.2917607526981339
company_2695,0.23558949164335707,-0.5304299392335479,0.2617056410249045,-0.5207558854296509,-0.36259053825296933,-0.29566068200972956
company_7123,0.18858405897656075,3.3727283184622334,1.7269178883235392,3.604933060308131,1.164824821474212,1.5450631713688083
company_2941,0.3529039800461325,-0.45900908451851596,0.22365399420869267,-0.7325490435796386,-0.26347449893143265,-0.37781686831223044
company_4732,0.40206045025535736,-0.4382265938509969,0.20112366366965803,-0.8012909937915508,-0.22415803931717007,-0.3965041529854067
company_1604,0.40206045025535736,-0.4382265938509969,0.20112366366965803,-0.8012909937915508,-0.22415803931717007,-0.3965041529854067
company_6849,0.40206045025535736,-0.4382265938509969,0.20112366366965803,-0.8012909937915508,-0.22415803931717007,-0.3965041529854067
company_3404,-0.16997143791550706,0.7138546862613799,-0.3915969192175193,-0.6453914270132065,-0.9074211109835171,0.44629857722041627
company_7319,-0.5582247873864085,0.9601039227647515,0.26180752067791285,2.5150840167059827,0.9772410799130326,1.0189982160639317
company_3631,-0.18711941601926566,0.5081510448939257,-0.4125421236056206,-0.1927444004783734,0.6517285747662437,-0.14294466337097503
company_5435,-0.23969975050492254,0.5129268315156529,-0.5623996407460566,-0.07896617430032173,1.2342374051473985,-0.27255367535420444
company_1321,0.10981585246500516,-0.692981789093447,0.22450701895712363,-0.12187287126854701,-0.47630735424109377,-0.12307258003329415
company_5715,-0.3562939850950083,-1.1010971490137667,0.38565435263468817,0.8648474258363495,-0.8507849476370414,0.1794275090229206
company_3995,0.37338085851451874,-0.4444939332203012,0.20865478036179705,-0.7672000409337179,-0.24723366521332593,-0.38806092991614083
company_6088,-1.7655682973348072,2.5284551748484487,-1.771500116666555,-0.18902667879144933,-0.7354428737765523,-0.08755523361291973
company_940,0.36129847910205953,-0.4327709070405942,0.19779880787038087,-0.767842667910255,-0.25707872483055855,-0.39154311704144107
company_1795,0.40206045025535736,-0.4382265938509969,0.20112366366965803,-0.8012909937915508,-0.22415803931717007,-0.3965041529854067
company_1719,-0.4307262013938249,0.9398893629831434,-0.5950090705507108,0.053738170547253765,1.0098624254225876,0.06359373055931879
company_6285,0.22606084457230743,-0.5606638401259799,0.14346052485983662,-0.3803710367964491,-0.3918147150307366,-0.17204404093070857
company_3521,-0.28511464375913675,0.36233892263161427,-0.43938003918085355,0.09654467919428882,1.2200881750598043,-0.2907845960620959
company_2377,0.06762995591769284,0.21640895621229334,-0.13114389382916347,-0.8362305352361563,-0.6335908231332283,0.07885224915696024
company_49,-0.6753661266400669,-0.12589940764394575,-0.4093235529259477,0.9700783446012513,0.9024296334357441,-0.03458279923281911
company_2365,-0.23076538089637127,0.29507424186574793,-0.4703211457912028,-0.0837011211994061,1.27542190684275,-0.4178240623090799
company_4107,-0.5189888996130756,0.3336770822534333,-0.23442140797645325,0.9549711118899158,1.0221363568544728,0.10825727313785341
company_6031,0.40206045025535736,-0.4382265938509969,0.20112366366965803,-0.8012909937915508,-0.22415803931717007,-0.3965041529854067
company_3376,-0.7052525240362103,0.12914283909485041,-0.19571859760753033,1.8838406657417246,0.8579143799950854,0.5212459415729926
company_2644,0.08220803718467493,0.33489400629704796,-0.17102799380208644,-0.4420834755608312,-0.6961995201956934,0.5656887374215794
company_1310,-0.5092825536024671,1.1723642493109405,0.03690587624095928,1.7270155619887089,0.938702072501941,0.9708215440444941
company_183,-0.4526666637178816,1.73786299434932,-0.43434776429894173,0.64430126425912,0.9589207702829667,0.5803564859260313
company_751,0.36623472837163523,-0.4762277556464411,0.1592440764258035,-0.6837754673286236,-0.25827845563226737,-0.34303382852826075
company_2225,0.20952587065259165,-0.25723204232999747,0.2927777417630581,-0.40089374672682726,-0.42475640921943136,-0.046342469943981515
company_5697,0.030245583811134014,-0.6812896759627662,0.3354653153404058,-0.1253634021734337,-0.5300985076394984,-0.1663061858931048
company_1816,-0.16080021782642068,0.33019454775494356,-0.5076015776692973,-0.18713833678175862,1.3311740347286254,-0.4463780194470092
company_788,0.40206045025535736,-0.4382265938509969,0.20112366366965803,-0.8012909937915508,-0.22415803931717007,-0.3965041529854067
company_2516,0.15437571065222247,-0.6360154666132052,0.24319036751781284,-0.27169102452034904,-0.4318874769978229,-0.2037000334465151
company_1983,0.2958383993513454,-0.5074933786209842,0.23389217727997233,-0.6049475608067911,-0.3122247941287814,-0.32755315405115965
company_1651,0.3578667885097643,-0.5676159133850491,0.006293011856021326,-0.4503784107229807,-0.2806209983229516,-0.21361539745466668
company_5161,-0.9043719536547338,1.773216775162462,-1.2600314921082876,-0.2872212969386394,0.41943152115897814,0.6021673328903162
company_3899,0.3495677570123659,-0.47187101592468267,0.1980648799942849,-0.692209168023269,-0.2704936011262058,-0.348932377647222
company_1590,0.3187775791961036,-0.46329772037037714,0.19936297815762247,-0.6637078685374018,-0.3019713469375285,-0.3161717400580329
company_1831,-0.43278965751299286,0.755268827796669,-0.37797558231124506,1.3072832191706427,1.0217270978157011,0.5947575915801832
company_3412,0.17833329485901933,-0.09456612434752994,0.09572303810383001,-0.6399965365590967,-0.3840128491873668,-0.44053874281491856
company_6995,-0.026424638138552864,-0.6763592979351716,0.41196835783891755,-0.12164837639516216,-0.5684984015250716,-0.1947473720326598
company_4908,0.3242500971704425,-0.46507932895872683,0.23113294070838938,-0.6985517920253795,-0.2866451591199157,-0.36893361197827573
company_1825,-0.3280954752845028,0.050922115999096254,-0.27958812520779297,0.5963277292139795,0.5177564971576732,0.22954392827385428
company_2983,-0.28593920558471625,0.15453099667464176,-0.6498938557399316,0.5220625170536347,1.2012834615977135,-0.08534303365625175
company_1435,0.36907317296717107,-0.4346450013246837,0.20286247134997581,-0.7698565598477617,-0.25370509154226034,-0.37825615921758654
company_1261,0.2694391630894616,-0.371846424361524,0.06927927645342258,-0.4031727157925561,-0.3842039842235066,-0.052512094245149694
company_705,-0.31400964831467904,0.22151626450268846,-0.47280110251784463,0.11876191718536043,1.2014798626531038,-0.32909764529540336
company_1743,0.3736646645685724,-0.5072797172443196,0.10703353431714106,-0.6164321859866687,-0.25643195187438483,-0.3064907190143722
company_6749,0.3607032121158624,-0.023366792032556552,0.43819248987065207,0.223045968364848,-0.22333063836628902,0.01167929212712252
company_5992,0.38931722338644814,-0.4431594883866819,0.20640852903496593,-0.7840534996857883,-0.23426426174570722,-0.39230978188941645
company_5812,0.40206045025535736,-0.4382265938509969,0.20112366366965803,-0.8012909937915508,-0.22415803931717007,-0.3965041529854067
company_1895,-0.919595810101673,0.5674186826970985,0.2364491404707217,3.0701273073940953,0.6562011897215737,1.2459130490207213
company_568,0.22572263148008612,-0.327324458424376,0.04472149154119756,-0.3307378296140489,-0.4686667519369797,0.16648037683304212
company_2946,0.3765470116639956,-0.4321139288343576,0.19539043236883658,-0.7841569007559949,-0.24396730572138156,-0.3986105107732957
company_6367,-0.011540877634502568,-0.7726104819914746,0.3019586136300537,0.07178376555425055,-0.5684289760938558,-0.0853597732805416
company_5389,-2.070213943831745,0.2016514551269048,1.6037592639441784,6.6472953584895915,-0.18881359922631097,2.4359146785040355
company_4095,-0.061493957535617795,0.09698290143107295,-0.35731224855289057,-0.24546458247402822,0.7951618542030501,-0.34139148132262703
company_3751,-3.3040676065248844,9.775105425276788,-0.6513475036969459,5.029640009114049,-1.9473475089123164,5.166643506502752
company_7066,0.3292806654591757,-0.469890258255475,0.23562915111667568,-0.6983142105557484,-0.28258268701002115,-0.36734735506766397
company_4835,0.40206045025535736,-0.4382265938509969,0.20112366366965803,-0.8012909937915508,-0.22415803931717007,-0.3965041529854067
company_117,-0.3048860593089421,0.5545056628911813,-0.34635719102773616,0.6758655038701183,1.2009312372839311,0.01893365038243691
company_95,0.3186427494580242,-0.409149450554486,0.0876552712679244,-0.7162747146005329,-0.29046009104250703,-0.39916253772704485
company_3445,0.04515878913180249,-0.737376616337433,0.2679548616243778,-0.016387467756460286,-0.5255799610230606,-0.1010246358728988
company_2948,0.23613242283265873,-0.024554465955477375,0.19647112597554126,-0.2659629483634941,-0.4176003325588582,0.08986483944294181
company_7279,0.07107169218394298,0.3055625303468335,-0.020351660693114892,1.1839066343506761,-0.6376384589989186,1.0554371706168608
company_6984,-0.18944457942181908,2.3485136564510816,0.682589490247079,2.4599317207529965,1.3354267879585666,1.0814714568002288
company_7100,0.13941428533687927,4.433775435570267,2.5843221527756297,5.6814687178096435,1.6231765566989034,3.1113712038661507
company_2099,-0.24943926631779068,0.29665874921090274,-0.4706236507082574,-0.0671058059355183,1.260084594694405,-0.41385203233737894
company_94,0.30546615066679583,-0.5326254669339882,0.1420067288070431,-0.5178200133569582,-0.31674568980203244,-0.2550429550496993
company_1974,0.3768928439751119,-0.44826834509320446,0.21193465537442926,-0.7668561647038776,-0.24418036125034362,-0.38776359534802224
company_5751,0.376152358112188,-0.44620501950641,0.2108134336761914,-0.7674713680413348,-0.24548622170783516,-0.3853566579323688
company_451,0.3900023966333512,-0.4437521271045679,0.20699969425849551,-0.7840479518022805,-0.23374365439086067,-0.3919717224303369
company_2176,0.3580015743992419,-0.43218919241542614,0.16767479971270038,-0.7332730905012107,-0.27110803139951956,-0.3363791973283106
company_4449,0.32910555875102854,-0.4699426662309172,0.23554717859237148,-0.6982283407558734,-0.2826092465113127,-0.3678309665711922
company_245,0.375087538823129,-0.4442899842874194,0.2095577453032526,-0.7679055924707202,-0.24681452088188197,-0.38394526574733484
company_5339,0.40206045025535736,-0.4382265938509969,0.20112366366965803,-0.8012909937915508,-0.22415803931717007,-0.3965041529854067
company_4083,0.33481108412649874,-0.46609649794295716,0.1985731860316421,-0.6788268274565096,-0.2868130263653153,-0.3282621782817263
company_1838,0.3748480540189237,-0.4955875341893891,0.09287299691590208,-0.6323763100709102,-0.25341702192435184,-0.32270024073704917
company_87,0.20098072186788954,-0.5331472009893579,0.30357609218654275,-0.5091522197005972,-0.3853947154818315,-0.3128625741138471
company_1652,0.389369202046558,-0.4432044471859698,0.20645337605192335,-0.784053078811867,-0.2342247673946499,-0.3922841359994173
company_5618,-0.6732084328364015,1.8883148443109081,-0.6521831643078057,0.5124514045362268,0.780828730761022,0.44489840190322977
company_946,-0.1735718514171177,0.4824647773171207,-0.3961181736266515,-0.18665399629243326,0.669318655062352,-0.16347647968776158
company_4741,0.18162422507844206,-0.9007272212516283,0.728909159813796,-0.01956675771878092,-1.1262229298750672,-0.02180998039189315
company_3930,-0.2664855299812757,-0.6210326008952074,0.6971274752788189,0.5685609287917089,-0.7613875064805015,0.1096067682691928
company_3417,0.3902433886029516,-0.44396057244672094,0.2072076213371163,-0.7840460004777363,-0.23356054421777675,-0.39185281875852274
company_6228,-0.7392567853068074,1.7507537106704676,-1.1950210084805337,-0.4195837917792866,0.41146520235242284,1.155937734929022
company_5147,0.37596777544019394,-0.44528192205452655,0.21039537518616316,-0.7677997398091014,-0.24602525709037423,-0.38396022746775693
company_6254,0.281605864486025,-0.489956427450508,0.2587605931174287,-0.6304156821413837,-0.32181694713093983,-0.3440363173093625
company_2301,0.2867378300648799,-0.5599190878106007,0.16233369715545393,-0.47833116181384644,-0.32577308863294363,-0.2658870980978698
company_232,0.37866159806392075,-0.4339429345326611,0.1972148905586952,-0.7841397788396517,-0.24236060371245857,-0.3975671893392398
company_3734,0.6060368557566861,-0.7166965443454495,0.45796027602179024,-1.0238552241771548,-0.7877984992305893,-0.3784302448476064
company_5911,-0.29492059190743297,0.474924268902263,-0.6147728650876898,0.33580723925588235,1.1525562259086346,0.036687539340699266
company_146,-0.12439433036879956,0.3291225827150075,-0.22285046148289858,-0.109381342002118,0.7247272617695993,-0.16690868401751427
company_6214,0.3043373285093911,-0.49412033103599035,0.22332867258633562,-0.6242613501923604,-0.30783459544143127,-0.32454953574659945
company_1431,-0.22477010245888757,-0.8722134991234769,0.38876021589338505,0.6500506924742663,-0.7637916774272385,0.2191490286954403
company_6689,0.389369202046558,-0.4432044471859698,0.20645337605192335,-0.784053078811867,-0.2342247673946499,-0.3922841359994173
company_6025,-0.36955796809377756,2.486853494285375,0.5279860209780178,2.110560330947926,1.2882588100661063,0.47465822166352367
company_7031,0.2478652182363989,-0.5095250577687874,0.27878905645171437,-0.5782870001139915,-0.34826134841272416,-0.3309669180644311
company_2906,-0.006375395815092921,0.09650138558895362,-0.2913983990197277,-0.35349194125760636,0.8553261925495764,-0.4278092672396462
company_6158,-7.961217458209423,8.01855123540924,-7.418375975473439,-0.4259795735857984,-4.99890624075199,-2.6869971917861553
company_4648,0.40206045025535736,-0.4382265938509969,0.20112366366965803,-0.8012909937915508,-0.22415803931717007,-0.3965041529854067
company_5465,0.38766335692840614,-0.44172898113661213,0.2049815784954117,-0.7840668911287383,-0.23552090018844027,-0.39312578748029814
company_2264,0.3415221261345092,-0.46235394655095047,0.22917594879357053,-0.7164846284602507,-0.27399091449177576,-0.36756237698697347
company_4010,-0.34071696897917747,0.7275089980415055,-0.5713277445208677,0.13727787458282453,1.1581351643983664,-0.19795970436771426
company_1068,-0.2871210508133207,0.5393645299206976,-0.6264212804894216,-0.039483506434148004,1.1931113458268225,-0.2631439851148147
company_2904,0.3499543837359073,-0.4543699698306101,0.22040132106544888,-0.7334668725272638,-0.26680625968333604,-0.37520414663219426
company_1249,0.3890006260930515,-0.4428856484273828,0.20613536993167983,-0.7840560631905815,-0.23450481824760186,-0.39246598867395666
company_7285,0.33161713962944356,-0.47255793261381007,0.23786429558649666,-0.6980183794640071,-0.2804695607578773,-0.36745468661287023
company_3637,0.37721717740124694,-0.44812005472540056,0.2120691220491302,-0.7670371436119493,-0.24415792253378835,-0.3867680501174028
company_3742,-0.24783116492575727,0.3782240029473855,-0.49506182098176726,0.06782486257942215,1.2455958249845367,-0.2836679907263907
company_4309,-0.28961089109911586,0.635366186633845,-0.5350206289403374,-0.0332377019828335,1.211901458529542,-0.3170444213471281
company_6269,0.40206045025535736,-0.4382265938509969,0.20112366366965803,-0.8012909937915508,-0.22415803931717007,-0.3965041529854067
company_1263,0.40206045025535736,-0.4382265938509969,0.20112366366965803,-0.8012909937915508,-0.22415803931717007,-0.3965041529854067
company_75,-0.48806680248311823,0.09717294405407506,-0.42282283975543117,0.4599398407868564,1.056031277360285,-0.20462160966505222
company_2334,-0.26208268421725717,0.29478890403193686,-0.46632028488640137,-0.051215947337315555,1.2484091247527302,-0.40347212721571313
company_4944,0.40206045025535736,-0.4382265938509969,0.20112366366965803,-0.8012909937915508,-0.22415803931717007,-0.3965041529854067
company_6613,0.3775309572760613,-0.44781079104064075,0.2121430088890447,-0.7672832222208581,-0.2442228191621482,-0.3854818551400402
company_2590,0.35076240623694027,-0.4191143500878647,0.1591191998816507,-0.7362489198185618,-0.2801674492351614,-0.3266757460340863
company_564,-0.24753608540889238,0.2961317523815318,-0.4693609768813435,-0.06756957486890937,1.2609460744573633,-0.4107324426925278
company_5803,0.32832986038247475,-0.47978825069395026,0.17147402481105178,-0.6369924080917482,-0.2943673666820966,-0.3078464301323084
company_5402,0.003955061032940464,-0.6339349908869353,0.4103265910336643,-0.2159698888475627,-0.542317957093427,-0.23182022536396596
company_4563,0.26840403085827114,-0.5291118993825666,0.21928754551856813,-0.5311105151840259,-0.33960811867324003,-0.2850940816496785
company_5576,0.20708991952885544,-0.7214558601032284,0.11845049397352743,-0.12811928348414642,-0.39953926871568635,-0.11553540246148318
company_2515,0.3857495971698148,-0.4400736798901028,0.2033303928710704,-0.7840823869412946,-0.23697501038645993,-0.3940700225211755
company_893,-0.5709686126491608,1.6321932225826625,-0.7733135332285056,0.14079933096161446,0.7602125815244595,0.6625833256933944
company_3490,0.33164834306040825,-0.42626557459692677,0.17239834223571238,-0.7052445411219991,-0.2998350815409506,-0.29911459740803764
company_7246,0.40206045025535736,-0.4382265938509969,0.20112366366965803,-0.8012909937915508,-0.22415803931717007,-0.3965041529854067
company_4303,-0.3340414027577143,1.0383022611529782,-0.3513622382295232,0.18095191980251754,0.5684838087521629,-0.07872340147823448
company_5190,0.2836714058513399,3.284513560803789,2.235303331086826,5.3043592323591495,2.0520342244938323,1.5359494137570584
company_6495,0.007449932250649516,0.1004983196667358,-0.29574963103201296,-0.37072067353355304,0.8662546155592161,-0.43146973753474527
company_256,0.35277697292385424,-0.45784615650376476,0.2231874293184036,-0.7330009578137455,-0.26412107633762494,-0.3758277110574181
company_6098,-1.2363993858062428,3.8650351490207955,-1.1584214565079376,0.7583480413127485,-0.7974625559580623,2.6912232316117324
company_2022,-0.1766101856418134,0.32791422237724505,-0.504962686304477,-0.16992567423735194,1.3187376455877062,-0.44369675586096813
company_3902,-1.1843161529258404,-0.4627644583286768,0.007740650762090035,3.0632320062881857,0.5149995556986516,0.7261239595949666
company_896,-0.7120519278430887,1.3278847136663563,-0.8718661004625057,0.050671244399781316,0.8086137629102572,-0.11429093575847829
company_944,-0.2467832851885479,-0.8360133980954931,-0.7437890388301895,3.358378606440612,0.565381868445959,1.3954790791157128
company_7459,0.16769130994832618,-0.23915261340030428,0.3583914856481654,-0.19361272394951534,-0.45930132080870184,0.05369813123766501
company_7088,-0.3699953027149096,0.3910186632748987,-0.2933810964612643,0.5123373157740492,0.3969044288317057,0.565379793661365
company_6634,-0.8397207691967882,-0.6297513537994435,-0.6522094453916238,2.0292413088202212,0.7373314896948997,0.43414399212791427
company_3053,-0.1766101856418134,0.32791422237724505,-0.504962686304477,-0.16992567423735194,1.3187376455877062,-0.44369675586096813
company_6301,0.354697245401072,-0.46062062128771014,0.2252217120413886,-0.7325086381140348,-0.26208036287682085,-0.3770498791608371
company_7418,0.389369202046558,-0.4432044471859698,0.20645337605192335,-0.784053078811867,-0.2342247673946499,-0.3922841359994173
company_3991,0.35438685822531946,-0.4603999558244502,0.22497011586851443,-0.73249068388668,-0.2622912307876649,-0.3772961620199076
company_7136,-0.28485243399334087,-0.8819121089386538,0.46827887752983977,0.6612652954016733,-0.7956010603937672,0.15477069081546824
company_6618,0.3760697043179927,-0.4476449489879414,0.21125447984084011,-0.766824904730497,-0.2447595300516183,-0.3883423095513359
company_7215,0.0265210516732296,0.44528218164800043,-0.19723625507934095,-0.7173697690815203,-0.7644571380476054,0.5276936464755491
company_413,-0.18639148925295734,0.32180289759349834,-0.49759127104734,-0.15325654932351318,1.310159285448259,-0.4353454094330363
company_2049,0.3113983710889993,-0.5149478528643026,0.0896020856010804,-0.5149320214125438,-0.3193466608318269,-0.2295998405411082
company_6805,0.01220390999003043,-0.78450637993345,0.2697249531298314,0.08088157534595676,-0.5500956864857093,-0.07873041153766151
company_2212,0.40206045025535736,-0.4382265938509969,0.20112366366965803,-0.8012909937915508,-0.22415803931717007,-0.3965041529854067
company_1506,0.2481129463478617,-0.5109920511951096,0.2794274581411165,-0.5777486266990568,-0.34741875836845165,-0.3332855093605186
company_998,0.24457029731995322,-0.5617266624210194,0.21046142541804727,-0.4538695939646294,-0.3601384968959724,-0.2562156413642389
company_2400,-0.24806717728485422,-1.010113145669311,0.5235061978677065,1.8387367807549475,-0.7390826205755627,0.5872388334044615
company_2258,-0.10924891833862085,0.3624591922212956,-0.37088659661923884,-0.31640310204731464,0.7290001077093482,-0.24684089406551174
company_5138,-0.1766101856418134,0.32791422237724505,-0.504962686304477,-0.16992567423735194,1.3187376455877062,-0.44369675586096813
company_4090,-0.5892946501043647,-1.3596880920464218,0.4005984466879864,1.4824101015008981,-1.0476513615704355,0.40818253322351056
company_5031,-0.3830375524020045,1.1220360401178506,-0.17020755772839175,0.7895690565025236,0.3419985239291457,0.9720614241784344
company_6591,0.23724214320064857,-0.5293833141623466,0.1913122261964212,-0.23998392750966405,-0.3818942742680081,-0.09705408378749604
company_6901,-0.21523872717033377,0.3180397855167139,-0.491004556493175,-0.12017708268744688,1.2857239345336415,-0.42238816382957567
company_7305,0.40206045025535736,-0.4382265938509969,0.20112366366965803,-0.8012909937915508,-0.22415803931717007,-0.3965041529854067
company_2135,0.3628235814901409,-0.44879383807103035,0.21497015470634148,-0.7510254079622102,-0.25699723297754135,-0.37787077773202343
company_5450,0.38114469697105924,-0.44839082740385516,0.17547801170152866,-0.7452288481573193,-0.24675885673941436,-0.3590944429366604
company_2937,0.35156766489873087,-0.45651475639079864,0.22204728977793012,-0.7331329523511135,-0.2651890167863117,-0.37586827358354546
company_6346,-0.17519258582063463,0.3266880733057567,-0.503739585842002,-0.16991419585768053,1.319814764252906,-0.4429973224973553
company_2778,-0.1929362096120018,0.33050626041651565,-0.5042694260068041,-0.15461223516427913,1.3035972165375627,-0.43264643300702926
company_6519,-0.7905662310799959,1.3725072864814867,-0.9426042210380678,-0.9066575367891881,-1.4575317541584607,0.34858519127117665
company_2200,-0.6975171255513065,2.17141445152998,-0.8616268382524399,-0.8066190895481832,-1.6865630305024728,1.7386466464149881
company_6536,0.2324387905071344,-0.5633405152557763,0.21496958949785525,-0.4382747763340565,-0.37179001035078424,-0.24422167393926222
company_2662,-1.464190264256483,2.522119701773072,-1.635845335025286,-0.07450284489926408,-0.0025808701916852244,0.46081265134232285
company_4694,-0.5335192513896956,1.2080939502877348,-0.5528849429975696,0.043700585806567535,0.3780196327359343,-0.08903931190718675
company_414,0.37607744677532423,-0.4474646514358841,0.21119777040291524,-0.7669049058820845,-0.24485132406442098,-0.38797414731956426
company_5063,0.19206666847842577,-0.7929906837057177,-0.006101506101135577,0.07607308929750985,-0.4303500582558007,0.018421379567830423
company_4580,-0.39271445916616865,0.8032140486204853,-0.7021798658888455,0.06464556731217468,1.0280652102500005,0.09371098936479513
company_3155,0.24889141764941644,-0.3821348136902537,0.22360306847980774,-0.24819606028362035,-0.38071226633653554,-0.04222461272113927
company_7373,0.34475800182372385,-0.4102003824163696,0.1309353623815658,-0.7589091163724273,-0.2691573704970357,-0.4055271123559672
company_5741,0.3529502826388904,-0.4584122281852957,0.2234780379867742,-0.7328213673172258,-0.2637720062689945,-0.3765530680762718
company_978,0.32824453966141437,-0.3521226004082108,0.11271263430757657,-0.7672846547341308,-0.31333861991589507,-0.2867760396344653
company_902,-0.8665983591489165,1.5071433795994609,-0.7241478652366553,-0.34516223968518894,-1.3338113443093014,-0.10059248568054135
company_6537,-0.3296536296473311,-0.10003147557551867,0.2784424355062917,7.582802680400779,1.2771608918129917,2.800968745034809
company_2436,0.3604796390927054,-0.410692427267519,0.15092801642328751,-0.7538841454989013,-0.2728157690537475,-0.3306646832645832
company_6318,-0.4744241559702563,1.0402002628798486,-0.39521202275604705,0.9355660788832193,0.9888756638152287,0.4425201515873983
company_3262,0.15649606651017756,-0.5789708674472452,0.30920724554869006,-0.3977565410319257,-0.4229018559485018,-0.271574145024436
company_7577,0.40206045025535736,-0.4382265938509969,0.20112366366965803,-0.8012909937915508,-0.22415803931717007,-0.3965041529854067
company_362,0.3169667988000019,-0.5273418832750693,0.1358952265839689,-0.5347575470411149,-0.3072053792798923,-0.2612612039779909
company_3083,-2.6226884200231857,-0.25873903392843717,2.056828150015991,6.827524188601211,-0.523157708585591,1.9549191298865074
company_6884,0.37221865937091575,-0.4587090408557417,0.18476267672002927,-0.7270683061098447,-0.2528763084150458,-0.35707651126846274
company_5890,0.40206045025535736,-0.4382265938509969,0.20112366366965803,-0.8012909937915508,-0.22415803931717007,-0.3965041529854067
company_5826,-0.308822310740582,0.6967713500231312,-0.5982859532611897,0.4963653705033315,1.117007467418828,0.23209434085286337
company_5207,0.3196623611927971,-0.49104713231143143,0.1812248288396862,-0.6185227609177585,-0.29991382564769653,-0.3070980390229766
company_273,0.2738750301847978,-0.5022180930505027,0.26938484458954687,-0.6118559789651647,-0.32655109619687755,-0.34320108242694997
company_5864,-0.2513350368480719,-0.46980637083626114,-0.5498955256357242,0.8919151813150255,0.6200575584417036,0.11545670109957593
company_4081,-0.2050332587248313,0.3043552465029352,-0.5583926340949458,-0.07178458440424564,1.2881112943059363,-0.38752812012663534
company_749,0.40206045025535736,-0.4382265938509969,0.20112366366965803,-0.8012909937915508,-0.22415803931717007,-0.3965041529854067
company_4556,-0.16080021782642068,0.33019454775494356,-0.5076015776692973,-0.18713833678175862,1.3311740347286254,-0.4463780194470092
company_1370,-0.30392206026592455,0.22461399277257776,-0.47897647704286983,0.10327215056142768,1.2117267200257873,-0.34265342903768836
company_7431,0.21015275919482498,-0.5780187852207647,0.22899363029825073,-0.40289858971993486,-0.38850287890694973,-0.23823697580323175
company_3645,0.389369202046558,-0.4432044471859698,0.20645337605192335,-0.784053078811867,-0.2342247673946499,-0.3922841359994173
company_1248,-0.3961817684777855,2.890339434631825,3.195343858664833,8.224402731436069,1.4419517753628301,3.0529726792054137
company_5481,0.24900122782287817,-0.5275880966163159,0.25751039949366766,-0.537340232033968,-0.3511861420814779,-0.30247282576802775
company_2194,0.3280163035486629,-0.3963869570413211,0.09953895989904112,-0.7146252989176929,-0.30299730743575215,-0.31230515817779797
company_3671,-0.5952699792006415,0.08395688096786086,-0.5699138266042895,1.926158264865081,0.8618142668674512,0.8380134479290262
company_4218,-0.13854927377136922,0.7048336217308329,-0.3122750521590157,-0.8254440917647833,-0.934215872657538,0.592915905391367
company_1401,0.2061954482500087,-0.43206688628356144,0.3415456575220788,-0.440623059884475,-0.3923042766001206,-0.2176552948708925
company_2821,-0.20689655778176225,0.006216815365579234,-0.1982214860089325,0.3866181224055208,0.6866319004894426,-0.10969988645577872
company_714,0.27955686552913317,-0.31553649444771303,0.06718441078236907,-0.6605982582432156,-0.0847668309439498,-0.3208746935766527
company_3228,0.007449932250649516,0.1004983196667358,-0.29574963103201296,-0.37072067353355304,0.8662546155592161,-0.43146973753474527
company_1465,0.11029265187217775,-0.7567771915368694,0.30302732801405224,1.6701827338838278,-0.4645225899225324,0.6528183606426823
company_2543,0.3604347672622481,-0.46393574518947156,0.11285364110570269,-0.6638223899254684,-0.270437761850514,-0.3120756761419861
company_6113,0.2996737654088013,-0.2995310738037076,0.05285790880489438,-0.5753921647578673,-0.33469831404495093,-0.21758112390048498
company_329,0.2461384037361404,-0.5214170085273009,0.2537878238303469,-0.5389454258422975,-0.3552914052872719,-0.2966861402640551
company_7180,0.3731685607913634,-0.4447911495516038,0.2086346124251252,-0.766995881466877,-0.24714380385639598,-0.3891025558971868
company_5416,0.40206045025535736,-0.4382265938509969,0.20112366366965803,-0.8012909937915508,-0.22415803931717007,-0.3965041529854067
company_5929,0.339830061022909,-0.5193401729476822,0.163383231471309,-0.5905992491089033,-0.28287510812242683,-0.2986414283984348
company_195,-0.08014963527001226,-0.6967545195867895,0.43862521519869146,0.18417127073173942,-0.6207861873795383,-0.03158091699662395
company_4148,-0.5323266114886819,0.06345775259890424,-0.39311935450141106,0.532445311179604,1.0249784681827387,-0.20046436780160864
company_1091,-0.6875179602568099,1.3296225995746886,-1.0662752667027242,-0.3000506590654143,0.6824114942561671,0.2818465703182029
company_7594,0.40206045025535736,-0.4382265938509969,0.20112366366965803,-0.8012909937915508,-0.22415803931717007,-0.3965041529854067
company_4329,0.3862504824399646,-0.4405069192286954,0.20376255503447827,-0.7840783312471441,-0.23659442845808934,-0.3938228893993656
company_5539,-0.2459092512834794,0.27786069599322605,-0.49028955053136547,-0.02671153805903743,1.258281118846386,-0.38157431129582753
company_5514,-2.04149967526547,3.1796539484039426,-1.883230122330227,0.07638653990912832,-0.9746950771226207,0.0861170802433192
company_4088,0.389369202046558,-0.4432044471859698,0.20645337605192335,-0.784053078811867,-0.2342247673946499,-0.3922841359994173
company_7050,-0.6236705652205501,2.1895455452438344,-0.7181432974259604,0.9058627802480691,0.4499745701657902,2.1398873102244242
company_1236,0.40206045025535736,-0.4382265938509969,0.20112366366965803,-0.8012909937915508,-0.22415803931717007,-0.3965041529854067
company_6270,0.2773719290219646,3.28881233478252,2.492379781787747,5.422717404702126,2.042683397606497,1.649549934393706
company_5074,-0.21349654881278912,0.5954489140241809,-0.3785454674194106,-0.74936436304572,-0.8865995523718849,0.1530108180947313
company_6761,0.13456734622049044,-0.5918168961758691,0.32281369065883786,-0.36329428254793944,-0.44046174334333077,-0.2612410236033076
company_1542,-0.4157414165324743,-1.3515654882864765,0.2912552578375433,1.796850694272524,-0.9152134687572746,0.6083719698435123
company_529,0.40206045025535736,-0.4382265938509969,0.20112366366965803,-0.8012909937915508,-0.22415803931717007,-0.3965041529854067
company_3785,-0.34596874571483655,0.4974744576602073,-0.4071027417181153,0.21646271486790947,1.1400083646904902,-0.10688994364099129
company_5184,0.40206045025535736,-0.4382265938509969,0.20112366366965803,-0.8012909937915508,-0.22415803931717007,-0.3965041529854067
company_1367,0.10148125898674315,-0.6515466709592853,0.30073141221734023,-0.22695849371212112,-0.471146203527561,-0.20256932071400507
company_2653,0.13879353386235876,-0.12461252674760963,0.10048162624296454,0.33354746037182836,-0.5530009036180966,0.5363509417380847
company_732,0.40206045025535736,-0.4382265938509969,0.20112366366965803,-0.8012909937915508,-0.22415803931717007,-0.3965041529854067
company_99,-0.006375395815092921,0.09650138558895362,-0.2913983990197277,-0.35349194125760636,0.8553261925495764,-0.4278092672396462
company_6121,0.7942168144344579,3.210370937618774,3.218693003880279,4.284339580146994,0.44228502504073475,1.5648062236852789
company_955,-0.1766101856418134,0.32791422237724505,-0.504962686304477,-0.16992567423735194,1.3187376455877062,-0.44369675586096813
company_4643,0.30269812060195395,-0.2812346967318743,0.11534711557023897,-0.6410609579957549,-0.32666186942275904,-0.25620095697265066
company_3323,0.20667647027649425,-0.6882678030645668,0.05717352632869474,-0.1295736131379645,-0.4121966903907011,-0.07369664662184773
company_3992,0.18932893910254056,-0.5391056835211258,0.3098302955210501,-0.49187097305580724,-0.3946290424845316,-0.3082885785500146
company_7252,-0.29919081025984107,0.6348232512736992,-0.5986868984625945,-0.13272256991358633,1.1561927250333188,-0.18430478937875738
company_1882,0.2916997084540171,-0.20491981217078836,0.1461702871457428,-0.5014121480039168,-0.3558546909845266,-0.10021876294401477
company_6742,-0.9879686749258892,1.6511752645535624,-1.149508210990018,-0.9544653935492482,-1.6638967761412353,0.4614712261052797
company_2700,-0.5025904699017272,0.09512646353433685,-0.6307552019531713,0.9265270378855921,0.9610530608048102,0.3003512445597638
company_3945,-1.1865088375482853,2.4109400950279176,-1.60200706069236,-0.25610446721686675,0.0007621261267087405,1.3224977220015968
company_930,-0.34540222043016894,0.7145450131802665,-0.6216885471158956,-0.013304807732758226,1.1406479008134103,-0.22310876294879664
company_5946,-0.17484999919718303,0.3263917539468137,-0.5034440032302372,-0.16991142191592656,1.3200750679303292,-0.4428282927678155
company_1117,-0.3288081032222727,0.32124862630222656,-0.33409573432017875,-0.6343254663577548,-0.7574199702902721,-0.735252166464554
company_6153,-0.6282296599942726,1.7024923006061712,-1.268252139345695,0.11398957251973045,0.4410980314572078,1.6481603005962755
company_2903,0.18020587671710633,-0.604341573664867,0.2534725760500069,-0.349252289454194,-0.410250708915678,-0.23006211571503327
company_1698,-0.3937302029409419,0.8948041096433578,-0.48482422760189875,0.23848967688214262,1.0501081758111404,0.12917113399223548
company_3448,-0.30895419475380786,0.6494253948033281,-0.6263759170327993,-0.09130427795378672,1.1240902017196859,-0.07434266718315388
company_4192,0.3533660763466391,-0.4145135410520311,0.14817155454285755,-0.7496712714558984,-0.27301086313232337,-0.3536078711417833
company_3771,0.40206045025535736,-0.4382265938509969,0.20112366366965803,-0.8012909937915508,-0.22415803931717007,-0.3965041529854067
company_613,0.389369202046558,-0.4432044471859698,0.20645337605192335,-0.784053078811867,-0.2342247673946499,-0.3922841359994173
company_5611,0.40206045025535736,-0.4382265938509969,0.20112366366965803,-0.8012909937915508,-0.22415803931717007,-0.3965041529854067
company_7432,-0.3327462934697565,1.3544804430940545,-0.21779501947329452,1.3013405357018724,1.1344109576369708,0.5879116155374078
company_2464,-0.16080021782642068,0.33019454775494356,-0.5076015776692973,-0.18713833678175862,1.3311740347286254,-0.4463780194470092
company_4231,0.368935596361757,-0.4348128232487685,0.2028409998754086,-0.7697348691216997,-0.2536598046313317,-0.3788828791129471
company_2256,0.3041433698958728,-0.24983935362431903,0.28524528216397477,-0.556032113254571,-0.3167018032514339,-0.21956325090851858
company_2954,0.389369202046558,-0.4432044471859698,0.20645337605192335,-0.784053078811867,-0.2342247673946499,-0.3922841359994173
company_2202,0.25438961378995883,-0.21461471622740624,0.23865845051891346,-0.4984481538049244,-0.3806518948912616,-0.11497676672780414
company_5379,0.40206045025535736,-0.4382265938509969,0.20112366366965803,-0.8012909937915508,-0.22415803931717007,-0.3965041529854067
company_4984,-0.4311395774690631,0.9183761846494944,-0.795718410641813,-0.002271251950162821,0.9823482584293284,0.10967202144621241
company_5963,-0.16080021782642068,0.33019454775494356,-0.5076015776692973,-0.18713833678175862,1.3311740347286254,-0.4463780194470092
company_4980,0.389369202046558,-0.4432044471859698,0.20645337605192335,-0.784053078811867,-0.2342247673946499,-0.3922841359994173
company_7269,0.40206045025535736,-0.4382265938509969,0.20112366366965803,-0.8012909937915508,-0.22415803931717007,-0.3965041529854067
company_4900,0.40206045025535736,-0.4382265938509969,0.20112366366965803,-0.8012909937915508,-0.22415803931717007,-0.3965041529854067
company_4624,0.009292361273764841,-0.6445591464511805,0.3488371392801123,0.5291322285108522,-0.5683564079810695,0.21786138755748868
company_6327,-1.321868136118156,-0.5439420597520994,-0.03454093210037327,2.7121686896410035,0.38442872939989287,0.5924923520887295
company_2333,0.40206045025535736,-0.4382265938509969,0.20112366366965803,-0.8012909937915508,-0.22415803931717007,-0.3965041529854067
company_5447,0.5916444877624721,-0.7202030187946363,0.4618222678490855,-1.0066310832530767,-0.7991577697063088,-0.3750495478979525
company_3283,0.09881555813519151,-0.65942935262464,0.2738362922852732,-0.18899343276666236,-0.4805596979341173,-0.16252235344658789
company_406,-0.18568255628524816,0.3203039451686088,-0.49667933946655535,-0.15287155927524743,1.311160625817372,-0.436721458386321
company_7347,-0.6549035958273405,0.9570699110834644,-0.35887920145947855,0.7606249652998903,0.7282983377929209,0.7715996546936053
company_7593,0.3540187038199129,-0.45939259505914704,0.22441893280990552,-0.732788636904033,-0.26293082351395464,-0.37613549348442665
company_3172,-0.8198937767635239,-0.27119165512579774,-0.03784116119315498,3.73729271818917,0.8203235007921278,1.0959987983645105
company_434,0.40206045025535736,-0.4382265938509969,0.20112366366965803,-0.8012909937915508,-0.22415803931717007,-0.3965041529854067
company_4104,0.40206045025535736,-0.4382265938509969,0.20112366366965803,-0.8012909937915508,-0.22415803931717007,-0.3965041529854067
company_5364,0.3876680822611434,-0.4417330683001838,0.2049856554969533,-0.7840668528674727,-0.23551730979288957,-0.39312345603575277
company_6972,0.2913596727858904,-0.5166170221320827,0.20638505863628195,-0.5657944164337156,-0.3215485027634406,-0.2938740710302738
company_3834,0.3662242294663202,-0.42881547552444366,0.16034362664970445,-0.748205471010475,-0.26157975835171454,-0.35346030875271733
company_3705,-0.2370370298944847,0.49066313703586284,-0.365255992245123,-0.038966440313922254,0.5539574458474253,0.14956154581081746
company_3050,-0.5622154105572519,-1.2372722109055576,0.6109206820836256,2.017884942317532,-0.9992811962207658,0.6032115134481392
company_681,0.3070626936773789,-0.48182951044905,0.24876345245433437,-0.6641354205811841,-0.3007053237428268,-0.3558776415307916
company_5761,-0.2680536739399375,0.5566293706552222,-0.5435734801457491,-0.10001275754919382,1.197870186478602,-0.22725235152332557
company_1083,0.13801590715199688,-0.7210532027967453,0.20029438953903125,-0.10746320110393558,-0.4481524779805329,-0.13825325292764326
company_3497,-0.1996039663571213,0.30097293218755483,-0.5152336428372291,-0.09541818204024967,1.2955024329658629,-0.4019340731236321
company_5116,0.18480579000052358,-0.5543230345324209,0.25230360972050736,-0.19138897142793826,-0.4160973443198,-0.11325699709521285
company_6382,-0.16080021782642068,0.33019454775494356,-0.5076015776692973,-0.18713833678175862,1.3311740347286254,-0.4463780194470092
company_4063,-0.5630703429289884,0.08635977272609258,-0.3336942673417873,0.723134632540092,1.0000884384368083,-0.10843307772282561
company_5418,0.40206045025535736,-0.4382265938509969,0.20112366366965803,-0.8012909937915508,-0.22415803931717007,-0.3965041529854067
company_4753,0.3115118883779938,-0.751220811131734,-0.06494805294029721,0.1349071846658759,-0.3304034506778177,0.056457339754845084
company_2665,0.09633909934511872,-0.6139742468607579,0.2810547107280958,-0.016103573005067692,-0.49496008710765105,-0.028456813251233438
company_7012,0.389369202046558,-0.4432044471859698,0.20645337605192335,-0.784053078811867,-0.2342247673946499,-0.3922841359994173
company_5298,0.18257388618900852,-0.7215886556213335,0.08735359345853462,-0.07504804970019953,-0.4284889557578738,-0.06642412370181462
company_1629,0.34763007690589187,-0.47283149378719797,0.08052691159265252,-0.6217508217692367,-0.2824450058745211,-0.2960920597399619
company_7313,0.19467832756310416,-0.6839481087169151,0.16563509095271065,-0.1964221307838598,-0.40629237506121113,-0.15035333812232596
company_6717,-0.19117078387035427,-0.016472530655027726,-0.2124706644769634,-0.036407207738821876,0.7045833700014735,-0.32422040313824796
company_7501,-0.9683170150820244,2.189187676850846,-1.2726288855109507,-0.12859601053160896,0.21452066883124804,1.3161932117133617
company_5774,0.22364267551934702,-0.5896789741576273,0.20171005331026604,-0.37967766701731875,-0.3822091993658721,-0.2119213740241906
company_7425,0.3698267202776711,-0.43514127573329453,0.16453995264865198,-0.7468019724860205,-0.2571658549814961,-0.3579369500306676
company_1201,0.40206045025535736,-0.4382265938509969,0.20112366366965803,-0.8012909937915508,-0.22415803931717007,-0.3965041529854067
company_461,0.389369202046558,-0.4432044471859698,0.20645337605192335,-0.784053078811867,-0.2342247673946499,-0.3922841359994173
company_1602,-0.05208458491868226,0.8106476557634503,-0.35499393025380593,-0.8348218654806709,-0.9882758308042897,1.1098897373636896
company_3395,-0.13779112296701101,0.21246588101142458,-0.12742445561419288,0.4039909098983294,0.7540072262648023,-0.09411088544783625
company_4023,-0.3677969665718909,0.7843924137301184,-0.38228024922727954,0.5539955152631021,1.0693763376337915,0.2904971077632095
company_859,0.40206045025535736,-0.4382265938509969,0.20112366366965803,-0.8012909937915508,-0.22415803931717007,-0.3965041529854067
company_819,0.007449932250649516,0.1004983196667358,-0.29574963103201296,-0.37072067353355304,0.8662546155592161,-0.43146973753474527
company_4340,0.25517613835593067,-0.16632992343221856,0.35094984787687805,-0.012290737744224218,-0.34989351092698157,0.011075659354454936
company_5201,0.29145124598845074,-0.18616000031566832,0.1328093601519905,-0.7449429855032997,-0.35436856896008334,-0.21788613654603758
company_6891,-0.8427627360085822,1.7933470448295092,-0.7578011991031044,-0.48894369495861706,-1.4807745124064537,0.5309046814313803
company_1576,-0.21889681947525402,0.36295321976569905,-0.5970244007063233,-0.10236136343274761,1.2619902564174406,-0.3451281045718674
company_2411,-0.4362866899069068,0.6200075507248022,-0.12062202570091334,0.8112390688272669,1.1075145890021796,0.04272279355639161
company_5664,0.30497842785533913,-0.5102374068151466,0.16218849331067206,-0.5608534258587825,-0.3158803995854748,-0.2736977211898285
company_6895,0.2458211448524958,-0.08731040813644296,0.09734774145696255,-0.5792826156494281,-0.4099514984283441,-0.0738035162220989
company_7014,-0.16080021782642068,0.33019454775494356,-0.5076015776692973,-0.18713833678175862,1.3311740347286254,-0.4463780194470092
company_6073,-0.194122268766109,0.34306125057369785,-0.5200720540175854,-0.17006747048755932,1.3054316396769388,-0.4523370893461323
company_4065,0.11886048195393581,0.13677819730456542,0.04867794977222728,-0.378729712899118,-0.4814945960219894,-0.120347055349199
company_708,-0.04700647288353163,-0.57725066443341,0.46050391631070536,0.4387560551776395,-0.6138053117662148,0.18934089478868302
company_5456,0.30113432001988905,-0.31575252073703114,0.19769069471891992,-0.6173024198079683,-0.3314345912791928,-0.22180055947385938
company_5902,-1.1594461555019626,-0.7683432090414881,0.1355163285019163,3.9881921707567254,-0.161127173573151,1.566376296803444
company_1707,0.007449932250649516,0.1004983196667358,-0.29574963103201296,-0.37072067353355304,0.8662546155592161,-0.43146973753474527
company_1646,-0.2117249417949979,0.31057032652644906,-0.4864710646749614,-0.11825178049496234,1.2907079080023083,-0.42928638371159944
company_2697,0.35068603386287556,-0.4547272379488116,0.22093917012873984,-0.7335789371388087,-0.2663942832014281,-0.3743062305325619
company_6858,0.40206045025535736,-0.4382265938509969,0.20112366366965803,-0.8012909937915508,-0.22415803931717007,-0.3965041529854067
company_3726,0.40206045025535736,-0.4382265938509969,0.20112366366965803,-0.8012909937915508,-0.22415803931717007,-0.3965041529854067
company_2011,-0.21624100012055764,0.25612231144691416,-0.5547327237752888,0.0075697979390742425,1.2796280518369099,-0.36157249247849904
company_6571,0.033105646621705086,0.4403813618021494,-0.28648339134805284,2.5291088304106073,0.803027194982765,1.270741077350083
company_1167,0.14269788193877284,-0.5619741051764654,0.33450618117847025,-0.42315071330734294,-0.4320780552585509,-0.2881635145547994
company_457,0.37035299591556436,-0.45781379242492226,0.18339653796153185,-0.7267757987728221,-0.25391858931085703,-0.3593968568765309
company_330,-0.3821138465158928,1.3427057458164793,-0.2991266306020075,0.8110504893044688,1.1831109308226302,-0.01621732279553026
company_2574,-0.2650715679290742,0.3004688298727216,-0.536917063660454,0.004174260080731231,1.2278595368961884,-0.31805928613519674
company_4471,-0.6921891931388456,3.238808781089386,-0.47990043101328744,1.3028310293015632,-0.23428114922012613,2.625775387878484
company_5758,0.24915620357025925,-0.4718971564597995,0.25188675804048105,-0.38029548381201594,-0.36136485993461653,-0.18429956759754165
company_2292,-0.04924979345706679,-0.9861081328542625,0.14389777054300454,0.5215115793684658,-0.6179439682724872,0.13369950134462877
company_3522,-0.10117080029336362,8.272159009824058,-0.6130087982722036,3.424254401386121,-1.528595921196481,13.725858685981004
company_3073,0.20200546939739739,-0.5449277241410476,0.2801043389893148,-0.47085508114487346,-0.3916354635620257,-0.272369952856907
company_899,-0.9905304696353182,1.6173538445180948,-0.8935344711709581,0.13720658827011026,0.07651874420995639,-0.4419762916172729
company_6558,0.17929058016435703,-0.54636127447139,0.3174431926764174,-0.4746188012987206,-0.40268886898826695,-0.30272677246140084
company_4282,-0.3355444584605262,0.7057608772060825,-0.6325697128788397,-0.1394172869148217,1.0991831020226026,-0.08372258874131286
company_114,0.3752179148069125,-0.4461124154411359,0.21024979537276486,-0.7671725245337582,-0.2458224130685284,-0.38721206751288645
company_6237,0.2874274829262487,-0.25039029262335316,0.1808930625201991,-0.45937724015507125,-0.35093472553061306,-0.1149839130817202
company_6235,-0.19612863234889805,0.6610004309671381,-0.3199030873820365,1.4325444444549913,1.3256683431914011,0.2605954762185446
company_1732,0.40206045025535736,-0.4382265938509969,0.20112366366965803,-0.8012909937915508,-0.22415803931717007,-0.3965041529854067
company_1669,0.36606315660385447,-0.4548380727161884,0.2188643203472708,-0.7496110023581559,-0.2528421882029971,-0.38258948549470323
company_6304,0.33061495872941427,-0.470706918106265,0.23666598770454297,-0.6984478828206342,-0.28174512523271905,-0.3660315650088636
company_4363,-1.3330850594528416,1.4078153376870102,-1.4713592898895917,-0.1101886841611678,0.4514830289658898,-1.0138461823095686
company_3396,0.3227988152194384,-0.4659294818571729,0.2025455660021992,-0.6640377026148723,-0.2993580535277898,-0.31253856399984087
company_71,-0.16080021782642068,0.33019454775494356,-0.5076015776692973,-0.18713833678175862,1.3311740347286254,-0.4463780194470092
company_3825,-0.4630079276267528,1.3389030873479204,-0.4675611685310249,0.400018003047275,1.0654595917455254,-0.044207727870793655
company_5730,0.6045089063859798,3.915340013507267,3.573766899929064,6.381522183947375,1.7898135956109018,2.1393457545794705
company_1566,-0.6164808699449343,1.317612782412957,-0.5868186436858813,0.9268922505841696,0.6429312281670072,1.324755942890069
company_7301,0.3399641496819651,-0.4613775558908633,0.22795755781747226,-0.7163383197590487,-0.2749808090018258,-0.36905427664247065
company_3313,-2.8291366674452805,-8.545139555690508,-0.6299671024213394,25.404694996682785,-2.8605643274824963,9.720703065967568
company_2419,0.09135993498620103,-1.381805501557757,-0.3155746259546502,1.4324732631806452,-0.5371658065020131,0.5897463672811043
company_994,0.25973225552519835,-0.5049801732139667,0.27313665765745776,-0.5950409719922125,-0.3382223248276501,-0.33782621768943877
company_4413,-0.31759123087682634,0.44669268127077566,-0.7096753528451485,-0.06883993318084271,1.175139792009887,-0.335777963642281
company_5592,0.29139423546131743,-0.49568738786457406,0.22735870465513316,-0.6083925795766255,-0.3197605309157531,-0.31423256629038376
company_5591,0.2932314581297795,-0.6088115555427658,0.12650865927031296,-0.39250078222423246,-0.32365382227226724,-0.22457562835560013
company_455,0.389369202046558,-0.4432044471859698,0.20645337605192335,-0.784053078811867,-0.2342247673946499,-0.3922841359994173
company_4923,0.40206045025535736,-0.4382265938509969,0.20112366366965803,-0.8012909937915508,-0.22415803931717007,-0.3965041529854067
company_3,-0.17734733754882642,0.328551819894419,-0.5055986985449641,-0.16993164299478103,1.3181775438818022,-0.44406046121004683
company_2367,0.3099090268998921,-0.4720262914084023,0.20814150988611288,-0.6462487741152739,-0.3089014453020816,-0.3109312879784354
company_6372,-0.16080021782642068,0.33019454775494356,-0.5076015776692973,-0.18713833678175862,1.3311740347286254,-0.4463780194470092
company_4986,-0.29079629862304784,0.7350376425099484,-0.5471609511781846,0.511486729323221,1.1945963890218623,0.005336449044182646
company_5359,-0.09919604293047862,-0.6986059755851783,0.4432863347748221,-0.022706622579746885,-0.6318394495848392,-0.14722414249810514
company_6436,0.3610322561802993,-0.4437699890514202,0.13440687090796735,-0.7062974042206851,-0.2680773889096704,-0.3326960924223511
company_6992,0.36620997468184135,-0.4550831643163664,0.21903103004176894,-0.7495592469270481,-0.2526689424430213,-0.3827471573688391
company_1074,0.345791333018575,-0.44336079181645405,0.13645815562203958,-0.6904424233849628,-0.28174338306816316,-0.3235347708236338
company_990,0.2556286607125975,-0.09050470657773867,0.1732815624394087,-0.4677707449507592,-0.36097837802707844,-0.17176003566559028
company_1944,-0.17462554589216311,0.3261976136771614,-0.503250345657012,-0.16990960450581194,1.3202456117189858,-0.44271754915191014
company_6993,0.40206045025535736,-0.4382265938509969,0.20112366366965803,-0.8012909937915508,-0.22415803931717007,-0.3965041529854067
company_3475,0.38652455173872585,-0.4407439747158498,0.20399902112389007,-0.784076112093741,-0.23638618551615073,-0.3936876656157338
company_5185,0.33688604504742065,-0.7121028011850227,-0.07233114444504557,0.2688938108669485,-0.30664172993524935,0.11414602713278059
company_6642,0.17110123255208132,-0.7048037098870649,0.11404892416069821,-0.10119393126808633,-0.4368382216114284,-0.07835964244682957
company_5244,-0.16080021782642068,0.33019454775494356,-0.5076015776692973,-0.18713833678175862,1.3311740347286254,-0.4463780194470092
company_5182,0.3388129824382008,-0.5792995334082022,0.06006288402146198,-0.4405703278657539,-0.29395047033053956,-0.21439837261242933
company_1558,0.7542466075150543,4.96622943298862,5.757782679531405,10.171373246696989,2.2647957713915168,2.9851904263661866
company_7068,0.35144946754649997,-0.4110659722862349,0.1459111817018435,-0.750453115688545,-0.2754020453232803,-0.3510662369182999
company_2823,-0.04591911488451564,-0.8147284553079025,0.3012190225555735,0.16742254926887826,-0.5960010309532987,-0.056401537176957776
company_2557,0.31413926696782046,-0.46621149330634126,0.13073990278977013,-0.6040406782318511,-0.31854004261475816,-0.2510965237532817
company_2358,-0.410558529384334,1.2681689488332757,-0.35533437800512774,-0.4416629025023509,-1.0558070291091741,0.36613218123043717
company_6053,-0.4896865809381311,1.9448474531700215,-0.16209822351447364,1.0934392136253428,1.0822860090115836,0.23471115831876568
company_1162,-0.27975484543840207,-0.6939764941407036,0.6438699931321877,1.1766497301870438,-0.7882258615519457,0.42956844620227147
company_5466,0.40206045025535736,-0.4382265938509969,0.20112366366965803,-0.8012909937915508,-0.22415803931717007,-0.3965041529854067
company_815,0.40206045025535736,-0.4382265938509969,0.20112366366965803,-0.8012909937915508,-0.22415803931717007,-0.3965041529854067
company_6000,0.3758691059636724,-0.4456956984707585,0.21047944130329696,-0.7675868344992897,-0.24583951151809233,-0.3849814024961652
company_443,-0.1766101856418134,0.32791422237724505,-0.504962686304477,-0.16992567423735194,1.3187376455877062,-0.44369675586096813
company_2070,-0.3305199561998676,0.2009826904015849,-0.49242234838932936,0.17766798827188574,1.185652419215931,-0.3022936905192981
company_826,0.22994132249849447,-0.8967453941471015,-0.04437443424930421,0.19714097895205865,-0.39385976420533647,0.0408517954407472
company_6820,0.40206045025535736,-0.4382265938509969,0.20112366366965803,-0.8012909937915508,-0.22415803931717007,-0.3965041529854067
company_5850,-0.12169930336204571,1.2629893092184539,-0.05226147726160829,-0.19689260877949957,-0.9447711928876044,1.0894393980275354
company_6457,0.3783692284094518,-0.44926555118683936,0.21311362890758803,-0.7669640051142407,-0.24320472505175053,-0.386490014554326
company_4882,0.389369202046558,-0.4432044471859698,0.20645337605192335,-0.784053078811867,-0.2342247673946499,-0.3922841359994173
company_5654,-0.26129570939363694,0.3458034516329126,-0.7143894840172015,0.2357832121543028,1.2259130914545522,-0.21673585529563344
company_5691,-0.16080021782642068,0.33019454775494356,-0.5076015776692973,-0.18713833678175862,1.3311740347286254,-0.4463780194470092
company_4764,0.2572944404067975,-0.49932010468022925,0.2698293929179489,-0.5965813221352588,-0.3419297482429351,-0.33210925617815457
company_5027,0.12470557514281115,0.07882355873725082,0.09621680896080513,-0.1500668912401424,-0.5751300743514042,0.3787972636077162
company_2885,0.32921365189317153,-0.4706055800412907,0.23583346949517373,-0.6979836620893838,-0.28222967823239625,-0.3688870971755706
company_3819,-0.5273623321576266,-0.9815540032937011,-0.5080524827232568,2.987933608525952,0.39949463964762777,0.9367360667623335
company_4710,-0.35115064945583657,0.8437170941179587,-0.5897774179363126,0.7434243396928503,1.0903600099270079,0.3224125982086728
company_1488,-2.045540122168547,4.058317528970242,-2.054413690967263,0.4066234474341551,-0.7384966461745435,1.7040388178940273
company_1131,0.2805722993574999,-0.5140583717466667,0.17132441534938722,-0.529357937678695,-0.3389176174068735,-0.25117749968509806
company_5693,0.389369202046558,-0.4432044471859698,0.20645337605192335,-0.784053078811867,-0.2342247673946499,-0.3922841359994173
company_5537,0.007449932250649516,0.1004983196667358,-0.29574963103201296,-0.37072067353355304,0.8662546155592161,-0.43146973753474527
company_3224,0.30735405384679326,-1.1122237833165605,0.36797450869329684,-0.0695761668562659,-1.0534159398662541,0.015541687292047192
company_7601,0.16875162341188463,-0.7985929324507525,0.11014858683053265,0.028081513456292326,-0.43150660145332215,-0.06065417953600156
company_5022,0.3468075982247805,-0.8432261575392059,-0.18250173419691645,0.07302947751716977,-0.30614498537771756,0.02334157938005439
company_4599,-0.2528308985156422,0.23735783335418176,-0.6035686584694683,0.11712572713071971,1.2352239407644263,-0.2722860596029766
company_5501,0.2486118277122414,-0.5503914788784606,0.23696982854807133,-0.4938112651863316,-0.35210465206009156,-0.28653823695575725
company_7208,-0.49862843369516197,1.900536675039624,-0.19739723583851718,1.1934085489032582,1.0684998456097456,0.2928898095077532
company_2124,-0.09826342825328876,0.31444619948903113,-0.34149340822535346,-0.06423655462331533,0.7461015719440566,-0.1627783784011181
company_847,0.060025686957846845,1.8370991413597277,0.9040085369484033,2.3612327882057866,1.0785653578594177,0.555872093349067
company_1007,0.40206045025535736,-0.4382265938509969,0.20112366366965803,-0.8012909937915508,-0.22415803931717007,-0.3965041529854067
company_5755,0.2618232373975129,-0.5076351578070716,0.2752276713069192,-0.5946616469677254,-0.3361914415926025,-0.3384436702281867
company_198,-0.19738741925115932,0.32177498413515404,-0.5318938807533479,-0.11563705518393665,1.2940770296451762,-0.3981429065741112
company_1503,-0.16080021782642068,0.33019454775494356,-0.5076015776692973,-0.18713833678175862,1.3311740347286254,-0.4463780194470092
company_2388,0.40206045025535736,-0.4382265938509969,0.20112366366965803,-0.8012909937915508,-0.22415803931717007,-0.3965041529854067
company_4852,-0.37843560175503693,1.1363489391870432,-0.27407542415251734,0.8199051838630349,1.0944207719384618,0.334399770547157
company_7663,-0.09576160943673528,-0.46288604713384895,0.6297805765205108,0.43919648343174955,-0.6372267902376317,0.155840348634882
company_2033,0.367457838704356,-0.500138208685663,0.10107729566886638,-0.6172415445252387,-0.2620741076973919,-0.30609871942848604
company_3037,-0.5141292444573332,-0.07593933506771905,-0.5398645381944427,1.2710672110050383,1.0092200623401064,0.22029005873917787
company_1977,0.30484209061809064,-0.44888854099106673,0.01999004374487326,-0.5828783722645374,-0.3208408151302043,-0.281448716058352
company_7341,0.2959109899133992,-0.39221619594932833,0.23720502790343928,0.3491736221352998,-0.32979212378399475,0.19097947110826746
company_240,-0.1766101856418134,0.32791422237724505,-0.504962686304477,-0.16992567423735194,1.3187376455877062,-0.44369675586096813
company_7511,-0.5008804253470895,0.4064258724982825,-0.530244960680379,-0.7221604490333933,-0.8991964986919553,-0.8310799767615228
company_3543,0.40206045025535736,-0.4382265938509969,0.20112366366965803,-0.8012909937915508,-0.22415803931717007,-0.3965041529854067
company_4285,-1.2161632546731334,-0.4110102382459489,-0.13095485709686425,2.0512008219772895,0.4490944232607252,0.40031790464654277
company_149,-0.7813675818000203,-1.0131697644758912,0.9527092434846128,1.507271340968192,-1.1561353361674709,0.3196162200939827
company_3459,0.40206045025535736,-0.4382265938509969,0.20112366366965803,-0.8012909937915508,-0.22415803931717007,-0.3965041529854067
company_2168,0.27548720567900703,-0.16611927051536918,0.11692281073700778,-0.7477408412644592,-0.36975399424755045,-0.21361885151994545
company_4427,0.389369202046558,-0.4432044471859698,0.20645337605192335,-0.784053078811867,-0.2342247673946499,-0.3922841359994173
company_5453,0.40206045025535736,-0.4382265938509969,0.20112366366965803,-0.8012909937915508,-0.22415803931717007,-0.3965041529854067
company_5849,0.3179468999275623,-0.43835712825625983,0.051933239812768484,-0.6257589844766681,-0.3095955233363873,-0.29359152490229756
company_6564,-0.45307423128109037,-0.9194483191873846,0.6255386773838284,0.5594514562375725,-0.9096844677739819,0.0013513911160538425
company_318,0.40206045025535736,-0.4382265938509969,0.20112366366965803,-0.8012909937915508,-0.22415803931717007,-0.3965041529854067
company_7222,0.3876680822611434,-0.4417330683001838,0.2049856554969533,-0.7840668528674727,-0.23551730979288957,-0.39312345603575277
company_1839,0.2622230084352158,-0.48027033413153974,0.1883389935317045,-0.5602928981951486,-0.35826656621510483,-0.24496588279539303
company_6812,0.35023892898939146,-0.453901852333818,0.22040470608121823,-0.7337703763094746,-0.26696313851667774,-0.3736721314027215
company_699,-0.016133516364594536,-0.9315489248199109,0.16775002574329428,0.387378693630551,-0.5845493535740495,0.0650191753866102
company_2060,0.2955689163243032,-0.4893179782750449,0.2556263063854022,-0.6462563286328874,-0.3090917924141312,-0.3539404472590696
company_5725,0.30551713916160367,-0.47892362178139664,0.24689805235956616,-0.6648197489145669,-0.302699269221019,-0.35358301995624103
company_5057,-0.058120978877631374,-0.6520526542860272,0.4703746954253114,0.06878461233724394,-0.5944155539069403,-0.10205471411467505
company_2452,-0.20237735118262895,-1.9291234125816659,-0.39195038931294607,2.5928621681803867,-0.7951331679778723,1.0486578729718996
company_2566,-0.22167768641886904,0.35308297533597316,-0.5952624104889176,-0.09712795987893265,1.2662894584804674,-0.37041799401504766
company_5768,0.35287133691425776,-0.4587755779168895,0.22355624424085666,-0.7326371975245806,-0.26360652602855206,-0.37743301964264314
company_2480,0.40206045025535736,-0.4382265938509969,0.20112366366965803,-0.8012909937915508,-0.22415803931717007,-0.3965041529854067
company_2216,0.40206045025535736,-0.4382265938509969,0.20112366366965803,-0.8012909937915508,-0.22415803931717007,-0.3965041529854067
company_740,0.40206045025535736,-0.4382265938509969,0.20112366366965803,-0.8012909937915508,-0.22415803931717007,-0.3965041529854067
company_404,-0.07067648561119144,-0.8255355826940918,0.3125231353085523,0.20203647931882243,-0.6154971998170349,-0.04825848142693543
company_6652,-0.4450406654839649,-0.0836880688259544,-0.07910766880343069,0.9571520941800578,0.47372351341195934,0.18134815350854286
company_1741,-0.16080021782642068,0.33019454775494356,-0.5076015776692973,-0.18713833678175862,1.3311740347286254,-0.4463780194470092
company_4825,-0.5069306802541715,1.7887122356875638,-0.20773014835934453,0.9265373511270054,1.0651589041225729,0.14105074286829467
company_6341,-0.6509466670920554,0.02375141005499976,-0.2486686813414661,1.5179707727612177,0.9318022382386897,0.22736072482716999
company_2017,-0.0422447188133033,0.6826617649541082,0.05293446510854777,-0.3243892099721385,-0.6365212500442661,0.027755713172136702
company_5749,-0.027857754393382478,-0.6288477677660749,0.4471328777657201,0.016358686695072303,-0.5709416446806497,-0.11561532938855991
company_5321,0.37202345693973565,-0.4403673097841641,0.20648273025394848,-0.7684751978219145,-0.24980731059066882,-0.38297789095778456
company_2546,0.3670794359054977,-0.4558352024135459,0.21978119832542029,-0.749552206854183,-0.2520083096616988,-0.3823181715724899
company_2133,0.6266914092600145,-0.5581881509776869,0.5823445667320895,-1.0702052967089366,-1.6836101683341134,0.1252930118198111
company_5546,0.25151511829522283,-0.4935613587649377,0.23653646094536082,-0.563329120034152,-0.35942790080138587,-0.27226670426449473
company_4687,0.2531711583302242,-0.6380269548467966,0.15707873437130992,-0.3234431823668596,-0.3557636088527918,-0.20250160458332978
company_408,-0.19582135516195326,-1.03475083116277,0.2743232567739757,0.6648048921414083,-0.7261134582139831,0.13756223667280046
company_3768,0.1889034658951004,-0.5376508547410068,0.3090947763486471,-0.4923397515960761,-0.39552002586632445,-0.3063809363207696
company_3585,0.37295806504542867,-0.44045865042040555,0.2070460341330645,-0.768774641978873,-0.24947172842415713,-0.3811196606512112
company_6478,0.27445996152691077,-0.9519531999740812,-0.19490202326455347,0.32022774028927004,-0.3710700716358992,0.12849763402065778
company_5627,0.2605164114666918,-0.4723514787191926,0.26766721895009976,0.02180883271815766,-0.3413686564656096,-0.03899899277945129
company_3618,-0.6973274793168377,-1.0600176954292844,0.7343097756074475,0.9624360784327276,-1.1081157972784559,0.12947869894849592
company_5,0.22323640496057676,-0.0524678572002593,0.15051235572036373,-0.6322498949717598,-0.42720374734272454,-0.09440933199917897
company_6229,-0.24899335371304843,-0.1926754699393117,0.525837662680999,1.1383217069885303,-0.9034439436082743,1.017359474111168
company_4187,0.2805108042709437,-0.2741845353229492,0.2937572737496533,-0.06587055679028331,-0.33398790767962355,-0.011129373796156906
company_625,-0.05725071389536616,0.0721029272002139,-0.3745101801393146,-0.20272462859757454,0.7967549644641165,-0.31940996359732077
company_4587,0.32672565036432705,-0.46410069847000807,0.2322112343516459,-0.6998675493487045,-0.2863938493954799,-0.36163343087117295
company_6952,0.04021978547181079,-0.6494872597674547,0.3475436356685828,-0.18672671966803964,-0.5221705629894635,-0.18539378512309018
company_4388,0.27263293733643906,-0.3874494943046958,0.06952774466674178,-0.633237597412906,-0.3637080943886951,-0.22963304865862205
company_3836,0.1013648396222858,-0.6118959800339304,0.34332171074834245,-0.31114197969478624,-0.4664737549229778,-0.2479937714694402
company_1845,0.284334959556359,-0.5552363114197431,0.1982975927916012,-0.5025807979906036,-0.3250071635145615,-0.2816426001351495
company_1785,0.1903334767227451,-0.5954141414904811,0.24534376851457465,-0.367252606443352,-0.40303668466482534,-0.23217205898172133
company_6464,-0.05329853409963328,-0.9832247312059327,0.24702779375656084,2.274051441787715,-0.6471886994720664,1.051573111870665
company_3085,0.16748101188175502,-0.7022173686682363,0.15003010847571285,-0.12410498072659143,-0.4353521775276411,-0.10085206514476629
company_915,0.40206045025535736,-0.4382265938509969,0.20112366366965803,-0.8012909937915508,-0.22415803931717007,-0.3965041529854067
company_7293,-1.2200663499476314,2.83019246691841,-1.7804221031186687,-0.37932274658645193,-0.2500391069769821,2.1690459196399994
company_3048,-0.009990436434880042,-0.1310415672589716,0.7848348804828964,0.8933638354343664,-0.5658275851847777,0.44114133980187037
company_2816,0.40206045025535736,-0.4382265938509969,0.20112366366965803,-0.8012909937915508,-0.22415803931717007,-0.3965041529854067
company_3756,0.30666795556732607,-0.4832835099444507,0.24903150923875625,-0.6633698835098745,-0.30006740819941913,-0.35957063504118675
company_588,-0.25733793056975257,0.2876255457995321,-0.4611894159217834,-0.04986761211551694,1.2536123584865777,-0.40709206700390427
company_3273,0.26504306237796194,-0.6652646157074303,0.06718529728113087,-0.23622703179313742,-0.35849342933802847,-0.12920466859315086
company_2074,0.28937870367930085,-0.4808396995088627,0.24922637592846306,-0.647644059065416,-0.3154270957121612,-0.3509076732700196
company_2030,-0.3807202592168139,2.8243590202540862,0.5323659362541262,2.108909081827117,0.4959633159158255,1.2859763831616404
company_1810,0.2950456357103206,-0.48762530022286216,0.2547544484253829,-0.6467915153567882,-0.31013714265270814,-0.35178246628111526
company_7661,0.40206045025535736,-0.4382265938509969,0.20112366366965803,-0.8012909937915508,-0.22415803931717007,-0.3965041529854067
company_18,0.09898943735111883,-0.59429271986098,0.33199030463972967,-0.0927392571820083,-0.4790045129840727,-0.10676158982583904
company_2016,0.2519466477260953,-0.22697307762004723,0.029125543756894662,-0.6227944136907974,-0.3745896733910568,-0.24140305690989408
company_1410,0.053764235372940686,0.3226802801252541,-0.10295306852458219,-0.30234435478355337,-0.6630548033075586,0.4083907092958995
company_5239,0.30701052189932876,-0.45379131429709874,0.033758176945269974,-0.5710553785373119,-0.32636980667227505,-0.2447081235940832
company_4690,0.38742709029154304,-0.44152462295803074,0.20477772841833253,-0.7840688041920169,-0.23570041996597355,-0.39324235970756694
company_3450,0.7108184614019115,5.554539225125587,7.21751653449327,12.57256517612532,2.4185290038412135,3.631559697243902
company_7241,0.33824121337555735,-0.3717526546203208,0.12506103670271865,-0.7625010138606614,-0.30000573039436557,-0.3032440620072145
company_4851,0.2274761775433547,-0.6831611509663185,0.12338752209427482,-0.20654332596540767,-0.38303768418352024,-0.14085786502643172
company_7114,-0.24705972357331696,0.22054268829354962,-0.633501236950086,0.14534984428603182,1.2418328593056467,-0.2728310032734326
company_7613,0.007449932250649516,0.1004983196667358,-0.29574963103201296,-0.37072067353355304,0.8662546155592161,-0.43146973753474527
company_2899,0.34286786872881875,-0.4085655169877184,0.1293045617649324,-0.7589244208786559,-0.270593528717302,-0.4064596901741177
company_4689,0.40206045025535736,-0.4382265938509969,0.20112366366965803,-0.8012909937915508,-0.22415803931717007,-0.3965041529854067
company_2031,0.2929108202269508,-0.544317147181847,0.1886097541936297,-0.5208717960001819,-0.3193114782428053,-0.2832525506099875
company_4925,0.40206045025535736,-0.4382265938509969,0.20112366366965803,-0.8012909937915508,-0.22415803931717007,-0.3965041529854067
company_4042,0.35411917046433633,-0.398661620173877,0.14322683160049,-0.7567312592168564,-0.2810591833234308,-0.3210810498363521
company_4463,-0.16080021782642068,0.33019454775494356,-0.5076015776692973,-0.18713833678175862,1.3311740347286254,-0.4463780194470092
company_5098,0.2732416791955267,-0.4882647232787471,0.15439410766455577,-0.3126670467791235,-0.3572529058135167,-0.10478283151155383
company_6925,0.16602303663995133,-0.6781971227713637,0.16910593232134802,-0.1674857682645525,-0.435638311828397,-0.11844051681219174
company_5836,0.33719058933767815,-0.6014413515077902,0.0345847081015678,-0.1717986784122897,-0.29819833482825725,-0.08775208481287801
company_6748,0.40206045025535736,-0.4382265938509969,0.20112366366965803,-0.8012909937915508,-0.22415803931717007,-0.3965041529854067
company_4167,-0.2980365601143167,0.48233076290551524,-0.7324162865522346,1.1540094900859803,1.0803179342261398,0.6670790806568216
company_3276,0.40206045025535736,-0.4382265938509969,0.20112366366965803,-0.8012909937915508,-0.22415803931717007,-0.3965041529854067
company_2101,0.40206045025535736,-0.4382265938509969,0.20112366366965803,-0.8012909937915508,-0.22415803931717007,-0.3965041529854067
company_1037,-0.16080021782642068,0.33019454775494356,-0.5076015776692973,-0.18713833678175862,1.3311740347286254,-0.4463780194470092
company_3698,0.3427343513108885,-0.46598101132153746,0.23109596197315543,-0.7153707747582582,-0.27172293058876107,-0.37198836059632934
company_5888,0.34761622028055333,-0.6982802200527688,-0.03483410001449386,-0.22469436437879714,-0.2926389835293651,-0.12097572406925909
company_4342,0.35461264100171835,-0.46100719601817114,0.2253045682809108,-0.7323124744643846,-0.26190449395052195,-0.3779874109705951
company_6056,-0.7466071549508583,0.02387947686278086,-0.27232870949580196,1.7038912253203484,0.8067879365444988,0.47417607115484506
company_5821,-0.49685381858592015,0.17950282984147975,-0.43972117436937896,1.0694858658565558,1.0152175312892167,0.21176057037581056
company_6180,0.16464371070865627,-0.5940995278346641,0.2520076276795513,-0.33749099150376083,-0.4291518573751733,-0.20244223042813664
company_922,0.3325969661397705,-0.45480708857123375,0.22153397357865137,-0.7164828519412481,-0.2806820840226705,-0.3723029335375857
company_210,0.38514401874267334,-0.4882069246965083,0.12428441036931882,-0.6728903920234403,-0.2413910587949288,-0.34710165000874904
company_1854,0.389369202046558,-0.4432044471859698,0.20645337605192335,-0.784053078811867,-0.2342247673946499,-0.3922841359994173
company_2451,0.40206045025535736,-0.4382265938509969,0.20112366366965803,-0.8012909937915508,-0.22415803931717007,-0.3965041529854067
company_6133,0.3876680822611434,-0.4417330683001838,0.2049856554969533,-0.7840668528674727,-0.23551730979288957,-0.39312345603575277
company_3235,0.2660222054287767,-0.2872960113083778,-0.07579293112735269,-0.19835469897986935,-0.4136561187565937,0.13147362429203344
company_4546,0.3661751384274604,-0.45502772528520574,0.2189923943918468,-0.7495703647060467,-0.25270863110269515,-0.38271503585619954
company_892,0.389369202046558,-0.4432044471859698,0.20645337605192335,-0.784053078811867,-0.2342247673946499,-0.3922841359994173
company_2734,-0.2616907831763472,0.2859327008479357,-0.5300637822328285,0.009173418505719557,1.2364938335769895,-0.33901605802791596
company_5706,-0.16080021782642068,0.33019454775494356,-0.5076015776692973,-0.18713833678175862,1.3311740347286254,-0.4463780194470092
company_2962,-0.16080021782642068,0.33019454775494356,-0.5076015776692973,-0.18713833678175862,1.3311740347286254,-0.4463780194470092
company_4480,0.12537274233188594,0.11203449918699197,0.8007791604611229,1.02248163500857,-0.4385796973270194,0.4939645505700427
company_2956,0.1961597629702248,-0.29276788930941516,0.23881722935289265,-0.484024477114132,-0.4633527169397839,0.009967694033135058
company_6921,0.07023489078304843,-0.8544632880947269,0.16680255784200854,0.40735285632716745,-0.514091726616776,0.10208153286017263
company_6624,-0.0981250119538788,0.7545112248705059,0.2045436632607405,0.006180306830479864,-0.5584125100177167,-0.2932964860860408
company_139,-0.07365408866885811,-0.011943025368140112,-0.45668714461838805,-0.015790598916890705,0.7760063881857301,-0.23248127878869732
company_5234,-0.30322966478333024,-0.056294316629407634,-0.1970193946289988,0.37452263647369005,0.5967341415798211,-0.09850592869909448
company_4165,-0.7196078646849525,-0.21167382226480652,-0.4112000112862316,1.367704392143559,0.8617938284660573,0.14428559407591207
company_1690,0.34972764536111645,-0.45503993228007444,0.22049928589988185,-0.7330978864315604,-0.2665261415495725,-0.3770034971629563
company_5959,-1.3714622102856984,4.5258099263921885,-0.667848449908333,4.664035757234314,-0.991484416914,7.28392812040565
company_6520,-0.16373780102574043,0.39901912940048423,-0.28784745426589814,0.3145927106732869,0.6796482643211497,0.06621134180260561
company_1667,-0.20035462732431358,0.3274229314665751,-0.5852895566072667,-0.10437468796650153,1.2950186507795685,-0.4155274330492638
company_6215,-0.23187794475175916,0.2969054420458341,-0.4715756094112957,-0.08408215566266276,1.2741226931820095,-0.41668003485482064
company_2841,0.24380294661233043,-0.4912079101141455,0.26625483020585516,-0.35957888486721046,-0.36168458245147955,-0.1920189152089594
company_1906,0.40206045025535736,-0.4382265938509969,0.20112366366965803,-0.8012909937915508,-0.22415803931717007,-0.3965041529854067
company_548,0.2613463570676457,-0.47106117753309806,0.12690476113464588,-0.10115398991306364,-0.36374925175539563,-0.026639118754894036
company_834,0.37818060964820815,-0.44948201853672026,0.21307957492441218,-0.7668029967497316,-0.24314974968701794,-0.3873227196479983
company_869,0.3473906279873545,-0.43394314451646143,0.1124345390039981,-0.7160726427018042,-0.2686543742066185,-0.3848388349732263
company_2029,-0.21681560175122777,0.30838580266561716,-0.5166790386950935,-0.08184803502901751,1.2775710539774374,-0.3834202323541305
company_1731,-0.14403461841542395,1.32778643804455,0.09426207012710154,2.077383258884998,0.5550279177818748,1.6080358456216515
company_4157,0.016159657486124107,-0.6961377165986331,0.4091533456524808,0.5256135227820189,-0.5353469385631943,0.11268217996763723
company_1539,0.40206045025535736,-0.4382265938509969,0.20112366366965803,-0.8012909937915508,-0.22415803931717007,-0.3965041529854067
company_4593,-1.1549458643378125,0.5956980988496267,0.7864538391026583,3.7578230001326642,0.5516933614823255,1.2549401902731854
company_6142,0.40206045025535736,-0.4382265938509969,0.20112366366965803,-0.8012909937915508,-0.22415803931717007,-0.3965041529854067
company_6220,-0.30593304917062886,-0.4750049843413234,-0.6210563606512727,1.7425761823926307,0.5162249927608044,0.7141884358684549
company_811,-0.2685187503486213,0.28247587151277836,-0.45494113800874225,-0.03310326802810027,1.244100611007578,-0.39991610800599
company_3615,-0.5483815578066583,0.07756138781602312,-0.36126511370083614,0.7446959615254359,1.005256514613806,-0.07392956579771175
company_6224,0.40206045025535736,-0.4382265938509969,0.20112366366965803,-0.8012909937915508,-0.22415803931717007,-0.3965041529854067
company_120,0.19157812382089398,-0.007106610148423855,0.0134825415415,-0.6656334529119767,-0.5478688040487341,0.2436648298990068
company_4070,-0.3247140859737828,-0.30034245477949756,-0.953424743568731,1.1740830362079784,1.1482218829880693,0.18304332210471358
company_271,-2.14343341492647,2.317210228166542,-2.1026708839811454,0.021377757664364717,-0.18457044268446793,-1.2336488378083732
company_4537,-0.1103169776937829,-1.0209774692853502,0.21421023332305336,0.587993759229612,-0.6583765475419703,0.12091482440997886
company_5610,0.31857777943765875,-0.5349421073263284,0.17830919702060308,-0.5552020505099692,-0.2987870917774079,-0.292204213431864
company_1609,0.1548489001800825,-0.19899776167367383,0.24645765060195082,-0.3408689437183836,-0.5109999075929854,0.13391917498664052
company_1320,-0.317649066439405,0.21653584589468078,-0.5830856508600382,0.4271464926552627,1.1797422507754476,-0.13411944199269593
company_1481,-0.5094245092404851,0.025024618035182248,-0.47409707204659,1.306206558158259,1.0149241613624305,0.25294616070787046
company_1003,-0.45679689684118985,2.3497143818199984,0.05863926677556665,1.3334366132130484,0.4314496010733838,0.7896004251293691
company_7379,0.35229250116690647,-0.45684363531733446,0.22257163404916944,-0.7332547038752997,-0.2647939682024104,-0.3749298887561127
company_2137,-0.2152346842989273,1.1830796223929536,-0.6235772431247985,0.6918932270798612,0.3695236050536205,1.3307966063968282
company_2742,0.3782637878854735,-0.44918700444955745,0.21302694469246794,-0.7669594410176462,-0.2432782310062309,-0.3865666928688256
company_6068,-0.5971071074105959,0.5681194133783686,0.18704118871563666,2.6671611385509277,0.9780642147218593,0.8910061227475371
company_4324,-0.24725243175200975,2.4508880206431067,0.7722695618926996,4.757204498787491,1.1496734082701445,2.694054054156907
company_4747,0.40206045025535736,-0.4382265938509969,0.20112366366965803,-0.8012909937915508,-0.22415803931717007,-0.3965041529854067
company_674,-0.17462554589216311,0.3261976136771614,-0.503250345657012,-0.16990960450581194,1.3202456117189858,-0.44271754915191014
company_1238,-0.7568074062534285,1.6339566526565308,-0.9942817599862764,-0.10429654899589548,0.5293624637581218,0.7886386891907045
company_6396,0.35501155512610333,-0.4775095208077739,0.1641570399323326,-0.6686518719784627,-0.2698236583933545,-0.3284138612612903
company_6946,-0.30634729810772543,0.9341654947636804,-0.16101050934776334,-0.3153862826836367,-0.8667571278311065,0.025535081478350673
company_447,0.3023696619537578,-0.3701127277134013,0.27748401474207374,-0.59657140055488,-0.3162225699508756,-0.26153183786943
company_5051,-0.16080021782642068,0.33019454775494356,-0.5076015776692973,-0.18713833678175862,1.3311740347286254,-0.4463780194470092
company_6842,0.35113720101902846,-0.41571805323806715,0.13643931446270346,-0.7588574636639059,-0.2643103365036369,-0.4023796622197094
company_6817,-0.188986988587857,0.2819370383071567,-0.5805732635384215,-0.04488350337617581,1.3008118331265184,-0.3766041342975101
company_7022,-0.21447849839445876,0.30252912657641196,-0.5912024138766645,-0.03395688951589488,1.2734459659013195,-0.35045082781265674
company_1988,-3.4132656198921985,6.935901544349608,-3.369856416346701,0.2534018092895524,-2.3454877383915647,3.4052078158498515
company_2961,0.007449932250649516,0.1004983196667358,-0.29574963103201296,-0.37072067353355304,0.8662546155592161,-0.43146973753474527
company_132,-1.6054166192463897,4.246367612744321,-2.458214902787005,-0.5493464792965593,-1.0317621519688518,3.9215226853836875
company_5760,-0.1560117214053786,-0.7371278914404188,0.4783386309605934,0.06691445228660796,-0.6730066781427507,-0.13821850874952862
company_3910,0.3141836554377531,-0.40102908372885576,0.06518477554688207,-0.6740026013732486,-0.31754306219704187,-0.29027330913264826
company_6350,-0.3688907082172752,-0.3845695453845705,-0.990697561661187,1.3690587586674814,1.105449800939852,0.2726038545805351
company_498,-0.26935147890789607,0.2767485001538286,-0.5204428169189275,0.02639006180184038,1.230173768178063,-0.3320318435955456
company_5405,-0.26673283513247625,0.6148150008925471,-0.48011399099307533,0.1692384088580089,1.2310312047771785,-0.21477839767829035
company_5550,0.3051148382886734,-0.49697265237284555,0.18581848376191767,-0.6002066737475774,-0.31005729242536295,-0.308768671531835
company_5511,-0.5970664220382766,0.16657286124411375,0.8173958421648114,4.862621465016511,0.40779360110581336,1.8752128870863052
company_3012,-0.2886429839871343,-2.626558238131158,-0.2042759913199873,7.011588763630627,-0.7982202218628872,2.721714550205097
company_2391,0.1354981847557784,0.1686321640540191,0.09485145414537038,-0.581437282916265,-0.5254364302015213,0.032132351853126365
company_3949,0.40206045025535736,-0.4382265938509969,0.20112366366965803,-0.8012909937915508,-0.22415803931717007,-0.3965041529854067
company_3557,0.40206045025535736,-0.4382265938509969,0.20112366366965803,-0.8012909937915508,-0.22415803931717007,-0.3965041529854067
company_875,-0.16080021782642068,0.33019454775494356,-0.5076015776692973,-0.18713833678175862,1.3311740347286254,-0.4463780194470092
company_933,-0.9410078457186167,2.473384949336275,-0.8536516757479616,0.5968575364785257,0.4725404874711258,0.816779524347166
company_3351,-0.02612762294681442,0.47589545670693284,-0.034371761408292845,-0.4354674102422142,-0.6248296572444317,-0.05258317022219853
company_3342,0.3882351221896149,-0.44222352792877906,0.2054748956819433,-0.7840622615156041,-0.23508646232680971,-0.3928436826903076
company_5066,-0.16080021782642068,0.33019454775494356,-0.5076015776692973,-0.18713833678175862,1.3311740347286254,-0.4463780194470092
company_5516,-0.2859667025639295,1.1569756567647758,-0.2323821580777745,1.278377279042746,1.2037507926015436,0.437752408549087
company_1686,0.3882351221896149,-0.44222352792877906,0.2054748956819433,-0.7840622615156041,-0.23508646232680971,-0.3928436826903076
company_205,0.389369202046558,-0.4432044471859698,0.20645337605192335,-0.784053078811867,-0.2342247673946499,-0.3922841359994173
company_4189,0.2268209904043651,-0.4484893832646739,0.2810208588818991,-0.3948328433288376,-0.38527723477914894,-0.16542805518562648
company_5600,0.1718514093804087,-0.6759113348786772,0.2414402993756623,1.775283459958259,-0.43785902021365,0.8071898290263356
company_6612,0.3457330197013978,-0.39319979962913676,0.09366767387302799,-0.5078376340465687,-0.2930513119899108,-0.1969563899769423
company_4683,-0.4981880469136431,2.13650451152076,-0.02585927388350982,1.4753444556165116,1.043196988718702,0.5805876022677683
company_7282,-1.5078705793568707,-0.6123986535359066,0.6167303215817708,4.3633512267848165,-0.45742420451519605,1.8085566026115245
company_2407,0.373936265326658,-0.4298557709610332,0.1931378890171117,-0.7841780401052231,-0.2459509992631244,-0.399898633884616
company_6115,-0.474857058845587,1.0414929563449116,-0.7496060607708542,0.11658518417761653,0.9138247518356527,0.3074841498702806
company_1378,0.3750287906967105,-0.443813160528379,0.20936264370170637,-0.7680884692425395,-0.2470816858165674,-0.3831442089770022
company_320,0.3544088939264999,-0.46051321571463916,0.2250210613081108,-0.7324501725492348,-0.2622252820086441,-0.3774688305538217
company_5482,-0.08113822908084134,0.8960563229714351,0.10383167005129022,0.06131454211357419,-0.682762361165249,0.28627820994069253
company_2738,-2.579653966179228,-3.5358621554922887,0.32470866594010966,16.4885245860975,-0.6179397699558444,6.1978238941982235
company_4131,0.8184698165976015,-1.0295828048918567,0.7472043234386371,-1.253503094197967,-1.4239380867625944,-0.35472151691670845
company_3960,0.08999595188966564,-0.6571287726942153,0.2359729025292469,0.07192003664621562,-0.4997919226551927,-0.003932521120484211
company_2111,0.2588574661674154,-0.5379387341676816,0.22771320119127517,-0.5133637445630148,-0.3466957245085206,-0.28152225089419564
company_1569,0.3632423723147599,-0.45104569735486766,0.215972054688575,-0.750212950791472,-0.2556919774003763,-0.3813459228149821
company_4319,-1.4711955952063023,3.126619036255029,-1.9592475519933408,-0.36672756265025097,-0.39896154045101656,1.9004600658710487
company_6703,-0.6062400139142913,0.7849374167324795,-0.48229141396946235,1.1468429370063415,0.8195944195899696,0.7109984733484638
company_5092,-0.5040626799391498,1.0986206389602629,-0.7815959737265458,-0.12237455250660624,0.8775923314865279,0.24305414532463201
company_5899,0.31223056059580795,-0.4448108815415683,0.03999403843254151,-0.6314343522231239,-0.2992272249426694,-0.36018902440435374
company_3944,-0.5057785358513416,0.9006339678123743,-0.32686679614180425,0.707845455640425,0.9618460358875478,0.33303687703552465
company_1200,-0.19478381534932576,0.34363345347372576,-0.5206428342334071,-0.17007282706473936,1.3049289842998455,-0.452663491582485
company_2530,0.027806236183625876,-0.8416842655044453,0.19896579122588703,0.41515428278681743,-0.5473990341805317,0.09803587182131962
company_2128,0.360037490858036,-0.4607731467889774,0.11155526212569121,-0.6650325841710457,-0.2722121170993938,-0.30677916286030094
company_3847,0.40206045025535736,-0.4382265938509969,0.20112366366965803,-0.8012909937915508,-0.22415803931717007,-0.3965041529854067
company_1226,-0.2822816711317046,0.7741085603199187,-0.3300581800527105,0.8031419118647284,1.1953147735196201,0.20636463924719295
company_3570,-0.8374271275367623,-1.1056711349727997,0.8284882790899863,1.1252201837510842,-1.2198054022199345,0.17291031360952513
company_1463,0.3876680822611434,-0.4417330683001838,0.2049856554969533,-0.7840668528674727,-0.23551730979288957,-0.39312345603575277
company_2488,-0.26806167602754655,0.5329633635985738,-0.5223885773219618,0.09106863987472145,1.229093526614221,-0.2640542329134673
company_4596,0.2490253785331939,-0.08482469616151027,0.2631658701153311,-0.26794295415908664,-0.37819478399932943,-0.019121403386230838
company_818,-0.010627153856084622,-0.017617348058106733,-0.10725605074109495,-0.7181908427303663,-0.526692960310379,-0.5891926051787423
company_5933,0.03101153587533903,-0.7997481725119833,0.24267336284797436,0.32878901444972,-0.54289724158655,0.06430124557782937
company_6326,-0.2874144305492745,-0.8360118688955644,0.5354066001380554,0.5416675043430662,-0.7822363806921693,0.05498148580276541
company_3291,0.33957110693050685,-0.47725477788013304,0.20506699880091542,-0.6757735505361246,-0.27951833436305223,-0.33963260691602387
company_5979,0.40206045025535736,-0.4382265938509969,0.20112366366965803,-0.8012909937915508,-0.22415803931717007,-0.3965041529854067
company_150,-0.47601945520047534,0.619577662116027,0.04515700714149692,2.3068143145322098,1.079517663729636,0.7249993165504242
company_4628,0.15623742666555746,-0.5783534852677332,0.30885064014231023,-0.3979271907104828,-0.42330401083236346,-0.27093471990201756
company_6425,-0.1020692262642785,0.2761147686768764,-0.34784500525587875,-0.002312207013951335,0.743484011214326,-0.14297309712434256
company_2996,0.2643694235110423,-0.5558314264295856,0.12300726673633673,0.02231367530931959,-0.3614738633928612,0.020344294164522218
company_701,-0.3736061463558753,0.20914858989086704,-0.42014986417046163,0.16456769679354077,1.158504351645423,-0.3364045969351085
company_1096,0.389369202046558,-0.4432044471859698,0.20645337605192335,-0.784053078811867,-0.2342247673946499,-0.3922841359994173
company_6107,-0.06263964159142885,-0.7763309555639525,0.3456476909961587,0.10029961556683044,-0.6045461012962708,-0.09887360860313187
company_1720,0.3653595035741022,-0.45354052333729966,0.21802367017920948,-0.7499116719253643,-0.2537366990133841,-0.38159434952194404
company_1448,0.40206045025535736,-0.4382265938509969,0.20112366366965803,-0.8012909937915508,-0.22415803931717007,-0.3965041529854067
company_7309,-0.2796143761143384,0.26854881147622944,0.11859926152764307,4.415872217888163,1.3270645272808546,1.3509454926723319
company_5671,-2.356169557210838,3.5572690278861114,-2.702606314870839,-0.5356939893774162,-0.9508844144993587,0.8736849850136293
company_5653,0.34614599643762406,-0.4704284180589896,0.19562686226704698,-0.6915873336990299,-0.272301087149808,-0.3535764777417202
company_7032,0.40206045025535736,-0.4382265938509969,0.20112366366965803,-0.8012909937915508,-0.22415803931717007,-0.3965041529854067
company_7317,-0.5798844186447436,0.19405819012472503,-0.15085296919881977,2.0212010488132233,0.9958310570571955,0.4845383891957389
company_2293,0.30457811148645203,-0.4800150994105033,0.24673319714247047,-0.6640122662332287,-0.3024183652250792,-0.35775549688427977
company_6653,0.38997876996966485,-0.44373169128670975,0.20697930925078759,-0.7840481431086083,-0.233761606368614,-0.3919833796530638
company_3764,-0.25421765579538225,0.40469964074173687,-0.6312943759421796,-0.10744095492203899,1.2293047016429453,-0.34074118682837856
company_5326,0.389369202046558,-0.4432044471859698,0.20645337605192335,-0.784053078811867,-0.2342247673946499,-0.3922841359994173
company_5756,0.389369202046558,-0.4432044471859698,0.20645337605192335,-0.784053078811867,-0.2342247673946499,-0.3922841359994173
company_5940,0.19442905001269073,-0.5510408978681343,0.26582809874860813,0.2097447287190836,-0.3985878877232628,0.035539510382686476
company_4699,0.2948161687019156,-0.48690520749209387,0.2543796414113698,-0.6470167093453002,-0.310583963020442,-0.35087936075399223
company_3340,0.007449932250649516,0.1004983196667358,-0.29574963103201296,-0.37072067353355304,0.8662546155592161,-0.43146973753474527
company_2360,-0.2092096052922396,0.30931419927405784,-0.4846125458886095,-0.11862511107590647,1.292138801540616,-0.4262537578753042
company_441,0.40206045025535736,-0.4382265938509969,0.20112366366965803,-0.8012909937915508,-0.22415803931717007,-0.3965041529854067
company_4349,-0.2164773096302956,0.356527398905935,-0.6043390013628922,-0.11099582327596903,1.2748499007678002,-0.3939458766546202
company_7419,0.3664962930908801,-0.4551859994495862,0.21922897342565487,-0.7496189329212447,-0.25252703689733663,-0.38232373024601585
company_656,-0.2633444832403312,0.21483303280820282,-0.5521303406914695,0.11797267000275212,1.2389457354774804,-0.3171547584301446
company_2811,-0.4737304687549521,0.0006711897434579802,-0.537070493384241,0.8787568667254171,1.0534589658708684,0.015194094275146047
company_3335,-0.2717163580979389,0.5062852665165639,-0.601869239141642,0.034251863312410195,1.1761516266435632,-0.10811420308445416
company_4404,0.2571846480696415,-0.7248078826717983,0.07658705158938711,-0.15324325883745663,-0.36003706590671625,-0.11798916529192467
company_2495,0.14778792708089422,-0.7045113724835541,0.18938182796637143,-0.12859490694536851,-0.44502537235012163,-0.12630189840876124
company_5907,-0.006025721192535449,0.09619893548465312,-0.29109670090565054,-0.35348910992395416,0.8555918818203258,-0.42763674034328836
company_1088,0.37080820491611816,-0.4292696586636637,0.16310856150753547,-0.7496715078195421,-0.25993059695189363,-0.3443582902580739
company_4873,-0.18626639795057548,0.32036324406706684,-0.4970319896335463,-0.15268545781356668,1.3109498208734844,-0.4378779160573318
company_6353,0.40206045025535736,-0.4382265938509969,0.20112366366965803,-0.8012909937915508,-0.22415803931717007,-0.3965041529854067
company_7176,0.355551552433032,-0.5196777225438264,0.12266142181688393,-0.583543921080537,-0.2730506133363679,-0.2869717248010834
company_5668,-0.24361975531694674,-0.8216049603262124,0.5818013719271775,0.8815260579988896,-0.7385449471602207,0.19711947714197572
company_704,-0.8000849510955689,1.3681955666188768,-0.877279849929218,0.16848835198420337,0.8134837209609582,-0.3822123267519625
company_1712,-0.2046714202182785,0.2875374263413572,-0.5416144055278286,-0.05420560224301869,1.2882496992021044,-0.37793891697045934
company_5854,-0.3722055197659413,0.6695030692901514,-0.6606064449256228,0.038804733502567405,1.1519678247899485,-0.34962007512417625
company_7250,0.20312730666961842,2.6770831711453855,1.6603151461551013,4.9950712727237905,1.8535370526237533,1.737728419231862
company_1372,0.40206045025535736,-0.4382265938509969,0.20112366366965803,-0.8012909937915508,-0.22415803931717007,-0.3965041529854067
company_3744,0.40206045025535736,-0.4382265938509969,0.20112366366965803,-0.8012909937915508,-0.22415803931717007,-0.3965041529854067
company_1560,0.3882351221896149,-0.44222352792877906,0.2054748956819433,-0.7840622615156041,-0.23508646232680971,-0.3928436826903076
company_5135,0.320372563016838,-0.29309664894857734,0.16835530842762386,-0.6654995856500645,-0.31106972612043204,-0.2604506417332799
company_1640,0.3408959287396785,-0.4814699172716936,0.20725049812037144,-0.6744486927942936,-0.2769084874508405,-0.34495909191518453
company_6836,0.27153392579135394,-0.4989812127674678,0.26695410652377005,-0.6123938450274072,-0.3289629744432784,-0.341994790675534
company_831,-0.37013568391002144,0.22258770899669422,-0.4616488523970146,0.18067150504132168,1.1486012496400555,-0.283014240827788
company_5881,-0.152226407633516,0.8932674178041793,-0.27592405708132045,0.5136513043982734,0.6507524236143651,0.3721211503346303
company_6555,-0.16080021782642068,0.33019454775494356,-0.5076015776692973,-0.18713833678175862,1.3311740347286254,-0.4463780194470092
company_664,-0.3408060364217878,0.1854356415044794,-0.6604114323486849,1.0626242641150883,0.3489059342311884,1.0219065107179122
company_6794,0.34902963577336443,-0.4930933924550149,0.17690365113185674,-0.6493032546225457,-0.2722837603940664,-0.33024135132622906
company_2043,0.3903142685940105,-0.44402187990029535,0.20726877636024005,-0.7840454265587528,-0.23350668828451673,-0.39181784709034206
company_5210,0.40206045025535736,-0.4382265938509969,0.20112366366965803,-0.8012909937915508,-0.22415803931717007,-0.3965041529854067
company_688,0.3882351221896149,-0.44222352792877906,0.2054748956819433,-0.7840622615156041,-0.23508646232680971,-0.3928436826903076
company_5660,-1.6258955872388412,3.0517223830657163,-2.0740600385500927,-0.4364516576187101,-0.4303044444106517,1.4278085071395095
company_6479,0.3378257104607688,-0.46784746476664285,0.12304391596746346,-0.6329390158765665,-0.2928740547455133,-0.2858170618896654
company_2032,-0.022805417845893048,1.885734815055767,1.2106208949250352,2.303191909343742,0.9764913316797547,0.7067824348163257
company_2838,-0.2622023343497831,0.1552660113067757,-0.6154338590475877,0.2439363806403725,1.2322825962285864,-0.24708745557786832
company_507,0.0706407909191827,-1.0099318967028557,0.0342648238346942,0.7196514617437665,-0.5304849704919431,0.2701112998635324
company_2621,-1.9420495497353658,-0.6593865061852113,0.4101337075470624,2.8366977267225066,-0.09876521669770603,0.4836942515403182
company_6733,0.37778368169827814,-0.44913869679670354,0.21273710679491917,-0.7668062106960396,-0.2434513429132739,-0.3875185609898099
company_1582,0.38895837270923217,-0.0436753511773816,0.4519864906981012,1.3574119627077292,-0.22579741505829204,0.6357822467856742
company_4735,-0.21744558620174936,0.3215061497936261,-0.6101965098613058,-0.051516633603334146,1.271377249858002,-0.361508982669976
company_6446,0.31981924554255875,-0.47798371044870536,0.24385469323205675,-0.6809122892024704,-0.29002715109663274,-0.3621610904453017
company_3896,0.3771258003732882,-0.4479538481085863,0.21196073220873346,-0.7670752064908359,-0.24427288607738587,-0.3866432911596751
company_1011,0.389369202046558,-0.4432044471859698,0.20645337605192335,-0.784053078811867,-0.2342247673946499,-0.3922841359994173
company_7119,-0.16080021782642068,0.33019454775494356,-0.5076015776692973,-0.18713833678175862,1.3311740347286254,-0.4463780194470092
company_2668,-0.20846233649535262,0.02062276554760513,-0.19998579110450407,0.15593793390303057,0.6812286549762891,-0.19715144333017293
company_4232,0.3062422707031947,-0.6199566736736752,0.05985762422907406,-0.3462117756323974,-0.3217288552427414,-0.17865583556533743
company_3537,0.3712543212228508,-0.4373948467558271,0.20503699962122449,-0.7694692809360134,-0.25159688526379576,-0.378861997300368
company_3126,-0.26573626966499503,0.5436161719426339,-0.5378421471173199,-0.09528046041277129,1.2053814439233435,-0.24755857862904093
company_1141,-0.12483233988073043,0.028292694242588304,-0.3798683514510012,0.37684353396635867,0.7371160816622763,-0.05873224809501186
company_2036,0.1348220853701226,-0.30533954744331937,0.0644391560923897,0.22700996625883865,-0.5834199960184865,0.5680434448162384
company_86,0.32736345451585164,-0.6274757396259439,0.024645883250859146,-0.3380375829829712,-0.30648991300981987,-0.16921455802628302
company_6058,0.36999248941928753,-0.43618392112371235,0.20390778313860214,-0.7695306666751779,-0.2526180735679103,-0.3792517256128853
company_3218,0.40206045025535736,-0.4382265938509969,0.20112366366965803,-0.8012909937915508,-0.22415803931717007,-0.3965041529854067
company_7667,0.3678518295268645,-0.5373787257394712,0.05782806830172879,-0.5341905504562856,-0.26792002010311683,-0.2553735201698792
company_2157,-0.6109173224684539,1.4673656674932647,-0.7551021832191619,0.16469288597510134,0.745932831665964,0.5753409967057832
company_7236,0.40206045025535736,-0.4382265938509969,0.20112366366965803,-0.8012909937915508,-0.22415803931717007,-0.3965041529854067
company_6174,-0.19396376377244584,0.3151061527198215,-0.527683132087784,-0.1140219024405671,1.2986150326691337,-0.40367753671168544
company_4518,-0.4310268859815248,0.46137002588773085,-0.4233123100863276,0.40354663422648945,1.04594369347271,0.050859604141438974
company_7289,0.37839092976635214,-0.44919996335380946,0.21310375595281034,-0.7669999484239898,-0.24323230071376897,-0.3863149423796208
company_3689,0.3198929706927563,-1.524565808324252,-0.6761363543992546,1.3895502490938576,-0.3757198966498262,0.6421293762154885
company_6374,0.35190382244869,-0.4389818636073321,0.2054242263848202,-0.7512709435870076,-0.2654859503364796,-0.3825435195767592
company_1073,0.3504147977941793,-0.45567786804333005,0.22110693377935023,-0.7330736610253158,-0.2659812635817708,-0.3767493830447852
company_1543,0.06442999588043657,-0.5734273945983641,0.39394348223033926,-0.12487499628364922,-0.5014019454532239,-0.13912076159482306
company_2876,0.3668970653297891,-0.4554595357163336,0.21954997448945887,-0.7496469910040603,-0.2522607121640737,-0.38198354259385336
company_1319,0.26967202770530274,-0.553883112217191,0.20035808437210864,-0.48733937447060527,-0.33898823088240915,-0.269382722924056
company_512,0.40206045025535736,-0.4382265938509969,0.20112366366965803,-0.8012909937915508,-0.22415803931717007,-0.3965041529854067
company_6865,0.389369202046558,-0.4432044471859698,0.20645337605192335,-0.784053078811867,-0.2342247673946499,-0.3922841359994173
company_3886,0.23731032909124627,-0.4787519176623759,0.1873542954933136,-0.080741437267121,-0.38945686185497685,0.011072010283029383
company_4789,-0.005921566776955352,0.4582931272169975,0.09128909753616352,-0.34466840853513137,-0.5611755070458704,-0.17560195166065753
company_6931,0.09700128959891513,-0.586596286970928,0.32824885301851636,-0.09531438836451119,-0.483637132518318,-0.09609727530938876
company_1055,0.389369202046558,-0.4432044471859698,0.20645337605192335,-0.784053078811867,-0.2342247673946499,-0.3922841359994173
company_6935,0.19856431088366752,0.16172073474912174,0.34602745357870185,0.09515133653335801,-0.4501210335375411,0.30071531560211134
company_5601,0.40206045025535736,-0.4382265938509969,0.20112366366965803,-0.8012909937915508,-0.22415803931717007,-0.3965041529854067
company_1235,0.3882351221896149,-0.44222352792877906,0.2054748956819433,-0.7840622615156041,-0.23508646232680971,-0.3928436826903076
company_4621,-0.2874724429920417,0.48933311127944185,-0.4642992642645279,0.1693273425816469,1.202115796992382,-0.18350891114906429
company_4856,0.3595027016371347,-0.444491153958352,0.12290910359799657,-0.7159438694371376,-0.2594139407158999,-0.3790025367431769
company_6124,0.282494322608621,-0.5322348171245622,0.21750080640211758,-0.5453867795320699,-0.32487901518965273,-0.30204969243194985
company_3246,0.3877106102557788,-0.4417698527723284,0.20502234851082754,-0.7840665085160825,-0.2354849962329336,-0.3931024730348444
company_1338,0.3382228333683555,-0.4787267558554734,0.16587806712574507,-0.6515398399578002,-0.28311682249275427,-0.3257936378285643
company_2744,-0.1931319010018956,0.31078031532280675,-0.5257428898219905,-0.11247107841002314,1.3011308657636003,-0.41029370051775166
company_1438,-0.17462554589216311,0.3261976136771614,-0.503250345657012,-0.16990960450581194,1.3202456117189858,-0.44271754915191014
company_797,0.1786866497996842,-0.5660321805978623,0.2957185436932778,-0.43235332951548516,-0.4053097118442359,-0.28115621801501584
company_78,-0.08367759061959959,-0.9963915275090455,0.19529613921118727,0.7718778245947255,-0.6481020953514117,0.25582784856322505
company_4311,0.27898550122197935,-0.4855345952919056,0.2557691037121073,-0.6313597404932807,-0.3249338023061139,-0.3411296625495673
company_1872,0.3876680822611434,-0.4417330683001838,0.2049856554969533,-0.7840668528674727,-0.23551730979288957,-0.39312345603575277
company_5329,-0.16080021782642068,0.33019454775494356,-0.5076015776692973,-0.18713833678175862,1.3311740347286254,-0.4463780194470092
company_1339,0.0897861668107477,-0.1044695739551984,-0.02061976798244644,-0.7173777908369752,-0.4503970548587309,-0.5396494085894982
company_3216,0.27085360476976267,-0.6074278653146371,0.09611556052476168,-0.3408533846535222,-0.35273706422697276,-0.16785122838134833
company_1776,0.8184698165976015,-1.0295828048918567,0.7472043234386371,-1.253503094197967,-1.4239380867625944,-0.35472151691670845
company_2306,0.6401412364659539,7.558084196338616,10.130038095604526,19.565599894496433,3.4167309413514544,5.667783862811331
company_4708,0.40206045025535736,-0.4382265938509969,0.20112366366965803,-0.8012909937915508,-0.22415803931717007,-0.3965041529854067
company_5752,0.29178415111180706,-0.5021601560347541,0.16280611093494834,-0.5490229903318049,-0.332921425570363,-0.24513690811468516
company_3629,-0.8371535175971564,-1.4540496405330372,0.5923674575395443,2.697888395297293,-1.2698897650736813,1.0079889411367766
company_1221,0.2247932352400144,-0.5211179016917235,0.2913194949083994,-0.5439471716382941,-0.3668279776080315,-0.3206828641143576
company_2002,-0.17462554589216311,0.3261976136771614,-0.503250345657012,-0.16990960450581194,1.3202456117189858,-0.44271754915191014
company_4448,0.2616676259538791,-0.524131101328024,0.25268209163092326,-0.5539179720199602,-0.34033264493362775,-0.30971024156711974
company_7549,0.40206045025535736,-0.4382265938509969,0.20112366366965803,-0.8012909937915508,-0.22415803931717007,-0.3965041529854067
company_2485,0.24804000913301827,-0.5289303269468346,0.2574179077472764,-0.5364173481487768,-0.35078109201157254,-0.3071822192096696
company_5179,-0.3517756449313739,0.8520368960220073,-0.29418027379040557,0.9401742870868826,1.1512139415156568,0.21840374234887908
company_2846,0.3298310223621548,-0.4617651056631205,0.19426830269276335,-0.6788773850005466,-0.2906094547745793,-0.3306727342118787
company_3837,-0.5742153826652932,-1.0004689779248126,-0.9288497910123332,5.383470729576163,0.8885424160356146,2.188995334595623
company_2453,0.3322812624592887,-0.46771289777022046,0.19768018053609118,-0.677218343447246,-0.28674791134779076,-0.3369232300329542
company_7473,0.3395424269459546,-0.47015116878921137,0.0858827096648162,-0.6094594549246289,-0.2950940364313591,-0.2669210465029989
company_485,-0.3732190008971234,0.30460491933131584,-0.3990677127466117,1.1375707739215344,1.142629503198077,0.18576306908763207
company_4183,0.3665733768749901,-0.45505864862415424,0.21922970838853031,-0.7497013825313908,-0.2525698161455626,-0.38190765843805774
company_3969,-0.008360035564743218,0.09821799428903728,-0.29311073966719275,-0.35350801098914636,0.8538182264182969,-0.4287884739487042
company_702,0.23437971237284552,-0.5510165340590782,0.2399463198931486,-0.47787888784643073,-0.36491967785543217,-0.2771942096648259
company_163,0.3882351221896149,-0.44222352792877906,0.2054748956819433,-0.7840622615156041,-0.23508646232680971,-0.3928436826903076
company_2509,-1.1928686200478684,-0.3750826752351076,-0.10236985312716011,1.7035237900431983,0.4918001427123802,0.1618283841891626
company_1742,0.2904012355271032,-0.49753778625913125,0.032820565018823744,-0.4916652709264364,-0.3388603008437653,-0.2217791814002097
company_2012,-0.289991912854655,0.5209190763984557,-0.649852561769596,0.0030784474017520507,1.18915214398119,-0.24412463205325052
company_3454,-0.16080021782642068,0.33019454775494356,-0.5076015776692973,-0.18713833678175862,1.3311740347286254,-0.4463780194470092
company_3598,-0.16080021782642068,0.33019454775494356,-0.5076015776692973,-0.18713833678175862,1.3311740347286254,-0.4463780194470092
company_3344,-1.198549462611004,2.0664431001133603,-1.2024107047871213,0.24125909289349606,0.4145885172184081,-0.11605951688561088
company_6402,0.37710124669221123,-0.44820255722821256,0.2120310571786671,-0.7669598244176157,-0.24415053520119565,-0.3871813733955509
company_4704,-0.16080021782642068,0.33019454775494356,-0.5076015776692973,-0.18713833678175862,1.3311740347286254,-0.4463780194470092
company_7518,-0.7583220116767598,1.9243581329203767,-1.064009682682083,-0.2891422057390321,-0.22314098649784223,1.3732398521949192
company_3907,0.22949487819290273,-0.5091851642118453,0.25103242183389196,-0.5276443715509987,-0.3755650002483754,-0.26754522879445647
company_4629,-0.08094967183100668,-0.7509854403923023,0.4044665416568361,0.04985013188172553,-0.6155208944767413,-0.12867039975413655
company_6051,-0.24020157839109157,0.4559429434940607,-0.5605463063902486,-0.01025238849412414,1.2423806533993667,-0.2818928245881273
company_6864,0.20810737453960337,-0.5898334317496551,0.20378473890831877,-0.36347471521449337,-0.39567143912381053,-0.204499635660795
company_5334,-2.814872435750118,4.897889464335162,-3.2906981743726935,-1.682806157902144,-3.92253199128025,2.8071952897805055
company_2504,-0.23772488299063815,0.3061005128749047,-0.47802300222289995,-0.08590113688941571,1.2675187046677134,-0.4115027737637075
company_7446,0.40206045025535736,-0.4382265938509969,0.20112366366965803,-0.8012909937915508,-0.22415803931717007,-0.3965041529854067
company_724,0.09766608414839972,0.31888990045671034,0.5065557175330127,0.5883486477464991,-0.5522017179423183,0.6275069440244555
company_2743,-0.3837148426627228,-0.04270724320206848,-0.6273268011377822,0.6669512400191449,1.129622831553188,-0.09266234801853844
company_954,0.37052253115281036,-0.45691719971841216,0.18318916513853628,-0.7272210980015249,-0.2543347074380862,-0.3572805636977497
company_3065,0.40206045025535736,-0.4382265938509969,0.20112366366965803,-0.8012909937915508,-0.22415803931717007,-0.3965041529854067
company_2822,-1.3236343939783162,1.3996410105437547,-1.4632052868064247,-0.11011216163002503,0.45866382006722145,-1.0091832932188163
company_4478,0.1771781363300302,-0.024200031783663492,-0.04328007697526587,-0.7056449810131271,-0.49958605124099426,-0.02885761938862808
company_2667,-0.38128304638628047,0.7904939952108392,-0.4618479619493319,0.15233978793020841,1.059339123034482,0.08807472869306808
company_1779,-0.16080021782642068,0.33019454775494356,-0.5076015776692973,-0.18713833678175862,1.3311740347286254,-0.4463780194470092
company_4216,-0.4412301490883337,0.009928979001196395,0.08365884546007281,0.9053972134448206,0.5123618710234629,0.05567010865658904
company_5108,0.40206045025535736,-0.4382265938509969,0.20112366366965803,-0.8012909937915508,-0.22415803931717007,-0.3965041529854067
company_4100,-0.09412719125306718,-0.7933408471071998,0.36609209555357114,0.15051658103783308,-0.6316330847482227,-0.07590998436457257
company_4086,-0.12966072976376986,-0.7877278428979879,0.4046119170183685,0.15888853374343034,-0.6590734323117821,-0.07889584525298159
company_6333,0.022192576460593694,-0.7343270639748262,0.3036308287082283,-0.021979641676172015,-0.5390525344887855,-0.12319407230712166
company_6697,-0.6805990964320711,0.9737806003713951,0.38834761976728477,2.1076184414969164,0.8881635583526297,0.7868644482684425
company_703,0.3436531622937141,-0.4671005140513343,0.23199880680105792,-0.7152242768447645,-0.27085515163380514,-0.37216783079475674
company_5703,-0.4428821965242946,0.4141977239630669,-0.03347781905496353,1.8987455412995666,1.1373150636459477,0.3864137952667663
company_308,-0.28819462751927083,0.5707253888928646,-0.5855770225572137,0.10530841712595489,1.1992151798342396,-0.21469679472241954
company_4759,0.1335774543378452,-0.6460403488134943,0.25648436336444486,-0.23884617278270803,-0.4505727997164471,-0.18540725076381293
company_6515,0.34062825821560183,-0.4004822888781682,0.10811084354418356,-0.7174403926583789,-0.29697347356304704,-0.29280730834844826
company_3818,0.3655519370904851,-0.4480631051875262,0.138436552233911,-0.7060964665568886,-0.26444275679615464,-0.331213975204723
company_6359,-0.43398341775838706,-0.4812527370775322,-0.9160525592030455,1.968267062410048,1.0606321880116696,0.4991791857190371
company_2496,0.2822015333928353,-0.5073847893599133,0.23695901498375163,-0.5895449252977747,-0.32523969678005604,-0.3154828347909583
company_6732,-0.4072688227937867,1.0096698110089646,-0.12053333298866363,1.801731804500038,1.0966518464134785,0.6833192321487952
company_4915,0.8083771720204714,-1.0264354700129978,0.7014688060295468,-1.2280796332135286,-1.4326428503673665,-0.35093329086928526
company_7362,-0.07789729248750032,0.5627274863549538,-0.32056245089505947,-0.9212857529550212,-0.8680729449340022,0.47813715099646986
company_5824,0.40206045025535736,-0.4382265938509969,0.20112366366965803,-0.8012909937915508,-0.22415803931717007,-0.3965041529854067
company_3144,0.19111266772830698,-0.5605479404384448,0.2900660986247188,-0.44971198288313124,-0.3955891899402203,-0.28496743297439153
company_3977,0.389369202046558,-0.4432044471859698,0.20645337605192335,-0.784053078811867,-0.2342247673946499,-0.3922841359994173
company_854,0.19229887365314652,-0.5609075149345153,0.29086363836303014,-0.4499877184233682,-0.3950360002256603,-0.2830836850781003
company_1753,-0.18461384550851645,0.32393717151301965,-0.5362222132496581,-0.1316992312319748,1.3056398835846914,-0.40766964231219216
company_4385,-0.4091265036849421,0.8479831719361393,-0.6986553820385301,0.017797870049275955,1.0123348312310858,0.08396997660928945
company_2223,0.3782092278792037,-0.4491819921030349,0.21299416890559716,-0.7669418232794781,-0.2432976543340654,-0.386675794818223
company_3483,0.007449932250649516,0.1004983196667358,-0.29574963103201296,-0.37072067353355304,0.8662546155592161,-0.43146973753474527
company_403,-0.8963203620025553,-0.13424386632369883,-0.2147643066789657,1.8046161919514867,0.706602375106626,0.3906251998108602
company_1193,0.40206045025535736,-0.4382265938509969,0.20112366366965803,-0.8012909937915508,-0.22415803931717007,-0.3965041529854067
company_3004,-0.21951905421274998,0.3856404020566489,-0.5770206524139352,-0.14547412297598095,1.2626578683372203,-0.3634931139947533
company_3389,-0.4105686156539196,0.6949783891691613,-0.43989863873580176,1.4154117379492612,1.0306922489473673,0.6677703331910615
company_2519,0.15866067883994894,-0.6617244989802702,0.2262972457864614,-0.22861121394644346,-0.42984845494514873,-0.18324295904707893
company_4338,-0.17462554589216311,0.3261976136771614,-0.503250345657012,-0.16990960450581194,1.3202456117189858,-0.44271754915191014
company_4142,0.29741459896701095,-0.37332728221708406,0.1309425607260697,-0.4904305535159276,-0.34063590415262085,-0.15844390642044703
company_4686,-0.27796134380470694,0.26768510631685555,-0.5114034380812643,0.043898807547907585,1.2234982438980182,-0.32688017081298903
company_6978,-0.10605959308006108,0.07524611464580418,-0.3639035249969568,0.08072664845899323,0.7424439330938088,-0.14123932458389865
company_1000,0.28291040121710553,-0.4780611223817163,0.2446002028199327,-0.6464906597374777,-0.31887080358676195,-0.359586134024025
company_1198,-0.6789125782484123,2.2734384541699413,-0.5154194645977378,1.2271374313042065,0.13677355541651967,1.037960981325927
company_125,0.40206045025535736,-0.4382265938509969,0.20112366366965803,-0.8012909937915508,-0.22415803931717007,-0.3965041529854067
company_7356,-0.25608553112733834,1.0820240097051903,0.4468526389175459,2.059296774391231,0.6629904391789755,0.8110501085407364
company_281,-0.1946653528307833,0.3140969689129813,-0.5666606045648211,-0.09022059783176185,1.294973989473319,-0.3875279437149244
company_6366,-0.2504333901489977,0.38646452278216764,-0.5771774082324056,0.11146935144061136,1.2325856681026968,-0.23399258452669391
company_2754,0.40206045025535736,-0.4382265938509969,0.20112366366965803,-0.8012909937915508,-0.22415803931717007,-0.3965041529854067
company_5083,-0.3051776483867328,0.23079103741988194,-0.48178561207559056,0.10108220073351847,1.2081133928384082,-0.3333535062517958
company_3815,0.36930343993974546,-0.4512666253620333,0.18057928749395288,-0.7291988540216993,-0.2576617903625342,-0.34892690759255507
company_2374,-0.17309217541892136,0.3248713290981681,-0.5019273586567682,-0.16989718872513404,1.321410695075177,-0.44196099539693556
company_6370,0.19173647668954735,-0.7549541772645222,0.07583418838914249,-0.030456894423309414,-0.42094818690335606,-0.05025833522910051
company_3941,-0.40559179639293047,0.8148790818780202,-0.6247580292800698,0.02859490955775944,1.0171519095557036,0.090663932083479
company_7555,0.12035879513303774,0.24714402799674234,0.111700199532105,-0.45173841336109355,-0.5482944507090104,0.14180443013473945
company_3331,0.3744190179680601,-0.43867611349647473,0.1683539451695396,-0.7469520053675728,-0.25390494424777915,-0.3548191860192392
company_103,0.30619078384398773,-0.4988180180519467,0.22597685421680927,-0.6229213763692788,-0.3048098635345011,-0.3296645063034078
company_5527,0.40206045025535736,-0.4382265938509969,0.20112366366965803,-0.8012909937915508,-0.22415803931717007,-0.3965041529854067
company_1430,0.3226987896898118,-0.4985479901545673,0.185497068601284,-0.6164110970344997,-0.2950604824172091,-0.31509743834768456
company_42,-0.3097112320601423,-0.003128435190946063,-0.09566723900476086,0.23011873510098776,0.6090484204280389,-0.21232253359697179
company_1962,0.18877359770365218,0.022302923917443554,0.10326782669588368,-0.546496049873882,-0.4102701093694324,-0.24197035283821486
company_3725,-0.3628490402978673,0.23673359581655795,-0.4061959435375849,0.10472651367334333,1.1688764125167816,-0.36200376318108685
company_7627,0.3153975801629929,-0.26415121042850037,0.21866720945584947,-0.5077509180262672,-0.31366373807788145,-0.18364062214323867
company_2604,0.3542782943637556,-0.43863706713986206,0.20665981019398175,-0.7522787016918553,-0.2649346903813181,-0.37669853099213785
company_5782,-0.23696703557064486,0.5078994176727135,-0.520218907841485,-0.10091859415232309,1.2416572874471141,-0.29603990418818654
company_2771,-0.3344896390432408,0.555425873556153,-0.5518514203593458,0.4714071312222679,1.1075706015939157,0.16050580054148542
company_882,0.32066040539051294,-0.38954800378864146,0.1039018119764241,-0.7043795677609884,-0.31759321752360675,-0.273437178539385
company_1623,0.2897603313411181,3.6432624515848526,3.0924801527400807,6.834482037085251,2.175876322654143,1.9475933232318534
company_5199,0.40206045025535736,-0.4382265938509969,0.20112366366965803,-0.8012909937915508,-0.22415803931717007,-0.3965041529854067
company_2508,0.40206045025535736,-0.4382265938509969,0.20112366366965803,-0.8012909937915508,-0.22415803931717007,-0.3965041529854067
company_2150,-0.051973815307133214,0.018145333193636967,-0.14292981422995021,-0.7185256288041155,-0.5581089213787047,-0.6095927449507841
company_532,0.31472759662318806,-0.47174631429919156,0.23884013119993067,-0.6817385033976849,-0.29485355451281686,-0.36110107589312984
company_1164,-0.42323113188877187,0.9043729486279021,-0.7172297000411992,-0.16116381787386636,0.942155577078093,0.23692239747176827
company_5114,0.40206045025535736,-0.4382265938509969,0.20112366366965803,-0.8012909937915508,-0.22415803931717007,-0.3965041529854067
company_2556,0.40206045025535736,-0.4382265938509969,0.20112366366965803,-0.8012909937915508,-0.22415803931717007,-0.3965041529854067
company_657,0.40206045025535736,-0.4382265938509969,0.20112366366965803,-0.8012909937915508,-0.22415803931717007,-0.3965041529854067
company_7529,0.17767757676960208,-0.3164503152175624,0.4251917527900079,0.03783000208005678,-0.41450074209887283,0.017311624119394648
company_3410,0.33962938267141585,-0.48067811183233694,0.20626067486986288,-0.6743289195874879,-0.2777121995485667,-0.34617571004728565
company_6281,0.3322923830788088,-0.4151450492878498,0.11920442399664101,-0.6976334622680784,-0.3006397656843505,-0.29796857883415445
company_6266,-0.1101307431136565,-0.6962209266546681,0.4751695270269812,-0.042881887072242234,-0.6325012051491771,-0.18604457841253597
company_7035,0.3460654824479207,-0.45072367483059633,0.2169501904995186,-0.733619359903447,-0.2699087360208871,-0.3765722796676613
company_5674,-0.5549961035487384,0.09095850966400093,-0.337514204168385,0.4826522080674183,1.0115351150434464,-0.235559673001904
company_3125,-0.23434008785533988,0.3481902602374061,-0.540154143518281,-0.09254270736072824,1.2513813711953816,-0.34404474503378146
company_2598,-0.197786719880605,0.5662888235315948,-0.3147064548704581,-0.047529242443455896,0.6185689461932355,0.04183583367721348
company_4383,-0.29903004915609066,2.844463385588843,1.7221321841780923,4.398377367600973,1.414760988459725,1.5016746142450494
company_2428,0.5147618983889521,-0.32158084172392915,0.8853673613889436,-0.28295042924727826,-1.807272964509183,0.667256309742206
company_7040,-0.19627087295014112,0.3137504002483397,-0.4896176788132562,-0.135720759943044,1.3025646907932202,-0.43098995163727577
company_6210,-0.521381783323027,-0.8002888091862081,0.7436862393341891,0.8782682277717747,-0.9871726062112762,0.2522686258053168
company_3565,-0.370018597555299,3.435007337528527,-0.34609657374293873,2.2173244156468885,0.5022681238865909,3.6191277139687057
company_672,-0.2020061020449116,0.32057679667491756,-0.49519848181572135,-0.13656603086742514,1.2972323917204185,-0.43018446828853946
company_293,0.3736067508714781,-0.44088756800993456,0.2075609164544471,-0.7688259760111837,-0.24904787967343686,-0.38054209883289525
company_965,0.22529067817610668,1.4264655037279355,2.1342386861574703,7.982765589330955,1.3365731715493365,2.8202332658639757
company_1443,0.37559013178469997,-0.431286278211103,0.19456483955666595,-0.7841646486622731,-0.24469436082039134,-0.3990826282937343
company_5055,0.007449932250649516,0.1004983196667358,-0.29574963103201296,-0.37072067353355304,0.8662546155592161,-0.43146973753474527
company_2126,0.3398027768690023,-0.46134483084483846,0.22785454851651246,-0.716293875635891,-0.2750476077038713,-0.369342092325883
company_7507,0.37184804897108975,-0.44360679729878266,0.20748098076339522,-0.7670246332333264,-0.24816918563380527,-0.3896719043104938
company_5801,0.3864583970804042,-0.440686754425847,0.20394194310230793,-0.7840766477514589,-0.23643645105386005,-0.39372030583936907
company_2713,0.3296213590798367,-0.4401827527298811,0.07637964225571317,-0.6733399618939035,-0.28357820651525195,-0.37449612341691935
company_1507,0.3063691600016613,-0.48089783084374227,0.24805259307810443,-0.6642831043314725,-0.301405604880034,-0.3555733240861803
company_1887,0.3876680822611434,-0.4417330683001838,0.2049856554969533,-0.7840668528674727,-0.23551730979288957,-0.39312345603575277
company_374,0.3876680822611434,-0.4417330683001838,0.2049856554969533,-0.7840668528674727,-0.23551730979288957,-0.39312345603575277
company_607,0.28479127021769746,-0.5319804351641038,0.21872288321478844,-0.546327743171966,-0.3243044054305371,-0.2965497682223838
company_3997,0.3120096097491098,-0.5173121837101315,0.12967169036297796,-0.5372561874146611,-0.3139712846161024,-0.2525192749423387
company_7087,0.29409853767848293,-0.4868637552624469,0.2539568365153394,-0.6467745027239797,-0.3108266544058456,-0.35236207351392873
company_407,-0.0600611268758624,-0.9512324449578493,0.2237839761445381,0.8807995347641676,-0.6240852359559519,0.3018131820823348
company_1541,0.327767812702417,-0.5558353502782702,0.045817533257805354,-0.4466157886950184,-0.3096090736277994,-0.19274420901033157
company_6236,-0.6815069714743487,1.8079066406939952,-0.7962305988059153,0.3561158197403205,0.7189966192855765,0.5575636952782876
company_3812,-0.27219363253231765,-0.17936765572552346,-0.2646986307372797,0.7650429220253101,0.6258952132698438,0.044707088873291584
company_5408,-0.23502740693093827,0.9330083332901821,0.3496437292296175,2.157290727089091,0.6346758946524619,1.0076760378797835
company_6069,-0.24925733222442542,-0.9444429206507288,0.3970019713513605,0.5194105198641596,-0.7612265365882139,0.057309044231155945
company_3761,-0.35657841063169515,0.16144218533915516,-0.4732810373665934,0.9108029623101326,1.1641945437979402,0.02492613399106747
company_4469,0.40206045025535736,-0.4382265938509969,0.20112366366965803,-0.8012909937915508,-0.22415803931717007,-0.3965041529854067
company_6186,0.40206045025535736,-0.4382265938509969,0.20112366366965803,-0.8012909937915508,-0.22415803931717007,-0.3965041529854067
company_6303,0.3533641576355927,-0.44397221014689614,0.20794770135097432,-0.7496632601775038,-0.26242943274750624,-0.3890851893654443
company_4750,-0.1766101856418134,0.32791422237724505,-0.504962686304477,-0.16992567423735194,1.3187376455877062,-0.44369675586096813
company_5428,0.31050204493853034,-0.2629601955109091,0.20230816180261174,-0.6874331238701945,-0.334657568706528,-0.20131246896797367
company_1986,-0.21514460796452778,0.3556621947937319,-0.5752376759923582,-0.1447325078103875,1.2884222911634766,-0.45394149453216426
company_527,-0.04402025521820211,0.04723083303946253,-0.35854284771968553,-0.19686795380615665,0.8138220873526679,-0.33904630239462236
company_327,0.3744254265666547,-0.44309725814863254,0.20877629044259377,-0.7681764284749278,-0.24764148202408934,-0.3830638651835783
company_1989,0.03188657598076841,-0.719915285455389,0.2933958983915031,-0.042171078605627146,-0.5348368233216321,-0.11556291772057033
company_5989,-0.4441283886995492,1.4368967626300746,-0.044204497946012423,1.8849848257612696,1.0379227196659668,0.8905642239759575
company_670,0.389369202046558,-0.4432044471859698,0.20645337605192335,-0.784053078811867,-0.2342247673946499,-0.3922841359994173
company_3512,-0.12489952979115417,0.14895484800733558,-0.19072074867838615,0.9775457719141919,0.7478151972545454,0.21808793877302896
company_4567,0.40206045025535736,-0.4382265938509969,0.20112366366965803,-0.8012909937915508,-0.22415803931717007,-0.3965041529854067
company_7064,-0.7170366728982136,1.4718871746838504,-0.8931959601233612,-0.8285223313294742,-1.4552212902033572,0.6505279423806303
company_5032,0.389369202046558,-0.4432044471859698,0.20645337605192335,-0.784053078811867,-0.2342247673946499,-0.3922841359994173
company_3692,-0.3396825772403025,-0.17325891127094986,-0.21478409466930481,0.3556381687129309,0.5760455607101647,-0.1680131478777196
company_337,-0.5271404852975797,0.19104163464355806,-0.3790326448535268,0.8042070090369051,1.0103697654714687,0.016860533911966197
company_409,0.3422157198938612,-0.4655830375191912,0.2306656465810726,-0.7153533027278248,-0.2720905575154713,-0.37234286846750775
company_665,0.40206045025535736,-0.4382265938509969,0.20112366366965803,-0.8012909937915508,-0.22415803931717007,-0.3965041529854067
company_1786,0.40206045025535736,-0.4382265938509969,0.20112366366965803,-0.8012909937915508,-0.22415803931717007,-0.3965041529854067
company_1979,0.1675862980368866,-0.5912296156873348,0.28075974741871956,-0.3734100755537142,-0.4170346487096691,-0.25165289697011484
company_4333,0.05934469674838466,-0.7586215502179182,0.24030582033794684,0.23576445967678342,-0.5166693066622754,0.020241242290292352
company_4001,-0.1766101856418134,0.32791422237724505,-0.504962686304477,-0.16992567423735194,1.3187376455877062,-0.44369675586096813
company_1716,0.35922573352067055,-0.410025438979451,0.14998770505041042,-0.753715509255202,-0.2735503892472366,-0.33209695726219624
company_667,0.40206045025535736,-0.4382265938509969,0.20112366366965803,-0.8012909937915508,-0.22415803931717007,-0.3965041529854067
company_1174,0.5222846619254863,0.6314233230733769,1.396964764442664,2.8432162581486464,0.04411276882352521,0.9388909956125006
company_1066,0.04437172636690648,-0.2982327056660737,0.6727307041934056,0.42972764148440723,-0.49516706068437943,0.09849855912810786
company_3381,0.3529081650039846,-0.459359979543511,0.22377532852803797,-0.7324003197002901,-0.26328991921085,-0.3784914389248066
company_2828,-1.0249559512853532,2.243645400402888,-1.2111270660359938,0.009827015006843623,0.31369589894758215,0.803643926102518
company_7616,-0.1424440640198766,0.6382196193752121,-0.25891154904219266,0.8504871742386171,0.6708932075486739,0.45197565586919225
company_4464,0.36444186674912743,-0.4531981331231725,0.21738492910077903,-0.7497258652853789,-0.2541981900668672,-0.3829264569376267
company_3142,-0.21022007104714252,1.0735809044270768,-0.20561394402685593,1.9303552196184248,1.2891046257573764,0.6519118512125924
company_7394,0.3777496694459852,-0.44907694062037956,0.21269679902344435,-0.7668203317219475,-0.24349407754385569,-0.3874723358468919
company_1718,0.3857495971698148,-0.4400736798901028,0.2033303928710704,-0.7840823869412946,-0.23697501038645993,-0.3940700225211755
company_2097,0.37646514748301596,-0.44793918339549066,0.21157946204146286,-0.7668421702550715,-0.24448403502086222,-0.3880540606904487
company_6657,-0.33069893135217515,1.0181410206081973,-0.5141623711832441,0.8130663863370972,1.1418576130222886,0.2531307260091634
company_3746,-0.2006030806759328,0.32004515395569705,-0.4942191171746838,-0.13684663266327934,1.2979422432965364,-0.4281636116788209
company_5322,0.3882351221896149,-0.44222352792877906,0.2054748956819433,-0.7840622615156041,-0.23508646232680971,-0.3928436826903076
company_830,0.5657456051791983,-0.7033841217686824,0.40244918028339843,-0.9813356062019744,-0.819872406428058,-0.37906000385481264
company_5597,0.36085456603686644,-0.44784434493102293,0.21352675952323397,-0.7507186878772173,-0.25809968232537694,-0.38031060182693693
company_4880,0.3527784703579473,-0.4583789093863235,0.2233688812285944,-0.7327733958203079,-0.2638423305970519,-0.3768624710051091
company_4336,0.19158839461204133,0.07019367703250783,0.17104056610805277,-0.5490985127723413,-0.46549832096498794,0.004104376165443624
company_6510,-0.008360035564743218,0.09821799428903728,-0.29311073966719275,-0.35350801098914636,0.8538182264182969,-0.4287884739487042
company_6937,0.40206045025535736,-0.4382265938509969,0.20112366366965803,-0.8012909937915508,-0.22415803931717007,-0.3965041529854067
company_2596,0.40206045025535736,-0.4382265938509969,0.20112366366965803,-0.8012909937915508,-0.22415803931717007,-0.3965041529854067
company_2102,0.40206045025535736,-0.4382265938509969,0.20112366366965803,-0.8012909937915508,-0.22415803931717007,-0.3965041529854067
company_4308,0.3688831017430803,-0.4739040565142294,0.1599648385261985,-0.6857297340755251,-0.2586765145206314,-0.33273638134622424
company_3307,0.40206045025535736,-0.4382265938509969,0.20112366366965803,-0.8012909937915508,-0.22415803931717007,-0.3965041529854067
company_7409,0.3529251015309991,-0.45063677854155587,0.10406799315695643,-0.6667961955892839,-0.2796975678732727,-0.30252486226923814
company_784,0.36100974600448377,-0.45058524080579,0.21454428984525634,-0.7496013534498094,-0.25662017274652904,-0.3853129120910256
company_3250,-0.09324717164423715,0.04677902989812584,-0.27597568249046706,-0.19354474901331073,0.7805262113447059,-0.3617577156655609
company_5948,-0.27781703082218584,1.7365733137102608,0.2895896860489087,1.6192989800552626,1.276189345075321,0.48931630209035093
company_5194,0.40206045025535736,-0.4382265938509969,0.20112366366965803,-0.8012909937915508,-0.22415803931717007,-0.3965041529854067
company_4138,0.08355926778681858,-0.6689224667738948,0.24717564581628082,0.08981057893706292,-0.5043719041955083,0.0006340372247014093
company_2462,-0.1257867267121895,0.60855788526637,-0.3502088930200156,-0.7426154760109982,-0.8878992288031092,0.47242525241261957
company_5112,0.3862504824399646,-0.4405069192286954,0.20376255503447827,-0.7840783312471441,-0.23659442845808934,-0.3938228893993656
company_2300,0.275885757589196,-0.3681155611555191,0.09973537569537202,-0.4407297188152734,-0.3714572199224494,-0.09241120933318993
company_4555,0.5456845764851543,-0.7263652233111465,0.403377230056682,-0.8990767696548201,-0.8530307764465512,-0.28162282297054475
company_7239,-0.3783702886715917,0.16767435664056274,-0.4929508374576703,0.28492426367997575,1.1405712023239478,-0.24395291978379863
company_4616,-1.5679545735597697,2.7819405266266406,-1.568694092877042,-1.4630175676356874,-3.9197647630707917,1.2654057355384605
company_286,-0.006740626641409149,-1.234812968963836,-0.08187204206643661,1.1865277474748983,-0.5998370429604105,0.4440512447938282
company_4988,0.341002501051199,-0.4638784839349219,0.2293967834315145,-0.7156436506652841,-0.27335461998942145,-0.3716648944864405
company_1202,0.3786531429219344,-0.4498907348938831,0.21348727507857052,-0.7667991706231745,-0.2427907101319514,-0.3870895751934607
company_4752,0.051744248807417875,1.4169461868995992,0.682422844701253,0.7461771177525772,-0.4899472390862926,0.450366279781568
company_6523,0.6005437063401186,-2.5275356395219992,-1.4229946670766727,3.857519666436846,-0.19660876789282272,1.7806557447126974
company_5126,-0.6760758964517352,-1.4895765797024216,0.36997261427963646,1.7880310019726944,-1.1274362742571384,0.5434436239783806
company_6887,-0.18997187004915894,0.3251739028053746,-0.5007733514664334,-0.15340292669051003,1.307295635184366,-0.4365777572071155
company_4611,0.40206045025535736,-0.4382265938509969,0.20112366366965803,-0.8012909937915508,-0.22415803931717007,-0.3965041529854067
company_4869,0.2727500175131204,-0.501288601584039,0.26842896237781794,-0.6118464267542667,-0.3273831349227562,-0.3438410772919307
company_4292,0.2684984963002314,-0.5907041830448968,0.15607382862020389,-0.40390015151374564,-0.34553605699057904,-0.22125537786079208
company_309,0.3751173182284398,-0.45491508152799764,0.13533660648555174,-0.717136985516965,-0.24915949752438435,-0.365293602236614
company_6078,0.3900023966333512,-0.4437521271045679,0.20699969425849551,-0.7840479518022805,-0.23374365439086067,-0.3919717224303369
company_1349,0.17752361464619607,-0.5461404971120438,0.31636191125875723,-0.47407326359576024,-0.40334843847994556,-0.3061462360054453
company_1674,0.37080820491611816,-0.4292696586636637,0.16310856150753547,-0.7496715078195421,-0.25993059695189363,-0.3443582902580739
company_6673,0.3515466972981347,-0.45522421522767165,0.2215978637214057,-0.73367791744728,-0.2658695917604698,-0.373399448506773
company_934,-1.502208350424091,3.5634355271624676,-1.8588013349289565,-0.09824344040104784,-0.4507929432047107,2.1900233109823954
company_7629,-0.2862482494697954,0.5453744315633936,-0.5999125143152163,-0.07599725407742787,1.2029508565758666,-0.31074603074646817
company_1408,1.799353816970799,14.917115383985006,25.624012626118287,47.62639761876101,6.588369510385432,13.318208336215056
company_3514,0.40206045025535736,-0.4382265938509969,0.20112366366965803,-0.8012909937915508,-0.22415803931717007,-0.3965041529854067
company_6049,0.3376202300440049,-0.42946862725123486,0.12709467259204293,-0.6934306144973194,-0.29151677757851424,-0.31426921401867564
company_825,0.321169686483983,-0.4651246511252363,0.12350488083754986,-0.6175620306150141,-0.3081844385420266,-0.27523089424184805
company_1894,0.3119639388218461,-0.33289221016759024,0.159878332458383,-0.6012810241864746,-0.31434021965189385,-0.2535261144437907
company_886,0.2158120481227871,-0.5320000118453135,0.300763904007375,-0.5255252131952701,-0.3726678634302462,-0.31988378822447944
company_3871,0.30369400970478605,-0.49512171195593296,0.2233017070720957,-0.6235995611506252,-0.3075096718544254,-0.3279022160594863
company_1921,0.7959285507938305,-1.0321125967896185,0.7180447865063916,-1.200120898566373,-1.4510274465912656,-0.3059782155470929
company_2228,-0.37291622854429807,0.7864209423743724,-0.5955228405435359,-0.28871952217562297,0.4706139894817153,-0.10833173565975095
company_3322,0.29700422467478127,-0.1972055527708999,0.13971661614103859,-0.7422252147645209,-0.34688852071146187,-0.22730933898798342
company_1295,-0.15586608638202304,-0.35928559203501054,0.7990907066309533,0.9090248085692815,-0.672487201622541,0.3424272327395808
company_1479,-2.760082505389854,-2.0787640826052476,1.8958793098935074,3.9492452204314796,-2.744804641851044,0.9273273803029857
company_104,0.3600192657714921,0.6634179444477094,0.5759306623311704,1.255129951649068,-0.2981206244457092,0.8813491985657135
company_1934,-0.0042525104286693155,0.7116570978992168,-0.4893547625108908,3.331315757166356,1.4105941238554802,1.429554493328187
company_1234,-0.08383179879948383,0.20379991414775822,-0.4051119579410183,0.5730756382772356,0.7435372550109925,0.16371904254647404
company_5035,-0.24534671120972765,0.2855819373983993,-0.613357505028077,0.2642032466030685,1.2399608890584979,-0.19426229706696496
company_5301,-0.8332415700341912,-0.05306387277836616,-0.18627206397352727,0.8973321739041037,0.7908738308693738,-0.12472453108970141
company_3636,0.37134596594619734,-0.43939326734469364,0.20576664790838062,-0.7686468310249472,-0.2505247787040381,-0.38255608158185467
company_6722,0.37974311441335495,-0.4482512895914277,0.1746323870342336,-0.7447808832206454,-0.24726344837754502,-0.361876146944409
company_3788,0.3316195704109317,-0.3872672769980572,0.08762880999548171,-0.7303445526595522,-0.2978932750012499,-0.3282548705436906
company_5495,0.3023996441941839,-0.46954934144377664,0.20302460076941187,-0.6445891083369153,-0.3125082625038293,-0.3224656096959562
company_6985,-0.32028159341020157,0.9477359628262217,-0.48436204156918783,0.8394375617632829,1.1818424947646535,0.1386485408779178
company_1627,-0.22610812549766734,0.44341597537933264,-0.5093523616022743,-0.03310910301348192,1.2572171824881968,-0.295240017174205
company_1101,0.19901893901540757,-0.041540944887053524,-0.06388138176650143,-0.683016816954266,-0.4877528638100139,0.0045833864924684446
company_7423,0.1696545629906069,-0.5908336742003157,0.2818035821313571,-0.37432881149781677,-0.4166044197741714,-0.24637537969640935
company_3766,-0.40269487797008274,0.8473046639750164,-0.6753158099767016,-0.13365911146757437,0.969532846504489,0.2120404205595946
company_745,0.007449932250649516,0.1004983196667358,-0.29574963103201296,-0.37072067353355304,0.8662546155592161,-0.43146973753474527
company_5180,-1.7000561024807912,-1.6263707938400336,1.2797483522879025,2.7516782242461266,-1.9071385273288612,0.6727658286311772
company_1862,0.34959097944488843,-0.44070861003495126,0.2046922156200199,-0.7496938117980626,-0.2652963635947129,-0.39094684783492717
company_4663,0.16461551422612286,-0.5789925760968737,0.27491937002066735,-0.3775733706127036,-0.4243417264379986,-0.23428244419879912
company_5889,0.31473140442542424,-0.47238229556281597,0.23905789266510416,-0.6814675798649548,-0.29452017560451776,-0.36233193378319495
company_4778,-0.2989709627214794,0.6355849308997725,-0.5467330450379548,0.02470222245777869,1.1786784901686227,-0.1926594811541207
company_881,0.3234663612148348,-0.3994516898623694,0.22160615982470638,-0.5454215193297284,-0.30230346532057195,-0.2334447056380989
company_712,0.33769599641300446,-0.4575612449581216,0.2253719493410136,-0.7171507017194455,-0.2776728841869862,-0.36656007880587377
company_7016,-0.5245711087423999,0.8136518101723553,-0.6327407277867396,-0.14225566385601993,0.4627200288596086,-0.5403491527689129
company_7573,0.19642343381422298,-0.7519470644814485,-0.0003554958490772073,0.012787903687489765,-0.42897951009675417,0.005100934155828027
company_3378,0.40206045025535736,-0.4382265938509969,0.20112366366965803,-0.8012909937915508,-0.22415803931717007,-0.3965041529854067
company_6426,0.3876680822611434,-0.4417330683001838,0.2049856554969533,-0.7840668528674727,-0.23551730979288957,-0.39312345603575277
company_3367,-1.0959544644429187,-1.2172667281557044,1.0211849869516585,1.666194781701033,-1.4197576879885627,0.3379987874197768
company_6883,0.3771887160649277,-0.44811652676124636,0.2120517149053094,-0.7670283443081817,-0.24416853179659323,-0.3868231839532378
company_2138,0.2119801733421682,-0.5638841510847854,0.25329191128080625,-0.44323683655360546,-0.3826133062288871,-0.2679289082552236
company_1857,0.3862504824399646,-0.4405069192286954,0.20376255503447827,-0.7840783312471441,-0.23659442845808934,-0.3938228893993656
company_6531,0.30936684874115733,-0.4014729844945923,0.06259166646596867,-0.67206769849539,-0.3187948224489782,-0.3016324271828452
company_6779,-0.2170398907371598,0.3001959855906782,-0.5140305077839938,-0.07826022183171356,1.2817799373681087,-0.3998660249747208
company_328,-0.17462554589216311,0.3261976136771614,-0.503250345657012,-0.16990960450581194,1.3202456117189858,-0.44271754915191014
company_3336,-0.003937811424121503,-0.719637429735021,0.3003365374354674,0.913041415727787,-0.5914637948542275,0.4216406924861398
company_3903,0.40206045025535736,-0.4382265938509969,0.20112366366965803,-0.8012909937915508,-0.22415803931717007,-0.3965041529854067
company_3677,-5.945803439239749,9.771509716911897,-6.091326045064364,-0.35518710653298846,-4.857020765042067,4.2149022053342575
company_7438,-0.07853382960070271,0.16219927522120917,-0.29811896464847915,-0.13249972763314719,0.7826154830024422,-0.28140944757996367
company_598,-0.18513333481898642,3.4713931986043893,1.1980072305981162,3.4957869634509953,1.4314938401388613,1.404313990190751
company_4841,-0.8415042669375642,-1.638357872083388,0.7215771684261983,4.158285416306556,-1.2304173740014144,1.5002557443883628
company_6438,-0.07358263967341153,-0.7108302564915328,0.4122283316665223,-0.014145099651812,-0.6127590730643573,-0.13716351559596207
company_5196,0.3097750801777377,-0.30113596732237463,0.13699545141008715,-0.6245942477136702,-0.32284448247267594,-0.23798957652836653
company_5197,-0.45759879278803384,-1.0613161107015627,0.5204909685428718,1.069676955990021,-0.9333526791089449,0.27760387903816974
company_2144,-0.3800783397415339,0.780971055976044,-0.45909568532114525,0.8417279580669511,1.0481146189492323,0.45004063713028924
company_7572,0.40206045025535736,-0.4382265938509969,0.20112366366965803,-0.8012909937915508,-0.22415803931717007,-0.3965041529854067
company_11,0.20456299191363722,-0.09364978405608941,0.4989430848182312,0.09493779777086016,-0.3950489665179074,0.09787314099453949
company_5584,-0.4937163341188716,1.1890951609165965,-0.5075719294821786,0.31094595179943063,0.9931388207537344,0.07261486052672966
company_3162,0.2740124600815196,-0.5405990859837303,0.226376095847708,-0.5282237400011094,-0.3318803025494355,-0.29525696132949397
company_4632,-5.853268468599025,10.786896586032649,-7.093205965531727,-2.206523485816076,-5.781625924035677,7.330650825743796
company_2321,0.40206045025535736,-0.4382265938509969,0.20112366366965803,-0.8012909937915508,-0.22415803931717007,-0.3965041529854067
company_6920,0.3695748834998627,-0.45194710307003993,0.18096457460598855,-0.7290058272709501,-0.25722273371175125,-0.3496613738008528
company_3950,-1.9421069102122126,1.6530107618447756,-1.7737304308633344,-0.7338301350326534,-1.9942671416450228,-1.542170563101263
company_14,0.36906904863632295,-0.45455969608519864,0.1426421440443913,-0.7045889141751731,-0.25996593838494847,-0.33620940015090917
company_842,-0.6195182962762927,1.7741182747557878,-0.7603397237291064,0.33761860328512194,0.7644971410022475,0.5852137551190255
company_1489,0.17351742994560768,-0.779593178147664,0.13046025543165063,0.20967510327467567,-0.42985728363283937,0.037643906256506
company_7391,0.40206045025535736,-0.4382265938509969,0.20112366366965803,-0.8012909937915508,-0.22415803931717007,-0.3965041529854067
company_1563,0.38811226353844613,-0.44211726167591675,0.20536889364186214,-0.784063256308509,-0.235179812611127,-0.3929043002484874
company_7375,0.40206045025535736,-0.4382265938509969,0.20112366366965803,-0.8012909937915508,-0.22415803931717007,-0.3965041529854067
company_5551,0.3199417175512221,-0.4780123137776287,0.24393414793197574,-0.6809444066481003,-0.28997448728340386,-0.3619499958431493
company_7443,0.40206045025535736,-0.4382265938509969,0.20112366366965803,-0.8012909937915508,-0.22415803931717007,-0.3965041529854067
company_1112,0.40206045025535736,-0.4382265938509969,0.20112366366965803,-0.8012909937915508,-0.22415803931717007,-0.3965041529854067
company_3602,0.295169587760446,-0.4875216163029688,0.254789901811177,-0.646880809277494,-0.31015312347338186,-0.35131039703730776
company_2387,0.3401427546700216,-0.45965000103984704,0.18855369930923016,-0.6940276238164488,-0.27978028296413204,-0.34565473848686973
company_1299,0.40206045025535736,-0.4382265938509969,0.20112366366965803,-0.8012909937915508,-0.22415803931717007,-0.3965041529854067
company_191,0.3279044764728926,0.4429820079561914,0.8046416526409177,0.6585995950924454,-0.20823036730144212,0.15289713935190852
company_988,0.27887227138498316,-0.5238014167841495,0.212578879367087,-0.5476855863182591,-0.3303998524587249,-0.29350919240371864
company_6598,-1.2986185342443957,3.0899586985392604,-1.5737789919476177,-1.085349039095182,-2.404554280274592,2.373419040395646
company_2205,0.33107347862685926,-0.5700000034300051,0.05250210064950872,-0.4417484709750219,-0.3011919555740245,-0.21314085156972512
company_858,0.3876680822611434,-0.4417330683001838,0.2049856554969533,-0.7840668528674727,-0.23551730979288957,-0.39312345603575277
company_5174,-0.16080021782642068,0.33019454775494356,-0.5076015776692973,-0.18713833678175862,1.3311740347286254,-0.4463780194470092
company_5193,0.40206045025535736,-0.4382265938509969,0.20112366366965803,-0.8012909937915508,-0.22415803931717007,-0.3965041529854067
company_3275,0.40206045025535736,-0.4382265938509969,0.20112366366965803,-0.8012909937915508,-0.22415803931717007,-0.3965041529854067
company_1754,-0.3576854600283659,0.5516404269150743,-0.6748422257946792,1.4721113875231207,1.0626152996214837,0.6931012865064132
company_6103,0.39020086060831627,-0.44392378797457627,0.20717092832324205,-0.7840463448291265,-0.23359285777773273,-0.3918738017594311
company_4614,0.26977878461520793,-0.3453473144435647,0.06624354042049024,-0.7595162270038807,-0.32612797189722526,-0.442521308679724
company_143,-0.37518904489108573,0.21780222176532055,-0.49496491938038206,0.44325467176996186,1.1342304935066292,-0.13002559701687255
company_1552,0.3146990589915284,-0.4239663613179226,0.08412492010725196,-0.6538591288548874,-0.31416084688101575,-0.29227276605891833
company_6376,0.3890691434177418,-0.4429449122991714,0.20619448645403277,-0.7840555084022308,-0.23445275751211722,-0.39243218272804875
company_3217,0.2552997690856943,-0.5363490329669398,0.22514788900803953,-0.5127556525831296,-0.3486219202786807,-0.28617589335561283
company_6408,-1.4461611324024175,3.3426333030643818,-1.2110762646577502,0.7046224271626423,0.017212853281524287,0.9677908833503126
company_7132,0.30781920076156427,-0.39359024983797763,0.22157779031259836,-0.5317538249704183,-0.31894257502437035,-0.2145452218752041
company_7111,0.007449932250649516,0.1004983196667358,-0.29574963103201296,-0.37072067353355304,0.8662546155592161,-0.43146973753474527
company_1404,0.14270036840271608,0.39922962233448395,0.09289670137630104,-0.10841444597672033,-0.61335325016287,0.6498093429202159
company_5643,0.1054112762196163,-0.3387992065847234,0.288538444582474,0.3383787924497409,-0.5538925905861564,0.43301628965612776
company_1540,-1.026845783536976,1.5464393171806314,-1.0668629659472602,0.17431310327711397,0.6505327648571749,-0.5289562517244054
company_7596,-0.16080021782642068,0.33019454775494356,-0.5076015776692973,-0.18713833678175862,1.3311740347286254,-0.4463780194470092
company_1662,0.16385745001840057,-0.5686546684202741,0.2990320576069169,-0.4153494398017706,-0.41726528375814587,-0.2770048613625753
company_1600,-0.045350329474902674,0.11774449925693063,-0.37689711890880373,-0.2812203915587114,0.8068051526163791,-0.34890559693548656
company_4459,0.33553932526159275,-0.4747643340451883,0.20192630985987753,-0.6753793895828941,-0.28206105840203527,-0.3435641034953575
company_5395,0.40206045025535736,-0.4382265938509969,0.20112366366965803,-0.8012909937915508,-0.22415803931717007,-0.3965041529854067
company_5176,0.389369202046558,-0.4432044471859698,0.20645337605192335,-0.784053078811867,-0.2342247673946499,-0.3922841359994173
company_3347,-0.43100537947086043,0.029296962997236668,-0.5619118180513533,0.5839071287106368,1.089301539989715,-0.11433205605097099
company_6477,0.09892445573910497,2.6939960049708147,1.5643873591149886,3.332322393098609,1.913607866116611,0.36513067590562903
company_5076,-0.16080021782642068,0.33019454775494356,-0.5076015776692973,-0.18713833678175862,1.3311740347286254,-0.4463780194470092
company_6146,-0.02864671537741773,0.08443534176936403,-0.2782515025026652,-0.3192395392379294,0.8372533539322511,-0.4167028231194422
company_513,0.24257426705785956,-0.11084785845229014,0.13152631156624023,-0.6016530025432295,-0.3859467796782895,-0.187951398414966
company_4772,-0.004928402574945841,-0.022546467325489886,-0.10233918688194538,-0.7181446996440872,-0.5223629432762761,-0.5863808830570186
company_3045,0.14535262582293185,-0.6036923694070984,0.29406256885841564,-0.3390014549026143,-0.43488866930960274,-0.24123738634106498
company_263,-0.4682643373621637,2.1227247555614674,-0.357513203895028,1.03441637501501,0.2615174489390345,1.1939141406650107
company_6576,-0.956054826516945,2.3874626718300545,-1.094193598408319,0.27448217165102073,0.15209660349434523,1.844907992548848
company_1228,0.3807265684701045,-0.43572902501346245,0.19899654023236718,-0.784123058666597,-0.24079160085681764,-0.3965483480729104
company_522,0.40206045025535736,-0.4382265938509969,0.20112366366965803,-0.8012909937915508,-0.22415803931717007,-0.3965041529854067
company_3210,-0.43725790659040364,0.9313622425376372,-0.5220099349956027,0.23860437020884528,1.01760492256096,0.10556909814600665
company_4579,-0.27671805619742934,0.40891997971382854,-0.6283630445799615,-0.14523107123141488,1.241637641940526,-0.48432138268068875
company_3352,-0.43822174253067464,0.1296079632166604,-0.4208621342010949,0.3523349146208382,1.1021830711940448,-0.26031811114810327
company_2405,0.41165460117718,1.3856067037537358,2.4696973343661,4.667281610566102,-0.03889090974052662,1.9869508595136718
company_575,0.25581465182203594,-0.5888526009430913,0.1590926337456985,-0.3895890217214023,-0.35916787363143543,-0.20371267347562544
company_3730,-0.05642086066040811,0.0796470490496382,-0.27070604081728034,-0.2861098468340643,0.8136840331950407,-0.4034051410906608
company_6636,0.38049738983234727,-0.4355307975802385,0.19879880565760039,-0.7841249143379772,-0.24096573504102495,-0.39666142313336117
company_6873,0.2501758058104864,-0.3614912896659812,0.2883165932722627,-0.5393188252950677,-0.3718337797381386,-0.19217102348630474
company_697,-0.27772306464845314,0.4689884612021823,-0.5428562723598963,0.039791041162367084,1.188977778113233,-0.17194587482511756
company_3920,0.22308068383920934,-0.3049559204469525,0.02595257268579168,-0.7598943439608894,-0.36161005592667994,-0.46556180939940434
company_4173,0.30263623713609944,-0.3912322528746088,0.04441545165656627,-0.684523596376253,-0.3174593286973421,-0.3379119453973498
company_610,-0.7073429364329656,-0.9352329342753922,0.8614576791016554,0.9464783792374488,-1.111484345702449,0.13718831164773124
company_4855,-0.34142892227724136,0.14047407624415065,-0.5903197655464819,0.3420246260908794,1.163059276997814,-0.1991030050835244
company_6038,0.37757927858368573,-0.448770686596825,0.21249592901469141,-0.7668897355527233,-0.24370653230840142,-0.3872468515844132
company_6294,0.17684050809255294,-0.6005602570462298,0.18330496999744003,-0.2929127921150118,-0.42992451626794415,-0.1491687836459917
company_4773,0.3882351221896149,-0.44222352792877906,0.2054748956819433,-0.7840622615156041,-0.23508646232680971,-0.3928436826903076
company_1069,0.26253721219535286,-0.339083736270045,0.059995535558013596,-0.7595748623933687,-0.33163025307862054,-0.446094247445513
company_4432,0.34246160515891305,-0.46591522298340604,0.23091830773225455,-0.7153001431607582,-0.27184130425474995,-0.37245440073224634
company_3499,0.40206045025535736,-0.4382265938509969,0.20112366366965803,-0.8012909937915508,-0.22415803931717007,-0.3965041529854067
company_6488,0.31993458933904645,-0.40415772002197414,0.15823195967920353,-0.7104670858301207,-0.3149911356283372,-0.28155974292357205
company_382,0.17337386948368033,-0.5500611807311955,0.28727841392856274,-0.43726699813434206,-0.41528859330944906,-0.26161290025144035
company_1159,0.3882351221896149,-0.44222352792877906,0.2054748956819433,-0.7840622615156041,-0.23508646232680971,-0.3928436826903076
company_6924,0.3622609164179492,-0.4643387573033393,0.19187033311836083,-0.7105414740389506,-0.2617605829905389,-0.34817119567031235
company_1006,0.30175370400614737,-0.5730833320204486,0.13642914775701692,-0.45501902347772877,-0.3182237501112354,-0.23917746334351433
company_7017,0.3657700111967629,-0.4449405266755695,0.1266312120904963,-0.7180217373490003,-0.2572488054945324,-0.36622372162214356
company_7192,-0.16080021782642068,0.33019454775494356,-0.5076015776692973,-0.18713833678175862,1.3311740347286254,-0.4463780194470092
company_3007,0.39040404991601857,-0.44409953600815627,0.20734623938953012,-0.7840446995947069,-0.23343847076905408,-0.3917735496439799
company_116,0.3484796484458648,-0.47233161419198155,0.19760124723050124,-0.691617800666949,-0.270588156857321,-0.35220043893337327
company_6648,0.13673287989544403,-0.391061485521777,0.2995043222626608,-0.13227696330682773,-0.48546424838666585,0.05050240419930728
company_4246,-0.06568341889151666,0.0708810657061306,-0.2621392470633352,-0.2684920090618616,0.8066521187945845,-0.3990959912164037
company_4535,-0.19293263357976997,0.31140092811685977,-0.5258397725984424,-0.11280898378293093,1.3008680641450765,-0.4086503535200674
company_3964,0.3425718296384471,-0.4661385048600254,0.2310567808853645,-0.715244470143469,-0.2716907221021331,-0.3726493035228623
company_5930,0.2640468084904558,-0.18922421713138388,0.14227680390047534,-0.5422490873979773,-0.3511029032152336,-0.23266600595391218
company_7337,0.023874310837525253,-0.8329209879947783,0.19776658220669954,0.18774718476152866,-0.5505836193353049,-0.005564983660749867
company_1313,0.3882351221896149,-0.44222352792877906,0.2054748956819433,-0.7840622615156041,-0.23508646232680971,-0.3928436826903076
company_4062,-0.012289787298231549,0.3600532777208783,-0.22535938113384918,-0.8687833918594554,-0.7332399300752144,0.18461215399689895
company_3601,-0.316034285407569,0.17364664518913886,-0.5807936677990787,0.26397945159842173,1.1837790606569747,-0.22349392130504125
company_6841,-1.8193525110002202,2.8337064336907973,3.7925368293092365,11.19063470775876,-0.07937825132035274,5.620598966831377
company_4947,0.3294829309117839,-0.47045606761406217,0.23593616365593542,-0.6981452213111419,-0.2822248352611307,-0.36800911607251563
company_6630,-0.3998640972625808,0.6765124105594454,-0.6226386289099681,-0.021426094187549493,1.1652072402286244,-0.5186485207233419
company_6750,-0.4043739777805833,0.36868040476837005,-0.4957658654728338,0.3324869184176697,1.0630917349937,0.01950531049335018
company_1920,-0.2524300065363357,0.28170666720660326,-0.6790362258955411,0.10008848537656294,1.2257453589729153,-0.24849625708880146
company_399,-0.06185395745787484,0.12123250898545164,-0.376608746733418,-0.26622623799014583,0.7911420068875213,-0.3364964916186805
company_503,0.35665598509995816,-0.45128229475733916,0.09554085590462129,-0.6783805933984648,-0.26945335857957603,-0.33722317048826156
company_1100,0.38811226353844613,-0.44211726167591675,0.20536889364186214,-0.784063256308509,-0.235179812611127,-0.3929043002484874
company_251,0.3509740097629801,-0.45518018795427334,0.22125674375551088,-0.7334893177349078,-0.2660689839387543,-0.3745613604706432
company_5349,0.3052214793066536,-0.480887922497164,0.24739553083432717,-0.6638716105000624,-0.3017642795749268,-0.35805443223227745
company_1402,-0.6311679015796208,1.3179176260572072,-0.9889953311881057,-0.16813005391255287,0.7374558672850975,0.3299217889254412
company_4116,-0.44381874005043953,1.6910451064927619,-0.011015582026293918,1.1623774314870645,1.2329400878378134,-0.1795141890271359
company_2860,-0.3434522890641574,0.7309838266337644,-0.6456242855217885,-0.14735225494800108,1.0835721407732402,-0.05180640672244887
company_4420,0.40206045025535736,-0.4382265938509969,0.20112366366965803,-0.8012909937915508,-0.22415803931717007,-0.3965041529854067
company_3594,0.40206045025535736,-0.4382265938509969,0.20112366366965803,-0.8012909937915508,-0.22415803931717007,-0.3965041529854067
company_1445,-2.063177496385986,4.140779918661522,-2.5156284990690327,-0.7379320957699408,-1.6820209357469058,2.466740505627991
company_6623,-0.19376616142643288,0.33319389271308897,-0.5056532413119387,-0.15546233460242065,1.3019376916880379,-0.4292180051034342
company_6044,0.13101277848452,0.06894884475631595,0.024210660604501916,-0.6823566922460823,-0.4927583524385737,-0.18347084300965608
company_6540,0.2730676330714908,-0.5626864085631407,0.16635646058498593,-0.4616850976995937,-0.33729602039427103,-0.25949285497328967
company_1798,0.389369202046558,-0.4432044471859698,0.20645337605192335,-0.784053078811867,-0.2342247673946499,-0.3922841359994173
company_5835,0.389369202046558,-0.4432044471859698,0.20645337605192335,-0.784053078811867,-0.2342247673946499,-0.3922841359994173
company_287,-0.1766101856418134,0.32791422237724505,-0.504962686304477,-0.16992567423735194,1.3187376455877062,-0.44369675586096813
company_1766,0.3123251295714106,-0.33562189872298953,0.29378509857451063,-0.027974789810538372,-0.2960488915413588,-0.04187745993524512
company_5474,0.19127187644079194,-0.540839648797663,0.31152476678075336,-0.4918323656072474,-0.39312485494098176,-0.3074340452651635
company_435,0.40206045025535736,-0.4382265938509969,0.20112366366965803,-0.8012909937915508,-0.22415803931717007,-0.3965041529854067
company_4248,0.3143899499944877,-0.40547100334002095,0.08398596988049929,-0.7163091497395472,-0.2936914470381063,-0.40126083781788346
company_6728,0.3488670838233515,-0.48480995840906227,0.13508308331812552,-0.6296759548153967,-0.28061279103474573,-0.29481152367868096
company_5386,0.3719173435271221,-0.4577178714417371,0.14533509060957364,-0.7042684713958678,-0.2574389512178329,-0.33615734320429036
company_1067,0.39023866327021434,-0.4439564852831493,0.2072035443355747,-0.7840460387390019,-0.2335641346133274,-0.3918551502030681
company_4258,-3.6827306067904817,5.3158860847666,-3.9158252373539675,-0.5807389804581174,-2.1895302862189605,1.1838619869815994
company_963,0.3439438352044674,-0.46773435536180075,0.23237923732297386,-0.7150581836630363,-0.2704345327323168,-0.3727695357191847
company_1656,0.40206045025535736,-0.4382265938509969,0.20112366366965803,-0.8012909937915508,-0.22415803931717007,-0.3965041529854067
company_504,0.14085426771746531,-0.5751730927122305,0.27782151301261826,-0.12450353332167698,-0.45377532519429553,-0.08336151517562672
company_3687,-0.3542798474056335,0.6585964244920874,-0.39088405437989193,0.20954094676359422,1.1277955114081886,-0.06851624423883398
company_3357,0.40206045025535736,-0.4382265938509969,0.20112366366965803,-0.8012909937915508,-0.22415803931717007,-0.3965041529854067
company_7322,0.39000475929971984,-0.4437541706863537,0.2070017327592663,-0.7840479326716476,-0.23374185919308535,-0.39197055670806424
company_7175,-0.35538325060347054,0.8474625334144965,-0.5922958157487638,0.05760669966736464,1.1036697755890181,-0.057407035999047916
company_1549,0.3760461170675913,-0.43974744091773826,0.16964389027729557,-0.7470827047846113,-0.2528441687521542,-0.35336166712468114
company_6194,0.14533487829034616,-0.7340689738047008,0.1419065180058062,-0.047802131277752416,-0.45576139229515783,-0.06680996071256555
company_5823,0.40206045025535736,-0.4382265938509969,0.20112366366965803,-0.8012909937915508,-0.22415803931717007,-0.3965041529854067
company_6197,0.3397449826394951,-0.4616266514422574,0.22791716464763065,-0.7161522754268284,-0.27491819945922,-0.3700171094532091
company_7003,-0.3415892037187045,-0.03958336230813862,-0.09690244027520666,0.32242712188001044,0.5792883732633686,-0.16688310234467568
company_6825,-0.08961444571458838,0.3948650296040737,-0.14267386555231582,-0.6282846022056241,-0.6866733283919793,-0.1422248848569356
company_3592,0.40206045025535736,-0.4382265938509969,0.20112366366965803,-0.8012909937915508,-0.22415803931717007,-0.3965041529854067
company_2749,0.40206045025535736,-0.4382265938509969,0.20112366366965803,-0.8012909937915508,-0.22415803931717007,-0.3965041529854067
company_778,-0.4186613516343328,0.17592834159304332,0.3207022871960793,2.0318342878299918,0.5541847469975504,0.5396911649085425
company_5476,0.34380804270722387,-0.45950781017584724,0.19059319620271553,-0.6954162195724959,-0.2787256051415588,-0.33739225110742843
company_7517,-0.22550558859300013,0.2914114090328573,-0.5050035301918496,-0.06092307810230308,1.2750031774667379,-0.39385700920099886
company_4529,-0.23871900041993382,0.28533300582299587,-0.49959815748175596,-0.04302480101613949,1.2653504912860796,-0.39291893778776643
company_1363,0.017056185903861626,0.2778264360337866,5.384893044036025e-05,-0.16474945004518687,-0.738510487000187,0.6567115970345604
company_7105,-0.11059329949972246,-1.0386093195983712,0.25377671085093484,1.4833545759012552,-0.6644734342972195,0.5563191139395753
company_2249,0.3576755469599061,-0.4106824965801484,0.14932747706633898,-0.7528726422460053,-0.27368464947606524,-0.33675451629322944
company_96,0.007449932250649516,0.1004983196667358,-0.29574963103201296,-0.37072067353355304,0.8662546155592161,-0.43146973753474527
company_2709,-0.16080021782642068,0.33019454775494356,-0.5076015776692973,-0.18713833678175862,1.3311740347286254,-0.4463780194470092
company_570,0.40206045025535736,-0.4382265938509969,0.20112366366965803,-0.8012909937915508,-0.22415803931717007,-0.3965041529854067
company_6399,0.312582101832786,-0.4427344818832662,0.11102341945116091,-0.6240378761167362,-0.3225250636850829,-0.25031509394467283
company_5241,0.40206045025535736,-0.4382265938509969,0.20112366366965803,-0.8012909937915508,-0.22415803931717007,-0.3965041529854067
company_7127,0.38728533030942514,-0.4414020080508819,0.20465541837208504,-0.784069952029984,-0.23580813183249352,-0.3933123030439282
company_7118,0.40206045025535736,-0.4382265938509969,0.20112366366965803,-0.8012909937915508,-0.22415803931717007,-0.3965041529854067
company_459,0.3882351221896149,-0.44222352792877906,0.2054748956819433,-0.7840622615156041,-0.23508646232680971,-0.3928436826903076
company_2054,-0.16080021782642068,0.33019454775494356,-0.5076015776692973,-0.18713833678175862,1.3311740347286254,-0.4463780194470092
company_3433,0.40206045025535736,-0.4382265938509969,0.20112366366965803,-0.8012909937915508,-0.22415803931717007,-0.3965041529854067
company_3813,0.27010958554820785,-0.5269054304244566,0.18059106882218187,-0.509557994687777,-0.3441874360271143,-0.2574347068368977
company_4865,0.40206045025535736,-0.4382265938509969,0.20112366366965803,-0.8012909937915508,-0.22415803931717007,-0.3965041529854067
company_1150,0.40206045025535736,-0.4382265938509969,0.20112366366965803,-0.8012909937915508,-0.22415803931717007,-0.3965041529854067
company_5506,0.3538078609296978,-0.4229984174905252,0.16217051763504925,-0.7356890970331726,-0.2772005634132579,-0.32760848070719956
company_1778,0.39000475929971984,-0.4437541706863537,0.2070017327592663,-0.7840479326716476,-0.23374185919308535,-0.39197055670806424
company_5291,0.40206045025535736,-0.4382265938509969,0.20112366366965803,-0.8012909937915508,-0.22415803931717007,-0.3965041529854067
company_7091,0.35559259610177724,-0.4617788829643775,0.22612433318493771,-0.7323370468409315,-0.26119956415066575,-0.37735597990951264
company_984,-0.17462554589216311,0.3261976136771614,-0.503250345657012,-0.16990960450581194,1.3202456117189858,-0.44271754915191014
company_4064,0.40206045025535736,-0.4382265938509969,0.20112366366965803,-0.8012909937915508,-0.22415803931717007,-0.3965041529854067
company_2599,0.40206045025535736,-0.4382265938509969,0.20112366366965803,-0.8012909937915508,-0.22415803931717007,-0.3965041529854067
company_7641,-0.16080021782642068,0.33019454775494356,-0.5076015776692973,-0.18713833678175862,1.3311740347286254,-0.4463780194470092
company_3238,0.389369202046558,-0.4432044471859698,0.20645337605192335,-0.784053078811867,-0.2342247673946499,-0.3922841359994173
company_2427,-0.25050140653216124,0.5354203156029682,-0.5372572680064648,-0.10779929621109775,1.2231129481819063,-0.2719047266757206
company_1380,-0.2474469154769639,0.8580722946315075,-0.014366377403665963,0.8429625439220829,0.5304018700726307,0.7115890469982264
company_1224,0.40206045025535736,-0.4382265938509969,0.20112366366965803,-0.8012909937915508,-0.22415803931717007,-0.3965041529854067
company_1601,0.40206045025535736,-0.4382265938509969,0.20112366366965803,-0.8012909937915508,-0.22415803931717007,-0.3965041529854067
company_6694,0.3882351221896149,-0.44222352792877906,0.2054748956819433,-0.7840622615156041,-0.23508646232680971,-0.3928436826903076
company_7351,0.3400019607254365,-0.5647738140872477,0.12278490794035231,-0.5039598220626316,-0.2845097327455235,-0.26436367676420125
company_1800,0.23223362151946284,0.10993768528798935,0.18727528008215655,-1.2806314837219022,-2.128684689377344,0.44525896784430624
company_3439,0.3204670035606779,-0.34031285060625605,0.10427924369333379,-0.7695238012122371,-0.3219030377981035,-0.28071043467752604
company_7235,0.2447971923840965,-0.1587493648487442,0.2514615948943465,-0.14649225594163662,-0.3838180761769872,0.033195610781588836
company_5222,-0.2192193847215826,0.056954769969524435,-0.2464780600990771,0.1779029681445824,0.6462273031094067,-0.08858437946778631
company_3095,0.16805364420197458,-0.5529288407467028,0.32414016168310755,-0.4572270425049914,-0.4114772622448824,-0.29843571034821714
company_7361,-0.16080021782642068,0.33019454775494356,-0.5076015776692973,-0.18713833678175862,1.3311740347286254,-0.4463780194470092
company_2542,-0.0058236299185242,-1.154150657581234,-0.014837883563526387,1.7470424459265077,-0.628886589611475,0.8390372554803551
company_1436,0.33232718575392306,-0.4883480012268457,0.17665253463314595,-0.6347754424041196,-0.2886649413241033,-0.31581551516805567
company_3230,-0.24926460066829495,2.193488514678979,0.5800299031137625,2.383324786391425,0.5128006747540456,1.7345059535272627
company_6280,0.33033511784200936,-0.3403066912169,0.11081080933928358,-0.7230295234587754,-0.025962080085802,-0.4028595795652892
company_3760,0.37477913703779686,-0.44645275383798066,0.21011524550413618,-0.766867861645151,-0.24577978531385694,-0.3888311375943067
company_6412,0.37636538789016677,-0.44658752117859507,0.21106443758105495,-0.7673847634152104,-0.2452208055506984,-0.3856378080789533
company_56,0.40206045025535736,-0.4382265938509969,0.20112366366965803,-0.8012909937915508,-0.22415803931717007,-0.3965041529854067
company_3853,-0.2657434573124619,0.25108594463572326,-0.5766572356823242,0.09281025694081767,1.228027910787489,-0.29331462609840986
company_1586,-0.4534836770598691,0.17420045316883814,-0.40976270690790023,0.5407348349336203,1.0755373283699847,-0.11421966425840892
company_5400,-0.20389354963823292,0.3035429516033223,-0.5185481475772139,-0.09496470617461107,1.2928387365603176,-0.406272187432461
company_1056,-1.3431940246004705,-0.5906421583629197,0.6414119701057719,3.9917370384785866,-0.22710073362923647,1.2997662780720403
company_5673,0.7215829701090143,-0.9108105720525898,0.6048139941967797,-0.7959868387714076,-1.5249813878657792,-0.09052597452250338
company_2294,0.40206045025535736,-0.4382265938509969,0.20112366366965803,-0.8012909937915508,-0.22415803931717007,-0.3965041529854067
company_3661,0.36921093258939536,-0.42576860738940536,0.18906088747552827,-0.7842163013707943,-0.2495413948137902,-0.4022300784299922
company_3194,0.40206045025535736,-0.4382265938509969,0.20112366366965803,-0.8012909937915508,-0.22415803931717007,-0.3965041529854067
company_4989,0.15458609466780257,0.398874494472572,0.25779030336221764,0.24112849233137576,-0.47184980483858097,0.3137878933376762
company_3567,0.40206045025535736,-0.4382265938509969,0.20112366366965803,-0.8012909937915508,-0.22415803931717007,-0.3965041529854067
company_315,0.40206045025535736,-0.4382265938509969,0.20112366366965803,-0.8012909937915508,-0.22415803931717007,-0.3965041529854067
company_1834,-0.33415475870334754,1.567046760966987,0.07149924191911101,0.9713692886756979,0.5725130805589762,0.39863772844567263
company_7213,-0.16080021782642068,0.33019454775494356,-0.5076015776692973,-0.18713833678175862,1.3311740347286254,-0.4463780194470092
company_2362,0.40206045025535736,-0.4382265938509969,0.20112366366965803,-0.8012909937915508,-0.22415803931717007,-0.3965041529854067
company_1605,0.40206045025535736,-0.4382265938509969,0.20112366366965803,-0.8012909937915508,-0.22415803931717007,-0.3965041529854067
company_782,-0.2102365269301717,0.3096653507521976,-0.4853165041164711,-0.11840346831020289,1.2916390730256455,-0.4278068899158373
company_4503,0.1172296231037168,-0.7729203283856018,0.17168151406383186,0.01054131057683193,-0.4703976585005304,-0.07903362304108734
company_4057,-0.16080021782642068,0.33019454775494356,-0.5076015776692973,-0.18713833678175862,1.3311740347286254,-0.4463780194470092
company_2240,0.1417816963798548,-0.5833867103963947,0.24221415279663888,-0.09820766133251042,-0.4531513617471181,-0.07770004432003381
company_2483,0.3465800656127523,-0.43190749482120583,0.17194479253387615,-0.7187470650259321,-0.28353100166000134,-0.3191450667739211
company_5841,0.40206045025535736,-0.4382265938509969,0.20112366366965803,-0.8012909937915508,-0.22415803931717007,-0.3965041529854067
company_7401,0.3278109926943268,-0.35288644303785904,0.11272462840121329,-0.7668005583251678,-0.3130731627462787,-0.2892088744682115
company_3300,0.389369202046558,-0.4432044471859698,0.20645337605192335,-0.784053078811867,-0.2342247673946499,-0.3922841359994173
company_4419,0.007449932250649516,0.1004983196667358,-0.29574963103201296,-0.37072067353355304,0.8662546155592161,-0.43146973753474527
company_2104,0.40206045025535736,-0.4382265938509969,0.20112366366965803,-0.8012909937915508,-0.22415803931717007,-0.3965041529854067
company_5825,0.40206045025535736,-0.4382265938509969,0.20112366366965803,-0.8012909937915508,-0.22415803931717007,-0.3965041529854067
company_2379,0.3882351221896149,-0.44222352792877906,0.2054748956819433,-0.7840622615156041,-0.23508646232680971,-0.3928436826903076
company_4382,0.40206045025535736,-0.4382265938509969,0.20112366366965803,-0.8012909937915508,-0.22415803931717007,-0.3965041529854067
company_2354,0.40206045025535736,-0.4382265938509969,0.20112366366965803,-0.8012909937915508,-0.22415803931717007,-0.3965041529854067
company_2628,0.40206045025535736,-0.4382265938509969,0.20112366366965803,-0.8012909937915508,-0.22415803931717007,-0.3965041529854067
company_1999,0.315738626149024,-0.47159444143860885,0.23936451624383406,-0.6821697651979007,-0.2946214767040732,-0.35860246857566735
company_5437,0.40206045025535736,-0.4382265938509969,0.20112366366965803,-0.8012909937915508,-0.22415803931717007,-0.3965041529854067
company_4166,0.40206045025535736,-0.4382265938509969,0.20112366366965803,-0.8012909937915508,-0.22415803931717007,-0.3965041529854067
company_2684,0.1905692671033593,-0.541027524959321,0.23218622560167174,0.2404799276690163,-0.41771721255824257,0.10785386667219002
company_6027,-0.16080021782642068,0.33019454775494356,-0.5076015776692973,-0.18713833678175862,1.3311740347286254,-0.4463780194470092
company_7559,0.40206045025535736,-0.4382265938509969,0.20112366366965803,-0.8012909937915508,-0.22415803931717007,-0.3965041529854067
company_3721,-0.029234392154198735,-0.8089799030218635,0.2967405697311934,0.8341552578098755,-0.6016767360036163,0.3274764028895891
company_5547,0.32664679318399775,-0.46784970705224016,0.23343720247497154,-0.6982338018981724,-0.28445983633952554,-0.36910984943785186
company_7486,-0.2590788553602803,0.9932302596007636,-0.43687505591614795,0.7641641703101434,1.1896395789736511,0.299417205962524
company_6918,0.3387579507956511,-0.47404430282003224,0.12567558628429,-0.6306234616675157,-0.2893499833260472,-0.29586001744268947
company_5183,0.37792598205528116,-0.4489145038424289,0.2127421595233629,-0.7669537484761554,-0.243524620371786,-0.38677171559632706
company_1508,0.40206045025535736,-0.4382265938509969,0.20112366366965803,-0.8012909937915508,-0.22415803931717007,-0.3965041529854067
company_6008,0.40206045025535736,-0.4382265938509969,0.20112366366965803,-0.8012909937915508,-0.22415803931717007,-0.3965041529854067
company_1192,0.33036463492112467,-0.4708320525822616,0.2365658262434007,-0.6983036276471541,-0.2817568636485986,-0.3668207507226673
company_5341,-0.44140691793196996,1.9965726716075618,1.466957365464345,4.35738103902383,1.1730861084170572,1.809176581199112
company_5585,0.40206045025535736,-0.4382265938509969,0.20112366366965803,-0.8012909937915508,-0.22415803931717007,-0.3965041529854067
company_7589,-0.1766101856418134,0.32791422237724505,-0.504962686304477,-0.16992567423735194,1.3187376455877062,-0.44369675586096813
company_4910,-0.1766101856418134,0.32791422237724505,-0.504962686304477,-0.16992567423735194,1.3187376455877062,-0.44369675586096813
company_2999,-0.09350029661859924,0.06554344368014577,-0.25443190693198176,-0.2351116354287898,0.7833565792066236,-0.38696172900784853
company_467,-0.18541131266689725,0.32614820100388825,-0.5374259611719858,-0.13235703481451477,1.3042393187990042,-0.4050990600185478
company_3832,0.40206045025535736,-0.4382265938509969,0.20112366366965803,-0.8012909937915508,-0.22415803931717007,-0.3965041529854067
company_3420,0.40206045025535736,-0.4382265938509969,0.20112366366965803,-0.8012909937915508,-0.22415803931717007,-0.3965041529854067
company_3301,0.007449932250649516,0.1004983196667358,-0.29574963103201296,-0.37072067353355304,0.8662546155592161,-0.43146973753474527
company_2882,-0.029583946917805557,1.7286512360449715,2.693075169618112,7.44978135921788,1.1919733578334537,2.3996269434309427
company_4475,0.14139085391186454,-0.5784927524239897,0.2832635273605141,-0.34835585438507416,-0.4492720106722159,-0.20076951894833717
company_3984,0.3882351221896149,-0.44222352792877906,0.2054748956819433,-0.7840622615156041,-0.23508646232680971,-0.3928436826903076
company_2540,0.25048297239271006,-0.5507811001893543,0.23816768576411904,-0.49432224825353266,-0.3513247982010282,-0.2832207794017428
company_4050,0.18111806482198337,-0.5685767017710048,0.2979660172368856,-0.43214461931451553,-0.40323167200934346,-0.28081675188790955
company_5267,-0.29745137810576106,0.5412586068495152,-0.632947372143195,-0.036552416865365096,1.1889401096380345,-0.2819598819047711
company_6714,0.40206045025535736,-0.4382265938509969,0.20112366366965803,-0.8012909937915508,-0.22415803931717007,-0.3965041529854067
company_6253,0.40206045025535736,-0.4382265938509969,0.20112366366965803,-0.8012909937915508,-0.22415803931717007,-0.3965041529854067
company_312,-0.16080021782642068,0.33019454775494356,-0.5076015776692973,-0.18713833678175862,1.3311740347286254,-0.4463780194470092
company_6064,0.832295144663344,-1.0255858708140746,0.7428530914263518,-1.2707318264739136,-1.4130096637529548,-0.35838198721180753
company_687,0.40206045025535736,-0.4382265938509969,0.20112366366965803,-0.8012909937915508,-0.22415803931717007,-0.3965041529854067
company_4711,0.40206045025535736,-0.4382265938509969,0.20112366366965803,-0.8012909937915508,-0.22415803931717007,-0.3965041529854067
company_5431,-0.1296953483581484,-0.7665626238935371,0.4254662969691137,0.11621456246373886,-0.6574298272522553,-0.09894604720249155
company_4784,0.06873870478946391,0.04629540656518037,-0.11176518661787643,-0.7406809810987525,-0.5483422638585774,-0.23053908930382147
company_1148,0.15077022312953905,0.05185774300594191,-0.0016730246571909622,-0.4340015122675092,-0.48430136200045015,-0.04197306445135222
company_2444,0.40206045025535736,-0.4382265938509969,0.20112366366965803,-0.8012909937915508,-0.22415803931717007,-0.3965041529854067
company_7009,-0.16080021782642068,0.33019454775494356,-0.5076015776692973,-0.18713833678175862,1.3311740347286254,-0.4463780194470092
company_3525,0.37536406893978425,-0.44618118617616026,0.21035635552150997,-0.7671960224510811,-0.24574147336122873,-0.38702764013051427
company_2237,-3.4500341257465306,3.238864617776285,-3.297855980518982,-0.1273297311371301,-1.157014177732386,-2.058333338638105
company_6057,0.2798845661965079,-0.487954415187087,0.2571014986629092,-0.6306493436628922,-0.32339288212981926,-0.3438857068926398
company_2027,0.377944163980593,-0.44873480004331895,0.212691597542658,-0.7670372770015029,-0.24361288875857698,-0.38638196611913056
company_1982,-0.15872965103611228,0.6529186943350679,-0.4225709932729425,0.6121898378790441,0.5783893469941225,0.6297657559793914
company_1168,0.40206045025535736,-0.4382265938509969,0.20112366366965803,-0.8012909937915508,-0.22415803931717007,-0.3965041529854067
company_6695,0.40206045025535736,-0.4382265938509969,0.20112366366965803,-0.8012909937915508,-0.22415803931717007,-0.3965041529854067
company_2810,0.389369202046558,-0.4432044471859698,0.20645337605192335,-0.784053078811867,-0.2342247673946499,-0.3922841359994173
company_1296,-0.18806780687144076,0.3297084918549692,-0.5401459746177693,-0.132919126020564,1.301561362664621,-0.40394976035821234
company_2117,0.39023866327021434,-0.4439564852831493,0.2072035443355747,-0.7840460387390019,-0.2335641346133274,-0.3918551502030681
company_1350,0.2823252791766012,-0.5005145391216882,0.19578057656141937,-0.5694162627697745,-0.3327423650424171,-0.2821827247567722
company_4619,-0.16080021782642068,0.33019454775494356,-0.5076015776692973,-0.18713833678175862,1.3311740347286254,-0.4463780194470092
company_124,-0.8009842886065436,0.8634075145834582,-0.9455782245503808,-0.29082490346396866,0.26302406719774685,-0.8194166704033374
company_247,0.40206045025535736,-0.4382265938509969,0.20112366366965803,-0.8012909937915508,-0.22415803931717007,-0.3965041529854067
company_4891,0.40206045025535736,-0.4382265938509969,0.20112366366965803,-0.8012909937915508,-0.22415803931717007,-0.3965041529854067
company_5690,0.40206045025535736,-0.4382265938509969,0.20112366366965803,-0.8012909937915508,-0.22415803931717007,-0.3965041529854067
company_5392,0.40206045025535736,-0.4382265938509969,0.20112366366965803,-0.8012909937915508,-0.22415803931717007,-0.3965041529854067
company_5337,0.40206045025535736,-0.4382265938509969,0.20112366366965803,-0.8012909937915508,-0.22415803931717007,-0.3965041529854067
company_3974,0.389369202046558,-0.4432044471859698,0.20645337605192335,-0.784053078811867,-0.2342247673946499,-0.3922841359994173
company_5965,0.33156200881990283,-0.4330596353801569,0.13573233788438835,-0.6791892433627903,-0.3002648772334167,-0.2928958956512913
company_152,-0.03134160807926648,0.08770125365583749,-0.2808935950840958,-0.31966167913799953,0.8347173400421771,-0.4162107526300842
company_2364,-0.17248733282855172,0.32434817216099976,-0.5014055024594455,-0.16989229128314098,1.321870265705662,-0.4416625704951274
company_3452,0.40206045025535736,-0.4382265938509969,0.20112366366965803,-0.8012909937915508,-0.22415803931717007,-0.3965041529854067
company_3932,0.10690759517146192,-0.48755609876750355,0.1839174513771168,-0.31212292422512516,-0.2096837434001133,-0.2642999141106724
company_352,-0.05736549272258307,-0.8152421174352263,0.3057444709242894,0.18229812595401554,-0.6080162034610199,-0.040771276792747814
company_3029,-0.16080021782642068,0.33019454775494356,-0.5076015776692973,-0.18713833678175862,1.3311740347286254,-0.4463780194470092
company_3876,-0.16080021782642068,0.33019454775494356,-0.5076015776692973,-0.18713833678175862,1.3311740347286254,-0.4463780194470092
company_7498,0.40206045025535736,-0.4382265938509969,0.20112366366965803,-0.8012909937915508,-0.22415803931717007,-0.3965041529854067
company_338,-1.099455521460778,-0.6868279630351073,-0.4197351535000959,2.9407294941049336,0.5199832461620363,0.8461875538773244
company_2777,-0.23483104670426547,0.28220352240439583,-0.49632276165782985,-0.04309324935956061,1.2681827182168306,-0.3905459070689483
company_3889,0.40206045025535736,-0.4382265938509969,0.20112366366965803,-0.8012909937915508,-0.22415803931717007,-0.3965041529854067
company_4581,0.37854671043315385,-0.4496988523432742,0.21336160591398348,-0.7668427732609276,-0.24292372280761057,-0.38694758975714055
company_1354,-0.35650640955203433,0.8545272074790907,-0.6079166374674704,0.4399950344011741,1.133409127760157,-0.007791306651187856
company_5729,0.3620983047000861,-0.44842802282607397,0.2144330384014868,-0.7509193115832186,-0.25741171100571447,-0.37873815512655346
company_4848,0.40206045025535736,-0.4382265938509969,0.20112366366965803,-0.8012909937915508,-0.22415803931717007,-0.3965041529854067
company_7147,-0.18504558077573935,0.32014807328033,-0.4962636875051157,-0.15303555909336075,1.31143824169618,-0.43563740379649796
company_7452,0.007449932250649516,0.1004983196667358,-0.29574963103201296,-0.37072067353355304,0.8662546155592161,-0.43146973753474527
company_7514,-0.16080021782642068,0.33019454775494356,-0.5076015776692973,-0.18713833678175862,1.3311740347286254,-0.4463780194470092
company_6204,0.40206045025535736,-0.4382265938509969,0.20112366366965803,-0.8012909937915508,-0.22415803931717007,-0.3965041529854067
company_3787,0.336252402896651,-0.40284348798743946,0.12359675960671555,-0.7589779866504557,-0.27562008248823416,-0.4097237125376444
company_7304,0.6060368557566861,-0.7166965443454495,0.45796027602179024,-1.0238552241771548,-0.7877984992305893,-0.3784302448476064
company_4298,0.40206045025535736,-0.4382265938509969,0.20112366366965803,-0.8012909937915508,-0.22415803931717007,-0.3965041529854067
company_3805,-0.16080021782642068,0.33019454775494356,-0.5076015776692973,-0.18713833678175862,1.3311740347286254,-0.4463780194470092
company_6776,0.40206045025535736,-0.4382265938509969,0.20112366366965803,-0.8012909937915508,-0.22415803931717007,-0.3965041529854067
company_1909,0.40206045025535736,-0.4382265938509969,0.20112366366965803,-0.8012909937915508,-0.22415803931717007,-0.3965041529854067
company_4981,0.40206045025535736,-0.4382265938509969,0.20112366366965803,-0.8012909937915508,-0.22415803931717007,-0.3965041529854067
company_3758,0.007449932250649516,0.1004983196667358,-0.29574963103201296,-0.37072067353355304,0.8662546155592161,-0.43146973753474527
company_628,-0.16080021782642068,0.33019454775494356,-0.5076015776692973,-0.18713833678175862,1.3311740347286254,-0.4463780194470092
company_7545,0.40206045025535736,-0.4382265938509969,0.20112366366965803,-0.8012909937915508,-0.22415803931717007,-0.3965041529854067
company_5734,-0.11276349782060979,1.349479109620892,0.20747514962071065,1.6850901178547648,1.5002144280012752,0.13974020684731112
company_6059,0.34667182400014973,-0.46880491494390564,0.11753608761835797,-0.6462427979568681,-0.280891355595524,-0.3099787650190328
company_1343,0.832295144663344,-1.0255858708140746,0.7428530914263518,-1.2707318264739136,-1.4130096637529548,-0.35838198721180753
company_579,-1.4488972182971138,-0.3340084315862106,0.8101878320875325,2.534167609486297,-0.301333449879993,0.6243132121052931
company_5633,0.3114067434334866,-0.3655380644660405,0.05386776019551062,-0.5177562778505526,-0.30931550044930906,-0.2594143629006116
company_3206,0.31896380043273337,-0.3062591265107969,0.1439659323599356,-0.6257292315795635,-0.31733815712375657,-0.22795244508216286
company_110,0.40206045025535736,-0.4382265938509969,0.20112366366965803,-0.8012909937915508,-0.22415803931717007,-0.3965041529854067
company_1530,0.007449932250649516,0.1004983196667358,-0.29574963103201296,-0.37072067353355304,0.8662546155592161,-0.43146973753474527
company_2578,0.245905369959131,-0.567133091281545,0.2130546011312168,-0.4520383848627677,-0.356903220217202,-0.2638409164730616
company_5260,0.40206045025535736,-0.4382265938509969,0.20112366366965803,-0.8012909937915508,-0.22415803931717007,-0.3965041529854067
company_1034,0.023095285714797104,-0.8152454563498794,0.21937993454560842,0.14683701829497245,-0.5473464551372058,-0.03403634966400567
company_6472,0.2257635350421823,-0.5981720924892378,0.20579716579145652,-0.376809499127651,-0.37711955285377824,-0.2238488256731122
company_2423,-0.1766101856418134,0.32791422237724505,-0.504962686304477,-0.16992567423735194,1.3187376455877062,-0.44369675586096813
company_5898,0.32584997456105025,-0.39513604264055396,0.09788099818568331,-0.7143761609821659,-0.3043179796422551,-0.3145875697540736
company_1513,-0.16080021782642068,0.33019454775494356,-0.5076015776692973,-0.18713833678175862,1.3311740347286254,-0.4463780194470092
company_597,-0.16080021782642068,0.33019454775494356,-0.5076015776692973,-0.18713833678175862,1.3311740347286254,-0.4463780194470092
company_5612,0.34009144201259445,-0.4629414328156361,0.22856020365167748,-0.7157148378384487,-0.2741247072983753,-0.371824026377703
company_4199,-0.17521857515068956,0.32671055270540067,-0.5037620093504808,-0.16991440629464116,1.3197950170773773,-0.44301014544235484
company_4668,0.33049303644586736,-0.3711668715177666,0.12044920415963704,-0.7599451218126322,-0.30269824428386294,-0.31898340983301765
company_1499,-0.17462554589216311,0.3261976136771614,-0.503250345657012,-0.16990960450581194,1.3202456117189858,-0.44271754915191014
company_6610,0.2708704201291663,-0.26758809328124505,0.09143028932960522,0.05037256869879973,-0.3601633965555004,0.0789421724332094
company_1750,0.40206045025535736,-0.4382265938509969,0.20112366366965803,-0.8012909937915508,-0.22415803931717007,-0.3965041529854067
company_7368,0.007449932250649516,0.1004983196667358,-0.29574963103201296,-0.37072067353355304,0.8662546155592161,-0.43146973753474527
company_1878,0.3038390836312571,-0.5138522768363811,0.16276495045893694,-0.5588929602619827,-0.31434309645826425,-0.28322323030133295
company_4415,0.40206045025535736,-0.4382265938509969,0.20112366366965803,-0.8012909937915508,-0.22415803931717007,-0.3965041529854067
company_2161,0.3342438040333702,-0.40820250634035044,0.1568824222279699,-0.7244279439985735,-0.2997130614631264,-0.2998345738076849
company_3561,0.389369202046558,-0.4432044471859698,0.20645337605192335,-0.784053078811867,-0.2342247673946499,-0.3922841359994173
company_1265,0.40206045025535736,-0.4382265938509969,0.20112366366965803,-0.8012909937915508,-0.22415803931717007,-0.3965041529854067
company_5091,-0.16080021782642068,0.33019454775494356,-0.5076015776692973,-0.18713833678175862,1.3311740347286254,-0.4463780194470092
company_6961,0.40206045025535736,-0.4382265938509969,0.20112366366965803,-0.8012909937915508,-0.22415803931717007,-0.3965041529854067
company_7548,0.12303809680789289,-0.6169765729514203,0.307597800318694,-0.30421183123707146,-0.4523385088206583,-0.2325985588086003
company_5573,0.40206045025535736,-0.4382265938509969,0.20112366366965803,-0.8012909937915508,-0.22415803931717007,-0.3965041529854067
company_6277,-0.16080021782642068,0.33019454775494356,-0.5076015776692973,-0.18713833678175862,1.3311740347286254,-0.4463780194470092
company_1886,0.3645766019829807,-0.4442481127456338,0.17550772457669453,-0.7304916616715055,-0.26278384546282113,-0.3455501544896705
company_5792,0.40206045025535736,-0.4382265938509969,0.20112366366965803,-0.8012909937915508,-0.22415803931717007,-0.3965041529854067
company_306,-0.16080021782642068,0.33019454775494356,-0.5076015776692973,-0.18713833678175862,1.3311740347286254,-0.4463780194470092
company_3863,0.40206045025535736,-0.4382265938509969,0.20112366366965803,-0.8012909937915508,-0.22415803931717007,-0.3965041529854067
company_325,0.40206045025535736,-0.4382265938509969,0.20112366366965803,-0.8012909937915508,-0.22415803931717007,-0.3965041529854067
company_7333,0.40206045025535736,-0.4382265938509969,0.20112366366965803,-0.8012909937915508,-0.22415803931717007,-0.3965041529854067
company_1089,-0.3389372181035962,0.9266072331239519,-0.33728264374931266,-0.5487570983058047,-0.9438988828774901,0.08286807436331586
company_2166,0.40206045025535736,-0.4382265938509969,0.20112366366965803,-0.8012909937915508,-0.22415803931717007,-0.3965041529854067
company_2198,0.38472183729946013,-0.4391847218132738,0.202443645035776,-0.7840907087665564,-0.23775592141872973,-0.3945771117097948
company_2449,0.3694446333708867,-0.44343221531653154,0.16713288372583712,-0.7431137017279813,-0.2529527536517803,-0.3749235600796686
company_3407,-0.004929134250005353,0.6850277345142763,-0.12754740138139709,-0.4444214455907274,-0.7704765880917284,0.6066417762959114
company_5424,0.1998484026436055,-0.5363180724310946,0.2330260934784025,-0.2255656622816545,-0.40335323742809465,-0.12854092172389994
company_6783,0.40206045025535736,-0.4382265938509969,0.20112366366965803,-0.8012909937915508,-0.22415803931717007,-0.3965041529854067
company_1969,0.40206045025535736,-0.4382265938509969,0.20112366366965803,-0.8012909937915508,-0.22415803931717007,-0.3965041529854067
company_7238,-0.33256064328952684,0.8708616201933294,-0.43096796813009397,0.5128124930229168,1.1669245892816729,0.0069536934396854195
company_3774,0.40206045025535736,-0.4382265938509969,0.20112366366965803,-0.8012909937915508,-0.22415803931717007,-0.3965041529854067
company_1004,0.40206045025535736,-0.4382265938509969,0.20112366366965803,-0.8012909937915508,-0.22415803931717007,-0.3965041529854067
company_5085,0.40206045025535736,-0.4382265938509969,0.20112366366965803,-0.8012909937915508,-0.22415803931717007,-0.3965041529854067
company_5143,0.26183483514862427,-0.2213636283200043,0.09982506413444697,-0.6855175059960299,-0.35781204671099825,-0.2897882556119533
company_4559,0.10262062865149321,0.16384283268253003,0.07548010838504748,-0.46219308001382853,-0.46645613552417725,-0.2669908500546186
company_2868,0.40206045025535736,-0.4382265938509969,0.20112366366965803,-0.8012909937915508,-0.22415803931717007,-0.3965041529854067
company_5687,0.08154285528069041,-0.619540543320978,0.3174449065790632,-0.2565548677727604,-0.49005383345020653,-0.20329174651204762
company_949,-1.6276856537396143,7.822433062884456,-3.3651778299411954,-2.2051023952615765,-3.6628225028664834,11.50114730001195
company_1242,-0.16080021782642068,0.33019454775494356,-0.5076015776692973,-0.18713833678175862,1.3311740347286254,-0.4463780194470092
company_2959,-0.16080021782642068,0.33019454775494356,-0.5076015776692973,-0.18713833678175862,1.3311740347286254,-0.4463780194470092
company_2514,-0.7455978674446626,0.10479287359854683,0.04996228882243111,2.4223135301382324,0.8780594317152302,0.5847190533281961
company_1574,0.3504891092158931,-0.4704358110349232,0.1591831845616466,-0.670042351978821,-0.27491159070045285,-0.3244842591887641
company_1867,-0.10693899401644837,0.3885474239395077,-0.06594952803062,1.8847838704910014,0.7532348019275025,0.7210700111435908
company_464,0.3073538388533092,-0.4816131467597589,0.24885593923600788,-0.6643335237620733,-0.30072866562776124,-0.3548217675269756
company_1673,0.3804186860054107,-0.4841197611248804,0.12020740882773538,-0.6729286532890115,-0.24498145434559457,-0.3494330945541252
company_7563,0.40206045025535736,-0.4382265938509969,0.20112366366965803,-0.8012909937915508,-0.22415803931717007,-0.3965041529854067
company_5922,0.19401988750504376,-0.27981986448144125,0.0008790132050534042,-0.7601296507441532,-0.3836909885632746,-0.47990019335346795
company_3192,-1.1742079822248823,2.16235886325346,-1.1416912538429993,0.11771291117391587,-0.2331667331286548,0.16785954327383085
company_1570,-0.22212207766819742,0.37832282984013754,-0.5760227005397716,-0.14139809818962878,1.265678454931952,-0.3834218833948048
company_1639,-0.33209644274332556,1.0951820640275851,-0.3103959844431226,-0.49920622463362724,-0.994321361824255,0.3546940571622896
company_5148,-0.16080021782642068,0.33019454775494356,-0.5076015776692973,-0.18713833678175862,1.3311740347286254,-0.4463780194470092
company_2371,0.3882351221896149,-0.44222352792877906,0.2054748956819433,-0.7840622615156041,-0.23508646232680971,-0.3928436826903076
company_3979,0.389369202046558,-0.4432044471859698,0.20645337605192335,-0.784053078811867,-0.2342247673946499,-0.3922841359994173
company_6890,0.007449932250649516,0.1004983196667358,-0.29574963103201296,-0.37072067353355304,0.8662546155592161,-0.43146973753474527
company_794,0.3452305350974501,-0.41060909877353235,0.13134306253572414,-0.7589052902458702,-0.26879833094196914,-0.40529396790142963
company_1325,0.19945553155619908,-0.09726484295739805,0.022226155249431917,-0.7160555652271698,-0.4418488443527557,-0.1838963456456792
company_3145,0.40206045025535736,-0.4382265938509969,0.20112366366965803,-0.8012909937915508,-0.22415803931717007,-0.3965041529854067
company_2852,0.30468671250764323,-0.19220469960412173,0.18361301944882136,-0.5998280503810238,-0.3155606489286381,-0.25271469452604267
company_5581,-0.18415698092365013,0.3238920949478463,-0.5359467087673201,-0.1318454259366938,1.3058041490419354,-0.4067621144043304
company_1297,-0.22991141171782925,0.298156208536762,-0.6265593472300078,0.0071302237347913204,1.2582666891097694,-0.33138089378328695
company_4844,-0.20457629142736733,0.3267337865394718,-0.498749597525503,-0.13827119243980313,1.2932246276545925,-0.4237876984605571
company_5088,-0.16080021782642068,0.33019454775494356,-0.5076015776692973,-0.18713833678175862,1.3311740347286254,-0.4463780194470092
company_5444,0.3072853291136656,-0.4986708952149428,0.2265504189184727,-0.6233808571595759,-0.30454958071766286,-0.32699320102254587
company_2825,0.40206045025535736,-0.4382265938509969,0.20112366366965803,-0.8012909937915508,-0.22415803931717007,-0.3965041529854067
company_2401,-0.20753318693721112,-0.08938494054484741,-0.8425117248491863,0.667223389218678,1.2633792590000539,-0.056022436900214787
company_5737,0.36822164153060183,-0.43049519313128765,0.1511797135362985,-0.7587191300582328,-0.2513292613902047,-0.3939503244659017
company_5636,0.30792658723980676,-0.39610646367772934,0.07082312802101359,-0.6633344100765701,-0.330799519423402,-0.2527451527686103
company_1330,-0.28986855636050624,0.6178078870132353,-0.513780115173029,0.050035028357021276,1.1732522774415952,-0.12432752938798723
company_7474,0.007449932250649516,0.1004983196667358,-0.29574963103201296,-0.37072067353355304,0.8662546155592161,-0.43146973753474527
company_891,-0.16080021782642068,0.33019454775494356,-0.5076015776692973,-0.18713833678175862,1.3311740347286254,-0.4463780194470092
company_6534,-0.18654695466959065,0.320752131991475,-0.49732362085896087,-0.15275033580901376,1.3106602697589078,-0.437731441553898
company_372,0.377132064370306,-0.447966295999107,0.21196851983259848,-0.7670721458520282,-0.24426445451315196,-0.3866538976231355
company_292,-1.581001770332908,5.2477224601062,-0.6514897964137375,2.2007999562961564,-0.35680574361170697,2.991015518752301
company_4030,0.389369202046558,-0.4432044471859698,0.20645337605192335,-0.784053078811867,-0.2342247673946499,-0.3922841359994173
company_1871,0.3330701061165796,-0.47003035217630534,0.19891509382911324,-0.6765118490035078,-0.2852944114378446,-0.33971995969256463
company_6111,0.338393625820579,-0.47856179767616963,0.20483939081531466,-0.6747874034908439,-0.27919828793466367,-0.34474455944258686
company_1262,0.23107613386702425,-0.1180955006557293,0.047298249788055996,-0.7185909303467892,-0.42122839482691615,-0.1555923060441041
company_5172,0.40206045025535736,-0.4382265938509969,0.20112366366965803,-0.8012909937915508,-0.22415803931717007,-0.3965041529854067
company_2437,-0.34134170620507037,1.5445525774117155,1.1511420779089048,5.664843150944174,1.281396732908376,2.212790806668778
company_4171,0.10333492982898573,0.19210146878631373,-0.05905511765357574,-0.5209992212393674,-0.5507007427323373,0.025151581782216877
company_623,0.2732298769992592,-0.40358462122972044,0.1989572986246238,-0.4603019826849475,-0.3546016065378833,-0.1650257745977225
company_1564,-0.5150564235588776,0.41868736321316596,-0.5424759653051293,-0.7222752328301073,-0.9099676853439527,-0.8380743103976513
company_5107,0.36378576660576584,-0.4507902228404681,0.21619496089387638,-0.7505191745297641,-0.2556580532296594,-0.37966427804934083
company_2381,-0.5146904888134899,-1.055866133269962,0.03498999761905344,2.7217884543365547,-1.2845105041406413,2.1494489456865122
company_5012,0.3133556238202545,-0.49033111241797706,0.21630983365693884,-0.6396598456279587,-0.2982782940535264,-0.3390876435363857
company_5371,-0.9794512349335401,-1.1397092559290714,0.9456820752246727,1.2501037966176114,-1.3254450858423366,0.17356724859116346
company_692,0.40206045025535736,-0.4382265938509969,0.20112366366965803,-0.8012909937915508,-0.22415803931717007,-0.3965041529854067
company_1647,-0.8226292546740019,-0.49949994115400914,0.06298311004943842,1.616457332851449,0.1944408637032645,0.25861907973911924
company_3957,0.3758372915773306,-0.445637249305253,0.21044150645690346,-0.7676003357451828,-0.2458798417567172,-0.38493683235703025
company_4433,0.10178462951050213,-0.7848836214515681,0.14976179965656028,0.06539201507359642,-0.490373675813088,-0.03321026110842309
company_2963,-0.10767701312313842,-0.03658939517128211,-0.3572582255475375,-0.007615704020596343,0.7600315985392655,-0.2692092565969574
company_4639,0.40206045025535736,-0.4382265938509969,0.20112366366965803,-0.8012909937915508,-0.22415803931717007,-0.3965041529854067
company_5409,0.3528663596976155,-0.45754385871887965,0.22313586626920626,-0.7331627696648316,-0.2642514500089214,-0.3750439662991987
company_128,-0.1771087082455946,0.3283454181340518,-0.5053928099671141,-0.16992971080086972,1.318358858857111,-0.4439427232605053
company_3484,0.39012052995178276,-0.4438543061938586,0.2071016192970351,-0.7840469952706411,-0.23365389450209403,-0.3919134363167025
company_7415,-0.2561229717756495,0.2866196616542402,-0.46015640510507494,-0.04987703801175098,1.2545120055337373,-0.4064049539665056
company_1406,0.3882351221896149,-0.44222352792877906,0.2054748956819433,-0.7840622615156041,-0.23508646232680971,-0.3928436826903076
company_4562,-0.6102322592402379,1.3215581009181308,-1.009286145995705,0.3861740294667854,0.5492866311413851,1.402411903892956
company_2940,0.3649161098121449,-0.45385577955329726,0.2178779884436105,-0.7496160761693837,-0.25370859476476243,-0.38317460587934693
company_4598,0.40206045025535736,-0.4382265938509969,0.20112366366965803,-0.8012909937915508,-0.22415803931717007,-0.3965041529854067
company_283,0.387875996901583,-0.44191290349733536,0.20516504356478296,-0.7840651693717876,-0.23535933238866028,-0.39302087247575623
company_3616,-0.0702820458633556,0.15961980050660324,-0.40529328140903625,-0.29011852264442334,0.7772522471863584,-0.32163313780715735
company_7196,0.38916365007248704,-0.44302665557060394,0.20627602648486446,-0.7840547431769194,-0.23438094960110387,-0.3923855538371412
company_4279,0.3064442477731874,-0.1794719709303757,0.219217756084095,-0.6290314351481122,-0.3177181786364663,-0.24372143174327995
company_4009,0.31764386963321,-0.34528454455187285,0.1161405217215489,-0.7057916084790916,-0.03602880816328182,-0.39863956257929983
company_7363,0.40206045025535736,-0.4382265938509969,0.20112366366965803,-0.8012909937915508,-0.22415803931717007,-0.3965041529854067
company_1751,0.2572677652000876,-0.3560633265043977,0.03470113674506764,-0.7167716710484064,-0.33709394365232975,-0.4294445052046636
company_626,-0.26042988015539326,0.49455017305067533,-0.5960266401559821,-0.029964329305775816,1.2247414051787768,-0.292309672455046
company_3747,0.5519168571952575,-0.719417205026764,0.5486294201799357,-1.1865603599767314,-1.6150135093275215,-0.4857899921346096
company_6960,0.389369202046558,-0.4432044471859698,0.20645337605192335,-0.784053078811867,-0.2342247673946499,-0.3922841359994173
company_1787,0.3882351221896149,-0.44222352792877906,0.2054748956819433,-0.7840622615156041,-0.23508646232680971,-0.3928436826903076
company_567,0.37608256191286354,-0.4476673179109175,0.21126938623994912,-0.7668199847516453,-0.24474388531151356,-0.3883578810261454
company_4112,0.3758328958454285,-0.44563063528361607,0.21043676060674082,-0.7676015753052122,-0.245884650540631,-0.3849335223494642
company_1246,0.40206045025535736,-0.4382265938509969,0.20112366366965803,-0.8012909937915508,-0.22415803931717007,-0.3965041529854067
company_6679,0.13466289488769229,0.8532872797975499,0.6229780548495414,0.5106942702371564,-0.6012272445432617,0.9989079917902759
company_3400,0.23573353962120078,-0.6224788043089713,0.07490690194475519,-0.26704425744191024,-0.38591826227513765,-0.12934036902900561
company_4544,0.3632327489431264,-0.4507364954879501,0.21586175637147703,-0.7503418532412183,-0.2558564537129668,-0.380764436162244
company_100,-0.02123389990856309,0.09460160691066942,-0.28834656910033746,-0.3367868727770477,0.8429840860261599,-0.4223136194103962
company_4744,0.3882351221896149,-0.44222352792877906,0.2054748956819433,-0.7840622615156041,-0.23508646232680971,-0.3928436826903076
company_1824,0.09969505048927378,-0.6403468802865968,0.29591737202502016,-0.23110677934901513,-0.4775466092250391,-0.1846390618963013
company_6641,0.37721717740124694,-0.44812005472540056,0.2120691220491302,-0.7670371436119493,-0.24415792253378835,-0.3867680501174028
company_1209,-0.293317221393773,0.06903624004680198,-0.6594700634767573,0.6496080800218504,1.2007336432524194,-0.06243175199486418
company_6615,0.3882351221896149,-0.44222352792877906,0.2054748956819433,-0.7840622615156041,-0.23508646232680971,-0.3928436826903076
company_6888,-0.2436194630392728,0.38029144247636126,-0.5998056872819402,-0.1449630701967204,1.2667865675751644,-0.46799077936260125
company_888,0.389369202046558,-0.4432044471859698,0.20645337605192335,-0.784053078811867,-0.2342247673946499,-0.3922841359994173
company_7411,0.2624639492913613,-0.30480767867612796,0.20055638527465175,-0.3513733962933747,-0.37794018635194965,-0.04790957687898768
company_4667,-0.17462554589216311,0.3261976136771614,-0.503250345657012,-0.16990960450581194,1.3202456117189858,-0.44271754915191014
company_4705,-0.26457884297111467,-0.971713809839381,0.35915278432834685,0.8499836012807688,-0.7972404044282893,0.2884671871175129
company_7640,-0.1755884432971267,-0.037155175354189426,-0.24352597187143257,0.44007742399242317,0.7110264202084526,-0.08670761189556057
company_2657,0.40206045025535736,-0.4382265938509969,0.20112366366965803,-0.8012909937915508,-0.22415803931717007,-0.3965041529854067
company_3456,-0.07716620290480233,0.16372537912823523,-0.41060616261586685,-0.28938265535296576,0.7729872894131528,-0.32863206082392515
company_644,0.3654921535596187,-0.45407564441556975,0.21828062760740816,-0.7497306047014562,-0.25341631972438966,-0.38234798599760056
company_6309,0.34995406075478847,-0.39281930545825006,0.138873943229356,-0.7577239444880394,-0.285393830285669,-0.31877219676864377
company_170,-0.4035232338391668,0.9024745499863837,-0.7083953054116925,-0.2600734036051659,0.3751459216444572,0.17353280964227372
company_4426,-0.5154075227411472,-0.956457654669288,0.6357465029875884,0.9196365835377224,-0.9774131224141019,0.21617437983675014
company_2746,0.3504522012847181,-0.4530529316844669,0.2202384057430414,-0.7342111075104814,-0.2673408835269045,-0.37155343458314916
company_2245,0.27458055398360875,-0.13387841524432814,0.17474175145588808,-0.647519845842471,-0.3425905845774557,-0.26587567563138775
company_2908,-0.45326607426918086,0.7125470440039229,0.3299663225181399,2.799724580896306,1.1585989071646277,0.7723719823952714
company_2171,0.389369202046558,-0.4432044471859698,0.20645337605192335,-0.784053078811867,-0.2342247673946499,-0.3922841359994173
company_6502,0.2871248703315579,-0.09747033564589859,0.2456695046803996,-0.31836697329342717,-0.3248227534343434,-0.12702994401905668
company_7276,0.1787365600476393,-0.5857498204395257,0.2743821558330223,-0.39030469556533604,-0.40770475271160117,-0.2582522193636338
company_3421,-0.013939987377787488,0.0974620879569915,-0.33495272060407094,-0.3280480104960874,0.8485422905644106,-0.4227737183604467
company_155,0.33479049114753184,-0.4582611893151154,0.11806542494965132,-0.6359440138977194,-0.2988163475123317,-0.2737517744923895
company_6190,-0.6119063256565538,1.43757535206497,-0.9321642644524453,-1.1129318864424225,-1.4807745925314186,0.9777050213492433
company_6958,0.08641352171175752,-0.5943868788307972,0.3677901584076072,-0.33633780454706574,-0.4762727540081347,-0.2660971866235465
company_2766,0.007449932250649516,0.1004983196667358,-0.29574963103201296,-0.37072067353355304,0.8662546155592161,-0.43146973753474527
company_4117,0.22800903665469163,1.9501824625915882,1.2426100462380303,3.931239238367933,1.9277221464385748,0.8876614019625514
company_5094,0.18225667132787582,0.0362504757302846,0.01696027061022501,-0.779597361874128,-0.5216940549413615,0.06070048197325773
company_7291,0.007449932250649516,0.1004983196667358,-0.29574963103201296,-0.37072067353355304,0.8662546155592161,-0.43146973753474527
company_6344,0.15206238885549714,-0.4060987136912975,0.45642693522236755,0.1611544745043398,-0.42330393158824564,0.014321679079160968
company_3753,0.40206045025535736,-0.4382265938509969,0.20112366366965803,-0.8012909937915508,-0.22415803931717007,-0.3965041529854067
company_5582,-0.4858328996616396,0.6749869092941372,-0.740352913483677,-0.10332843924422565,1.095240951200267,-0.5958181753236164
company_4219,-0.2744968450151893,1.7229423463280498,-0.11317214941232501,0.20667380778079145,-1.0843290367054932,1.3423937899072889
company_3709,0.36225758740584524,-0.4483759876502434,0.2145061241642715,-0.7509992896730715,-0.2573898307492591,-0.37828974521721836
company_1968,0.389369202046558,-0.4432044471859698,0.20645337605192335,-0.784053078811867,-0.2342247673946499,-0.3922841359994173
company_1955,0.34082418969012296,-0.4507819867298242,0.14701568699022693,-0.6749563450365886,-0.2881547124141959,-0.30724714107361983
company_2247,0.40206045025535736,-0.4382265938509969,0.20112366366965803,-0.8012909937915508,-0.22415803931717007,-0.3965041529854067
company_5978,0.28374850978464744,-0.37433620208141133,0.2511314663810186,-0.5438840579805836,-0.3412197906605703,-0.20754790757110406
company_4956,0.370579186571088,-0.4361810151230968,0.2042409727857672,-0.7697444362696909,-0.25243888195192626,-0.3779678459878577
company_2190,0.2956220253373267,-0.3297960148635386,0.18213368282103817,-0.5651590766128717,-0.34726462428060206,-0.15839024703695834
company_5754,0.389369202046558,-0.4432044471859698,0.20645337605192335,-0.784053078811867,-0.2342247673946499,-0.3922841359994173
company_2113,0.2496046554504794,-0.11089292540707785,0.08345916841637403,-0.76201094876012,-0.40657371155161304,-0.1624046021165299
company_3928,0.40206045025535736,-0.4382265938509969,0.20112366366965803,-0.8012909937915508,-0.22415803931717007,-0.3965041529854067
company_5694,0.3876680822611434,-0.4417330683001838,0.2049856554969533,-0.7840668528674727,-0.23551730979288957,-0.39312345603575277
company_4874,-0.01590683084657993,0.09419586685963853,-0.3240947621300358,-0.3154277626884882,0.840884729872526,-0.39185383249206646
company_2472,0.2772597719742712,-0.5011069152956685,0.23201610515244528,-0.5904427658833941,-0.3300410768145686,-0.3140173976610492
company_629,-0.26396041418853755,0.29064926520874934,-0.49403544903582824,-0.015138949104511032,1.2372831488031149,-0.35441544271193
company_7374,0.3869545570178168,-0.44111590660086797,0.2043700282641742,-0.784072630318574,-0.23605945952104015,-0.3934755041621046
company_6345,0.35680114503683197,-0.4414884429055847,0.20906338551443454,-0.751971729759381,-0.26266820120024226,-0.3767577363724202
company_7503,0.25172054180033226,-0.13071304227560168,0.10455008315258774,-0.5733455725373547,-0.37670509727057894,-0.1870858581472945
company_5696,0.38067053062692036,-0.4412628255607412,0.1619205740976001,-0.7586183307540851,-0.24187036431197564,-0.3878081338111081
company_5983,0.317983713684111,-0.4758294652109672,0.24207892711442683,-0.6811697510627625,-0.29171779056095426,-0.3619627442743696
company_3297,0.34209971177551063,-0.4775716554341097,0.1287747526115238,-0.6303237046025137,-0.28647816237865803,-0.2954521719396134
company_476,-4.972313667171935,12.532128818693407,-7.2025196507863365,-3.3991852004706105,-6.470996557898874,12.785414454334246
company_872,0.389369202046558,-0.4432044471859698,0.20645337605192335,-0.784053078811867,-0.2342247673946499,-0.3922841359994173
company_7255,-0.4017152128660991,0.8693216282934577,-0.08926691955054937,1.7335091595854084,1.1225840564786718,0.5569870650123595
company_624,0.35161170441072725,-0.4810323559110487,0.04665485767328645,-0.5965667651484047,-0.28088697642501403,-0.2837516545326216
company_4861,0.40206045025535736,-0.4382265938509969,0.20112366366965803,-0.8012909937915508,-0.22415803931717007,-0.3965041529854067
company_2058,0.3882351221896149,-0.44222352792877906,0.2054748956819433,-0.7840622615156041,-0.23508646232680971,-0.3928436826903076
company_6942,0.37122472490130076,-0.4329297444104703,0.1645865456264127,-0.748255279305111,-0.2578904509641012,-0.3505821887380816
company_6948,0.36262511435287925,-0.44850126081349917,0.21475792914626485,-0.7510787855660029,-0.25721119147693755,-0.3777331102957754
company_5165,-0.16080021782642068,0.33019454775494356,-0.5076015776692973,-0.18713833678175862,1.3311740347286254,-0.4463780194470092
company_453,0.23586474332640514,-0.5149316768470134,0.28465757213562115,-0.5611157299604228,-0.3578913436237996,-0.3260773488263147
company_4745,-0.22163976407536673,0.29491167971087534,-0.6207480591885765,0.005523082806391568,1.2625092391338082,-0.3196814110666131
company_7578,0.06188850628585339,-1.1414865150108466,0.01833081795316696,1.1366288925274548,-0.5314704581164953,0.41517616325773765
company_6226,0.3876680822611434,-0.4417330683001838,0.2049856554969533,-0.7840668528674727,-0.23551730979288957,-0.39312345603575277
company_4121,-0.027651592550099167,0.09083027942208981,-0.31877248916485085,-0.29922301391290346,0.8302673604321794,-0.3824303779194237
company_2363,-0.22587820945266868,0.009096651006794633,-0.7512737344955659,1.3744072779860241,1.25066263094553,0.2798307013828692
company_3820,-0.4578263163782313,0.9006791340382746,-0.8180865289665828,-0.16597265766590663,0.9645087007879425,0.007722662860030832
company_5722,0.35921338901061906,-0.4610349698101987,0.18901454505110282,-0.7108520923225214,-0.26442499688355703,-0.34837360136062245
company_2402,-0.19118465639110527,0.33653233813641037,-0.5442345195681646,-0.13471178769014347,1.297036887137881,-0.3974446694022617
company_5099,-0.2707386522191657,0.23220221588911738,-0.5622299742670254,0.11321431563228578,1.2275954182636388,-0.299421855195283
company_6804,0.18429282155600166,-0.18621284538775534,0.06092026284922278,-0.7166125655255483,-0.378589143845415,-0.4930205176819742
company_6293,-0.18537008374573688,0.32017989406477765,-0.49645930699850127,-0.15293163548186528,1.3113216693444039,-0.4362823875924424
company_1670,0.29949803059059926,-0.37132858289805526,0.04675180869158588,-0.6813994955370714,-0.33758052094847557,-0.2643995646421728
company_7615,0.3530597420696704,-0.4189980892451065,0.1603883197821488,-0.7371308859046037,-0.2795205720618232,-0.32144409292206977
company_991,0.007449932250649516,0.1004983196667358,-0.29574963103201296,-0.37072067353355304,0.8662546155592161,-0.43146973753474527
company_4931,0.40206045025535736,-0.4382265938509969,0.20112366366965803,-0.8012909937915508,-0.22415803931717007,-0.3965041529854067
company_932,0.8184698165976015,-1.0295828048918567,0.7472043234386371,-1.253503094197967,-1.4239380867625944,-0.35472151691670845
company_6637,0.40206045025535736,-0.4382265938509969,0.20112366366965803,-0.8012909937915508,-0.22415803931717007,-0.3965041529854067
company_3492,-0.17462554589216311,0.3261976136771614,-0.503250345657012,-0.16990960450581194,1.3202456117189858,-0.44271754915191014
company_35,0.158301265434945,0.023549660008224296,0.027094836996223337,-0.6391791125968403,-0.47334878836770466,-0.15126130705586793
company_948,0.3300029216062529,-0.4651236251189696,0.1955047255725213,-0.6775016641548971,-0.28880217857414425,-0.336842004229772
company_1078,-0.38241022286442294,1.0624533035878494,-0.16777905644524962,1.4523695857943757,1.0175415565395372,0.9244507434188655
company_4967,0.40206045025535736,-0.4382265938509969,0.20112366366965803,-0.8012909937915508,-0.22415803931717007,-0.3965041529854067
company_6968,-0.3453022957973714,0.5866589583913033,-0.323626479879227,0.8997219274700979,1.1555195795769881,0.16913043235481065
company_4532,0.3581386580593086,-0.44566675645539255,0.21124162990964498,-0.7506672367046358,-0.26007368129687847,-0.3819848195188691
company_1060,0.3611541605469118,-0.4450637653995738,0.21275481014537456,-0.7520177509760393,-0.259459844892571,-0.3742401694290638
company_1538,0.389369202046558,-0.4432044471859698,0.20645337605192335,-0.784053078811867,-0.2342247673946499,-0.3922841359994173
company_1106,0.389369202046558,-0.4432044471859698,0.20645337605192335,-0.784053078811867,-0.2342247673946499,-0.3922841359994173
company_6296,0.7833576561957024,-0.9877321592216751,0.6849689366188363,-1.2250785279364087,-1.4693237705528632,-0.28846353509284933
company_4688,-0.16080021782642068,0.33019454775494356,-0.5076015776692973,-0.18713833678175862,1.3311740347286254,-0.4463780194470092
company_4337,0.3882351221896149,-0.44222352792877906,0.2054748956819433,-0.7840622615156041,-0.23508646232680971,-0.3928436826903076
company_1938,0.28580832807214035,-0.4125012914754655,0.13130457020583142,-0.4148104935518347,-0.3539738460220842,-0.11570601776498417
company_2893,0.3666975523483516,-0.45509434925099396,0.2193125392864622,-0.7497310782488604,-0.2525129203578321,-0.3817066810178555
company_3470,0.37162895039932514,-0.4380703744082929,0.20547938183451572,-0.769315751599172,-0.251128631909941,-0.37936201169429923
company_466,0.2911132857027214,-0.2651777375299317,0.06438540672783302,-0.6206243733076185,-0.3425696126567492,-0.23051044330635193
company_3090,-0.7967666394697502,1.5261188580766767,-1.195112505548799,-0.3446085725336878,0.5461214197018024,0.426685872344089
company_7274,-0.43256742882755395,-0.9041393684731319,0.6102874161423132,0.5244497446361364,-0.8938490598014484,-0.00728082742102025
company_3505,-0.16080021782642068,0.33019454775494356,-0.5076015776692973,-0.18713833678175862,1.3311740347286254,-0.4463780194470092
company_2635,-0.20296189956063893,-1.307474793876515,0.04786212979452806,1.2086725603195208,-0.755890206085178,0.4083247314893957
company_5345,0.32747303558838275,-0.46736085051817766,0.23374210048868962,-0.6987424098855581,-0.2844606992041155,-0.3663572484750954
company_4339,0.389369202046558,-0.4432044471859698,0.20645337605192335,-0.784053078811867,-0.2342247673946499,-0.3922841359994173
company_4560,-0.029749316803929036,0.11909258813554897,-0.34041904540255075,-0.32107328091988124,0.8236162314157358,-0.37350291336056923
company_3665,0.11237416544800133,0.16490887018285627,-0.07732905490709974,-0.8198790159451318,-0.6016657802807504,0.11756048619022585
company_4510,-0.2615078780739274,0.28304606327103027,-0.49006109263934444,-0.01277195603559251,1.2420101060027997,-0.3638863574258725
company_2984,0.3761927991619163,-0.446277960144222,0.2108611946472207,-0.767454787026001,-0.245435664707201,-0.3854106688126916
company_4737,-0.5988683452795208,1.2144430271053097,-0.7861203498598865,0.10237666399875277,0.8812642864284153,0.014049452558992658
company_6706,0.2911392487217244,-0.3431489901305642,0.06048704094275856,-0.7240614061419628,-0.3421648272394994,-0.2889184504972607
company_6808,0.03133987690785772,0.2654985906086746,-0.1552883551099819,-0.663157492359134,-0.6515468382498723,0.10476181436259675
company_3409,0.3448756187965191,-0.48505863054940845,0.09397393460004999,-0.6050085465589169,-0.28566440919167463,-0.2843476834320141
company_7218,0.3882351221896149,-0.44222352792877906,0.2054748956819433,-0.7840622615156041,-0.23508646232680971,-0.3928436826903076
company_6898,-0.17462554589216311,0.3261976136771614,-0.503250345657012,-0.16990960450581194,1.3202456117189858,-0.44271754915191014
company_6894,0.08898631495586225,0.18545450832015709,0.11526863221816701,-0.39944967888916766,-0.6615484063040773,0.5016913493376974
company_6131,0.35372414064654834,-0.4591715567962755,0.22417622339855078,-0.7327765743867003,-0.2631370121799626,-0.376346574749304
company_2968,0.40206045025535736,-0.4382265938509969,0.20112366366965803,-0.8012909937915508,-0.22415803931717007,-0.3965041529854067
company_7357,0.307149310467006,-0.4827578548329479,0.24912748957171713,-0.66376931508639,-0.3001937222503536,-0.35749773018705744
company_4533,-0.40903354844153506,0.8667826315419251,-0.5048072492077148,-0.08265043384932762,0.5060798333273383,-0.2566416534056106
company_3432,0.3102008846874938,-0.3005524222447838,0.13704016675437533,-0.6249983429710458,-0.3230181456294895,-0.2359249039263919
company_4395,-0.18822971824238616,0.3220417289428353,-0.498719263332956,-0.15269292714743243,1.3094683354385004,-0.4388849557084427
company_3080,0.40206045025535736,-0.4382265938509969,0.20112366366965803,-0.8012909937915508,-0.22415803931717007,-0.3965041529854067
company_4127,-0.2638531354343532,0.8188946945041076,-0.4829742409856718,-0.8267941215839223,-1.0188273106536163,0.47866514466149485
company_7230,0.37702546708110773,-0.4477756768775308,0.21184318509232197,-0.7671151478403994,-0.24439685799462954,-0.38651473291287114
company_4151,0.30932782609639126,-0.32093663087909285,0.10453300694395223,-0.5928392799984106,-0.3165914212131212,-0.25789942578271546
company_1256,0.389369202046558,-0.4432044471859698,0.20645337605192335,-0.784053078811867,-0.2342247673946499,-0.3922841359994173
company_2307,0.20723348470051706,-0.13662625913288515,0.029128556369818287,-0.7125293059788408,-0.4101347640902556,-0.2852119803182529
company_3185,0.36529061688411546,-0.44468010957656745,0.17606086129354687,-0.7305653421145081,-0.2623382661466177,-0.3448362620244208
company_6824,0.37608256191286354,-0.4476673179109175,0.21126938623994912,-0.7668199847516453,-0.24474388531151356,-0.3883578810261454
company_7587,0.389369202046558,-0.4432044471859698,0.20645337605192335,-0.784053078811867,-0.2342247673946499,-0.3922841359994173
company_4453,-0.30360438770917475,0.7858582280032409,-0.49441691683753014,-0.7982496633537277,-1.0138144972697551,0.3276917526028611
company_5488,-0.15936185399858177,0.7101218569566327,-0.2761037313107569,-0.5570545861927941,-0.8539675468876069,0.3293957884696535
company_3640,0.40206045025535736,-0.4382265938509969,0.20112366366965803,-0.8012909937915508,-0.22415803931717007,-0.3965041529854067
company_7026,0.40206045025535736,-0.4382265938509969,0.20112366366965803,-0.8012909937915508,-0.22415803931717007,-0.3965041529854067
company_6122,-0.4040516634089898,1.2120318320116454,-0.6852287667101967,-0.9338255550606782,-1.2761239157698931,0.9807815103735855
company_4003,0.10832458001235325,0.17374933222662065,-0.11068142954551557,-0.7885728672618855,-0.6202408942178977,0.1871760118889437
company_947,-0.1766101856418134,0.32791422237724505,-0.504962686304477,-0.16992567423735194,1.3187376455877062,-0.44369675586096813
company_7524,0.18892679723968056,-0.002816212038511358,0.012260734832489658,-0.786305301165656,-0.4817172834161205,-0.08402341458345126
company_3153,0.22051472300924466,-0.048346989520772335,0.056558384416267066,-0.7677438754069024,-0.456962609562169,-0.06234765945775602
company_3738,0.28616387588166636,-0.35951955412818426,0.08038054326593086,-0.759383556065512,-0.3136782753252916,-0.43443702471863205
company_4108,0.36329629830230964,-0.44263456742132323,0.1742315018878657,-0.7307187425177735,-0.2640210325068053,-0.3451956576382336
company_5479,0.36192223013200575,-0.44732781344285955,0.1361198622127011,-0.7050964642205226,-0.26594482999329155,-0.3376892452203645
company_3071,-1.589245841599373,1.1212573122588203,0.24916910433824688,3.011967352865884,-0.325938148017398,2.8772523886364896
company_2004,0.31982757457599337,-0.5004116549518557,0.11752452952581517,-0.5578336367029989,-0.31163341760275876,-0.24412626264771772
company_7080,0.23619516399904852,-0.5521959435455761,0.24138018701214495,-0.47803153953063826,-0.3637444307041884,-0.2755369218390986
company_3953,0.3544042621221755,-0.459883551596178,0.22480497196448998,-0.7327180928350555,-0.26255561494603524,-0.376252076294035
company_3955,0.3642966657160533,-0.46760311658661097,0.15521649808520427,-0.6867661637610942,-0.2633804986859217,-0.33045186680868616
company_7312,0.007449932250649516,0.1004983196667358,-0.29574963103201296,-0.37072067353355304,0.8662546155592161,-0.43146973753474527
company_7433,0.31834406102020046,-0.42536542454999315,0.13646632029349393,-0.6671862301568838,-0.31711311251043683,-0.26513297373140626
company_4799,-0.2326199392371464,0.29782842267811105,-0.47231112252622093,-0.08420856038659354,1.2734120294753832,-0.4164982465491228
company_5712,-0.19320525401900768,0.3318904612796303,-0.5048919031489316,-0.15510743834624918,1.3027913076832627,-0.4305355968760428
company_6839,-0.2447034972840492,0.454442725091157,-0.5797798926669425,0.036154404559041724,1.2203098232525655,-0.19184176530260644
company_4073,0.26042178169266766,-0.5060433599153379,0.2738898142713522,-0.5948355302480992,-0.3374545850601341,-0.33839549622403353
company_1589,-0.045292909087900714,0.08622115206408391,-0.31638726389166266,-0.2803498590363596,0.818483348791142,-0.38827647958682004
company_5820,0.32011420521172707,-0.3865601488819936,0.09170682177386309,-0.7159703041026644,-0.31056429848340217,-0.3103745210297736
company_7662,-1.1472106216547053,4.005424409457002,-1.2531059319491404,0.019906538084314626,-0.9529570500282983,3.285760863301535
company_3047,0.3649863321826816,-0.4539825989167636,0.2179609769116414,-0.7495872143375533,-0.25362072111164197,-0.38326871116896594
company_6947,0.3742548709039375,-0.44279226755411066,0.20857575485815133,-0.7682452316563219,-0.24785332759445342,-0.3828412016471553
company_3540,0.389369202046558,-0.4432044471859698,0.20645337605192335,-0.784053078811867,-0.2342247673946499,-0.3922841359994173
company_6964,-0.5694805015685371,3.181453369763272,0.03553566849894893,0.636878332451318,-1.4131405687026477,2.0212989822210043
company_7492,0.3774099856280332,-0.441143635078825,0.17089403007434234,-0.746978955967723,-0.2516947765562944,-0.3531106142409179
company_6649,0.20807528940071232,-0.09143473090398611,-0.00288944818710246,-0.6880498465160396,-0.4549491904505474,-0.09254394730338998
company_729,-0.031634683743827496,0.30516054160894973,-0.14850502031345458,-0.7245760471080045,-0.666241312609521,-0.07758763525363555
company_7229,0.3786531429219344,-0.4498907348938831,0.21348727507857052,-0.7667991706231745,-0.2427907101319514,-0.3870895751934607
company_5695,-0.7088068749267936,1.5320004656616346,-0.891708390020767,-0.9013753901395531,-1.4626188832362599,0.6828011302904842
company_4785,0.3010707912635463,-0.3608388412943267,0.08301165500515345,-0.7095755861545742,-0.3386233346911869,-0.2601791280754166
company_5270,-0.1910265096735389,0.3348013119241433,-0.5544286601241163,-0.14453722231091137,1.3067476700540748,-0.4420418015725641
company_4965,0.08227239020461588,0.15555655443697536,-0.08900840851005654,-0.6345343232863242,-0.5784305913478547,0.0015143503562074832
company_919,-0.12403438490498753,0.5611393007822213,-0.35717415502004785,-0.9144023448637968,-0.8726962491511058,0.3329564362581318
company_4371,0.30797170626515397,-0.3445901722113086,0.1833119727788755,-0.5738076427964114,-0.3269751543425558,-0.20187845736185814
company_2347,-0.18903215266440665,0.8718664166788802,-0.07730252951253212,0.6666694982912696,0.650235410200247,0.3472604185725687
company_4506,0.37465210449681385,-0.44641879991645306,0.21003137937836508,-0.7668363831101684,-0.245836648716818,-0.38904174291494875
company_6225,-0.19536289309239252,0.342193388747421,-0.5485334378056731,-0.13562210747347714,1.2927928805696212,-0.3955175929150931
company_3193,-0.2094083444452965,0.2915558814689425,-0.5456747178087933,-0.054210246273837255,1.2846916233278318,-0.38042948789722725
company_1950,0.36973836843577257,-0.4550073082439858,0.18209507863959304,-0.7277547851987409,-0.2555738742668603,-0.35526773652612526
company_5277,0.40206045025535736,-0.4382265938509969,0.20112366366965803,-0.8012909937915508,-0.22415803931717007,-0.3965041529854067
company_3060,0.40285077245082207,1.289387994274403,3.4122056657188886,12.745258583237526,-0.30295878640731033,6.83439471686619
company_2609,0.3378431096016879,-0.3946787054320126,0.14347705406288527,-0.7420314390449453,-0.2969107503275574,-0.3072118725192364
company_7407,0.3742486069069197,-0.4427798196635899,0.20856796723428633,-0.7682482922951296,-0.24786175915868738,-0.38283059518369483
company_5157,-0.13688073281167012,0.37547916115622,-0.4751857878454784,-0.21109527739338937,0.6755582950137955,-0.09803306950389613
company_157,0.2830273652475772,-0.17930428625370884,0.14742924493257692,-0.7238082575706111,-0.3780600521344545,-0.1397433499035792
company_2593,0.3882351221896149,-0.44222352792877906,0.2054748956819433,-0.7840622615156041,-0.23508646232680971,-0.3928436826903076
company_3069,0.11164224816289063,-0.05967973404353756,0.04591051141366054,-0.6307753704577934,-0.4227774444533914,-0.5178632265088076
company_4105,-0.3871451894933311,0.8729286477078304,-0.47420311702213563,-0.7251955457871484,-1.0280337392814358,0.1410199095851073
company_147,0.3525493980181216,-0.4559424653548952,0.22241246956590996,-0.7337336088078881,-0.265185568871404,-0.3726143453571581
company_19,0.3770041476232681,-0.44773755305321555,0.21181811814426665,-0.7671237482380736,-0.24442333869092506,-0.3864868999708183
company_7455,0.292909969170517,-0.2766152033476684,0.10820594543767327,-0.6394931855476867,-0.33208973575005896,-0.26852539788270197
company_4739,0.05845742390610792,0.18473587774884948,-0.0563667712381703,-0.7056498009290919,-0.5755878324091835,-0.11594387821228537
company_343,-0.4964350040393619,1.1028356008172595,-0.7437712730457516,0.07502194275532707,0.879088136874363,0.36034934475530134
company_5323,0.0897861668107477,-0.1044695739551984,-0.02061976798244644,-0.7173777908369752,-0.4503970548587309,-0.5396494085894982
company_7277,-0.3147070216388607,0.15911433062474872,-0.5361913750752949,0.24660577805342734,1.1957309511314274,-0.2685616268168948
company_1153,0.40206045025535736,-0.4382265938509969,0.20112366366965803,-0.8012909937915508,-0.22415803931717007,-0.3965041529854067
company_7244,-0.2285166621118665,0.3629621889233245,-0.5527157883236148,-0.1114862689965286,1.2542167753131566,-0.3441445595018922
company_1704,0.15816961505046057,0.13528803157571156,0.08645512114646366,-0.6069010258681293,-0.47476239118729,-0.10814906601342782
company_1929,0.1769855232034248,-0.7178244029305315,0.12181444791934713,-0.09775049535991966,-0.4282244068490491,-0.0909094150925857
company_6141,-0.2037411028070097,0.306566095876884,-0.5194861378009504,-0.09631432340577707,1.2913065466215108,-0.4000497246125635
company_1724,0.36828248159969185,-0.43310766956861324,0.20189096100289716,-0.7702283662711261,-0.2547516619717828,-0.37698345579858167
company_7232,0.3728588803720619,-0.44428287099164926,0.20828592025780177,-0.7671013281916678,-0.24750468934331957,-0.3887869100266569
company_686,0.40206045025535736,-0.4382265938509969,0.20112366366965803,-0.8012909937915508,-0.22415803931717007,-0.3965041529854067
company_7477,-0.22026760160159092,0.32111006148470805,-0.49490973446227987,-0.11966999650663392,1.2825712178328212,-0.4273622410333611
company_5828,0.29573297619442684,-0.46309956936777225,0.13007203408028623,-0.5881962779482489,-0.3345927815421067,-0.24356545670681348
company_462,0.3616773784583332,-0.4623062941238776,0.1519290068012802,-0.6880852492951152,-0.2669540753405624,-0.3258380257739171
company_3156,0.3624259563909818,-0.44700457339687066,0.21413712633012918,-0.7516474668786565,-0.25805433206229034,-0.3752508446922117
company_5510,-0.18517794239060814,0.32016132906105566,-0.496343572494068,-0.15299328800013712,1.311390548590712,-0.4358999479084153
company_1042,-0.16080021782642068,0.33019454775494356,-0.5076015776692973,-0.18713833678175862,1.3311740347286254,-0.4463780194470092
company_2887,-0.16080021782642068,0.33019454775494356,-0.5076015776692973,-0.18713833678175862,1.3311740347286254,-0.4463780194470092
company_3807,0.26637020782957826,-0.1827839317054723,0.08933014058152128,-0.7036787525000074,-0.37656727919984107,-0.20473802845776098
company_4575,0.2829692080420374,-0.5112150379622036,0.23869469590258116,-0.5881830419247672,-0.32300250615541687,-0.32127323173295297
company_2694,0.3075252645157235,-0.3904709186586137,0.10760409719870918,-0.6887170266515368,-0.32991477478607734,-0.2622835630628645
company_7570,0.37121640707854936,-0.45833001801574574,0.1840633216474656,-0.726867533027445,-0.2533829971441691,-0.358521592118865
company_3613,0.33610810623865267,-0.3875611580975459,0.14007602766151592,-0.7444504126565875,-0.30116301642940047,-0.2971239485889586
company_282,-0.32098489150861353,0.647593330725537,-0.6040053590698848,0.17044536481623568,1.0924639791764132,0.13269260233212407
company_2666,0.3882351221896149,-0.44222352792877906,0.2054748956819433,-0.7840622615156041,-0.23508646232680971,-0.3928436826903076
company_5354,0.37220854950377075,-0.45870592024472906,0.1847558604141882,-0.7270659800348485,-0.2528810524294208,-0.3570924570617762
company_4341,-0.31598664387885556,0.22296896838122415,-0.47441962750415045,0.11885607238083,1.2001121022214594,-0.33057439331629096
company_4591,0.021370061655321432,0.2878689543907416,-0.043187773118725736,-0.6226760337717814,-0.5965991948314414,-0.10889912311857308
company_5226,-1.3191168729241394,2.1880553419203563,-1.5201238215806285,-1.0643817003136682,-2.046334648223399,0.7860735155071387
company_3951,-0.3137891936019263,0.837055955401093,-0.40936923844049916,0.23025541779091785,1.231952441663751,-0.3160460735400315
company_6734,-0.26949640412635917,0.5208123097161863,-0.5603024800310372,-0.05053027221833673,1.2034249591293598,-0.23896863160987283
company_6155,0.3803178271883313,-0.43537548536451665,0.19864387959902022,-0.784126368266069,-0.24110217007195026,-0.39675001802608545
company_4637,-0.27153651508102455,0.9249261072401735,-0.04135386638476277,1.4124456063378772,1.2808118892884344,0.2468318829227111
company_7463,0.34845499389199297,-0.4518962775527129,0.2187087268833787,-0.733982873588422,-0.2685602272716281,-0.3736510444585484
company_2624,0.36273172742307846,-0.4158009915151699,0.15394253812893213,-0.7525126506860318,-0.26945363100292563,-0.33571172371510705
company_7240,0.8056363933035099,-1.0332721329080365,0.7520162549765217,-1.2367653749705345,-1.4347216701540972,-0.34830067325872316
company_7329,0.40206045025535736,-0.4382265938509969,0.20112366366965803,-0.8012909937915508,-0.22415803931717007,-0.3965041529854067
company_1682,-0.1896889431739856,0.7140394776407794,-0.5133709487552016,-0.8993461895455543,-0.9894483831954243,0.5686874323305662
company_4618,0.2251834865109944,-0.0678212699423361,0.10703508684584417,-0.6137757017465086,-0.4137783660049385,-0.14200657116611454
company_2795,-0.589715176338778,1.1187596144105059,-0.6036542328364936,-0.6433750850984735,-1.174554204538437,0.06556753179020525
company_6635,0.32692335733731304,-0.26091185531157296,0.18922510225971795,-0.7152772196519914,-0.3131538334416638,-0.24468274739668092
company_839,-0.18958411453598928,0.2972332411906744,-0.5969696924873126,-0.06172575657468888,1.3013957767223001,-0.3896706884358444
company_1930,0.40206045025535736,-0.4382265938509969,0.20112366366965803,-0.8012909937915508,-0.22415803931717007,-0.3965041529854067
company_4895,-0.2960588637681997,0.6221649258229376,-0.6206608516451779,-0.09481290235778529,1.1510595405832562,-0.14093160489196724
company_1462,0.20066658016270822,-0.009442791492180509,0.06240972574333664,-0.6403994303096499,-0.4430661051451212,-0.12324431114900823
company_3806,0.389369202046558,-0.4432044471859698,0.20645337605192335,-0.784053078811867,-0.2342247673946499,-0.3922841359994173
company_4118,-0.17462554589216311,0.3261976136771614,-0.503250345657012,-0.16990960450581194,1.3202456117189858,-0.44271754915191014
company_248,-0.01822927765148411,0.09104951765104409,-0.28543104690112553,-0.3363543991914854,0.8457649855469385,-0.42268848399848336
company_3966,0.3882351221896149,-0.44222352792877906,0.2054748956819433,-0.7840622615156041,-0.23508646232680971,-0.3928436826903076
company_7664,-0.09455418479331679,0.6123614937800989,-0.01142279375524871,-0.37852828844302405,-0.6689533015141317,-0.06851415752898471
company_5368,0.27493994504675795,-0.5341582989022956,0.18580104098273492,-0.5082023444893645,-0.33891107883958227,-0.26104254288761203
company_7540,0.306920201175503,-0.31435870152099926,0.08776491816103368,-0.7757291781283434,-0.3396328117539738,-0.2596550140736463
company_6551,0.3499263066284393,-0.4460881183709035,0.13973792265499327,-0.6907725404908233,-0.2790451385535717,-0.31983999864424134
company_2788,0.3194617254690929,-0.6275873600371278,-0.007865935473456319,-0.30150309302627054,-0.3215753943110768,-0.12543391831660738
company_5681,0.24498887730624927,-0.10012148648485529,0.09034552393073624,-0.5840052274185212,-0.3947580876953638,-0.14214694265209668
company_1407,0.283742171872215,-0.17229347760385333,0.1237177348918237,-0.7480875632292346,-0.363986259116502,-0.20766393376799822
company_7164,0.3373376189912787,-0.4585349204677795,0.22549789066869555,-0.7166039923294697,-0.2772746673034287,-0.369237985254722
company_3579,0.3154353248472722,-0.5533129285072104,0.15469792052935408,-0.5125736696222423,-0.30286893164830037,-0.2736311554238269
company_4485,-3.1759343878162314,5.517179004128677,-3.753791396608183,-0.953694498505128,-2.191618496343701,2.8348726019621098
company_1997,0.3686987878891928,-0.43279850954444316,0.20202328064130928,-0.770511539696415,-0.25478492512034445,-0.37547409191107534
company_5018,0.362536811050158,-0.46714188581463173,0.19297771724883614,-0.7094412216919929,-0.26021138454614723,-0.35303176376136836
company_3566,0.3723570243557395,-0.4603941255877989,0.14649275573990256,-0.703281871765414,-0.2559055777867052,-0.34041387217143765
company_3039,-0.20268310449295285,0.6331087451075351,-0.27696794620078846,-0.6788241239805014,-0.854704734252765,0.11720214869588402
company_1464,0.13994409963780824,-0.4156945906591484,0.5225952842228868,0.5735812601120738,-0.41932790942043546,0.15415234353328858
company_2655,0.40206045025535736,-0.4382265938509969,0.20112366366965803,-0.8012909937915508,-0.22415803931717007,-0.3965041529854067
company_2507,0.4141179739066026,-0.14016488882119887,0.6309738880113657,-0.8056640896889905,-1.747369909703859,-0.18131654919330004
company_356,0.1929135318396726,-0.13594141692327782,0.205574907988908,-0.2532567195215884,-0.46956000774003875,0.14119114303115718
company_2939,0.34086042886087686,-0.46442343601721375,0.2295005954582037,-0.715358858735974,-0.2731137230931027,-0.3730362138642593
company_4193,0.37974311441335495,-0.4482512895914277,0.1746323870342336,-0.7447808832206454,-0.24726344837754502,-0.361876146944409
company_3797,0.30802352640530273,-0.30519971220767494,0.07040646594301397,-0.5654803836350978,-0.3379233327453543,-0.16886569543730243
company_3288,-1.0135170358199224,-1.3224473712377216,0.835366941520303,1.6180931225338442,-1.364485336516401,0.33806920662369605
company_2936,0.3167857071713756,-0.4288667305153474,0.13676561791754152,-0.6651226061739,-0.3157641896460157,-0.2753500955297627
company_5676,0.3331142942451844,-0.36147210550945935,0.11865578852339768,-0.7650455753471916,-0.3069549463287136,-0.29438315985843766
company_2057,0.40206045025535736,-0.4382265938509969,0.20112366366965803,-0.8012909937915508,-0.22415803931717007,-0.3965041529854067
company_2120,0.34283617627009433,-0.41629006168607646,0.11472715310551355,-0.7114719053708025,-0.2880361878909418,-0.3187970524381709
company_6491,0.38783583157331625,-0.44187816260697654,0.20513038905167952,-0.7840654945925449,-0.23538985075084093,-0.3930406897543919
company_171,-0.20591807834307777,0.7254143982905384,-0.5049222246329824,0.1711999664976241,0.5272424105558612,0.46363590317313547
company_3026,0.23629610042607663,0.08588939602216415,0.2862301565110235,-0.3866572365075026,-0.3363275615914052,-0.2603864457830492
company_1290,0.31821183655468616,-0.4830185285355999,0.1776769967793126,-0.6214348637408263,-0.30455436110113776,-0.29461521704568056
company_1269,0.37932569749173867,-0.5228227961171131,0.07660700010767874,-0.5887128210804368,-0.2505214246295607,-0.3047971158148418
company_6439,0.305737542478056,-0.3656175531251365,0.07641869575531945,-0.7197293165399864,-0.3259318844002622,-0.3008916624951305
company_7571,0.35016243301461486,-0.4554961411106685,0.2209015862304908,-0.7330600528578293,-0.26615392029945956,-0.3769451227608656
company_540,-0.02001813450500298,0.09426708004191615,-0.28754068362949725,-0.3370840403887047,0.8435332967279362,-0.42031666815337293
company_4600,0.3381709766048057,-0.4192955980352809,0.16287975647929567,-0.7211008862687215,-0.2927089482603514,-0.31289249191119767
company_5796,0.13613867110359937,0.2621308563932883,0.052649930168378684,-0.6322111665407615,-0.5653205113621386,0.1741328476855809
company_2261,0.40206045025535736,-0.4382265938509969,0.20112366366965803,-0.8012909937915508,-0.22415803931717007,-0.3965041529854067
company_2093,-0.2438449904867641,0.4058311522053303,-0.6257698195400211,-0.11168282234936046,1.2319085564023473,-0.3159379554736535
company_4790,-0.23928860737438012,0.3208311708058988,-0.5617471786690925,-0.04541166399383823,1.2514382817992455,-0.34691935441541494
company_3838,-0.030225556117431385,-0.6523413487612529,0.42971045177786854,-0.16417947226887533,-0.5695049898396224,-0.21744478994342165
company_3625,0.14154308047843558,0.08240854063721713,-0.04361890267268437,-0.8056309911955278,-0.5408293380350211,-0.021203769082189326
company_6271,0.37162895039932514,-0.4380703744082929,0.20547938183451572,-0.769315751599172,-0.251128631909941,-0.37936201169429923
company_979,0.40206045025535736,-0.4382265938509969,0.20112366366965803,-0.8012909937915508,-0.22415803931717007,-0.3965041529854067
company_4205,0.36184317698672286,-0.4919440432626127,0.09510150339632152,-0.6187161162263747,-0.2680837274293702,-0.3023655817894338
company_2329,-0.22298806530494808,0.8822261745376829,-0.41190216742041413,-0.7550163448319235,-0.9950379719121163,0.5779923400007085
company_3885,-0.038006241239698674,-0.9488637648011394,0.18290325657304285,0.42373404251495017,-0.5997577014025702,0.06676720460088942
company_5077,0.08040943580089176,0.05150487045523959,-0.16298154145226146,-0.679890336407815,-0.5728886394829898,-0.07253555987589454
company_2969,-0.25772358032439396,0.8670958378197242,-0.49582273374473257,-0.849652381000138,-1.0421172979061597,0.5859351106486397
company_3198,0.3882351221896149,-0.44222352792877906,0.2054748956819433,-0.7840622615156041,-0.23508646232680971,-0.3928436826903076
company_4951,0.33824121337555735,-0.3717526546203208,0.12506103670271865,-0.7625010138606614,-0.30000573039436557,-0.3032440620072145
company_7666,0.2866383165681274,-0.10947984275649632,0.2643455644519863,-0.5276187044873989,-0.32485328606818625,-0.22202950762065882
company_5915,0.3221331724633376,-0.4641994323959762,0.2015799518819577,-0.6645373210419141,-0.3004667739967087,-0.3106179277585546
company_6505,0.3671064943205335,-0.45373755241125724,0.18016556162580835,-0.7273450752345952,-0.2570477816657998,-0.3585277048801447
company_2431,-0.045564303004132,0.1839039893684713,-0.056940407701566886,-0.5644251909188057,-0.5541515900650479,-0.49886235523913935
company_7116,0.26816497894025126,-0.16359428432314202,0.20976299498903783,-0.3758654467991648,-0.357922123843338,-0.10093608077873127
company_207,-0.012357667060467458,0.10167573467063444,-0.29655988297137237,-0.35354038001981974,0.8507807517824336,-0.43076087603409247
company_601,0.1760727308641648,-0.5895666419744751,0.24610980771567,-0.3540811585388602,-0.4192414806383239,-0.21027920179389442
company_2179,0.305398387839584,-0.3670116298926605,0.09442910076616352,-0.4729116577737639,-0.34542789208722013,-0.10909996787620908
company_1194,0.36217319508563284,-0.4306607118901861,0.19758169487695584,-0.7690630302156433,-0.2579115666740338,-0.3855258719357013
company_619,0.25803604076579,-0.3374346430958216,0.04517182222473714,-0.5992929173149708,-0.10142478387422166,-0.30764573904148945
company_5621,0.40206045025535736,-0.4382265938509969,0.20112366366965803,-0.8012909937915508,-0.22415803931717007,-0.3965041529854067
company_6238,0.13628537179711556,0.23414104553303067,0.16813824531610275,-0.42441431696737647,-0.4358137064348493,-0.23099005426801889
company_3628,0.3260531463111516,-0.43137580477525167,0.09310379702662736,-0.6547995963995864,-0.3067933181272235,-0.281972646303581
company_2143,0.3203285264552338,-0.4143544582175805,0.034282044812219276,-0.6474080383912248,-0.31264192940731433,-0.28320458113050645
company_1184,0.3250307548114691,-0.45383809072773384,0.18884694020861018,-0.6805325794650591,-0.29622868501559785,-0.3256858224754262
company_46,0.38811226353844613,-0.44211726167591675,0.20536889364186214,-0.784063256308509,-0.235179812611127,-0.3929043002484874
company_5410,0.3727450352674498,-0.4400761487482205,0.20679503022820092,-0.7688612466049974,-0.24973714458129395,-0.3808385105046267
company_3326,0.28805400897657146,-0.3611544195568354,0.08201134388256426,-0.7593682515592834,-0.31224211710502525,-0.4335044469004816
company_377,0.2628879515167077,-0.11588164192201256,0.1619810402307326,-0.6509898445057752,-0.3555926924738787,-0.2562848215732472
company_5170,0.304562718198359,-0.4965043807241326,0.22426522539506846,-0.6233222364556774,-0.30651985975453605,-0.32870359887169176
company_4202,0.36722619971263193,-0.4289144658419409,0.16094789227368203,-0.7485260411487288,-0.2612194320335813,-0.351470223529049
company_3088,0.328005583093643,-0.4683374680013995,0.23437649790412193,-0.6985171697735771,-0.2837865302978654,-0.3670998586470916
company_2018,0.2706801572405422,-0.1457540729769241,0.31789675922309824,-0.2286809436322347,-0.35721401375892997,-0.007520559603826818
company_742,0.30097246250591814,-0.2995276354549,0.09251642565550448,-0.598979144196495,-0.3303480014901774,-0.23438942449509406
company_1502,0.40206045025535736,-0.4382265938509969,0.20112366366965803,-0.8012909937915508,-0.22415803931717007,-0.3965041529854067
company_3777,0.3274254252013051,-0.5262775583591148,0.13062049805569784,-0.5495110931047776,-0.295782085532408,-0.27797052726612476
company_7410,0.33877274007528296,-0.4574296560691211,0.2259406403728839,-0.7175970830071379,-0.277409970284805,-0.36395782383187325
company_7488,0.34158806900881294,-0.4187179933260006,0.16463028266661636,-0.7225860031311276,-0.29195815686622556,-0.3043223743246437
company_3015,0.25299540016284167,-0.534516561817989,0.1173252950179136,-0.43285100411429894,-0.3709030388013873,-0.18712372338112276
company_2164,0.3637321668210004,-0.45178568762545046,0.2165018858303302,-0.7500735385494366,-0.25515457960562055,-0.38172063011070456
company_208,0.001620543315689253,0.46354906134505,0.2179486430309782,-0.16889618646550575,-0.696917995468862,0.4942488694654999
company_5407,0.2835387518382334,-0.3389511904929926,0.0656059029754919,-0.712596230425368,-0.3554564648174561,-0.2557294265794955
company_6897,0.2482363348354551,-0.14603244155355347,0.12493659689568949,-0.6096579514058577,-0.34830832681441315,-0.32730757651549536
company_2871,0.2998954750326566,-0.21336253427238142,0.14282947764567488,-0.5112754408238436,-0.3401623598150053,-0.14038175245438037
company_1324,-0.428967825968681,1.0971658204989942,-0.6713530338813225,-0.886127987107407,-1.2150400312694059,0.661122200346271
company_5647,0.2774750831679641,-0.14533072981669862,0.04232383314362759,-0.305106737318787,-0.37164501852195037,-0.008058745679104397
company_4429,0.3284363630967371,-0.4808442900599653,0.016212827740079344,-0.5441185646309865,-0.3095913172393958,-0.2310942844335957
company_851,-0.2109577006038632,0.646269736550622,-0.26666874979821525,-0.5551591335285792,-0.8150385609385911,-0.010206915046979785
company_2580,0.2804480593614395,-0.23299445276022757,0.10405172453097407,-0.4075578050019611,-0.3788332769169334,-0.015437695296187128
company_487,0.24411714168670354,-0.5227829530027653,0.2530995846378403,-0.5376283980350052,-0.3552004738155702,-0.303751219790579
company_288,-0.4144334835155595,0.2527418922653841,-0.09154692723231637,0.9768656965842883,0.43977285319401777,0.46949065740432433
company_1956,-0.3174789621544106,1.604711477719203,-0.008291108720413259,1.483531208352495,1.1491602204083695,0.7301384029736516
company_3495,0.389369202046558,-0.4432044471859698,0.20645337605192335,-0.784053078811867,-0.2342247673946499,-0.3922841359994173
company_6791,0.14154131320958405,-0.560359324160574,0.33330001735395803,-0.4234231450162752,-0.4332777759590765,-0.2875370328502575
company_5852,0.2976705980798833,-0.3919240696811341,0.11335464210940731,-0.6740157787515894,-0.3409489377347543,-0.24501600595353992
company_2758,0.33026792894452295,-0.4571054066230572,0.19293755783804187,-0.6810307552269714,-0.29290888538259385,-0.3206418447020399
company_4876,-0.26188315587602506,0.6481046448262736,-0.29629721929854497,-0.5374975186008757,-0.8316826635386707,-0.11758134956974682
company_4631,0.3532451210039153,-0.4725367267792792,0.08362524105372907,-0.6239110250323245,-0.2808694788743663,-0.2832844225315154
company_3590,-0.3375852464851997,1.030583510077128,-0.31967287574425757,-0.43593495299493173,-0.9749787577173751,0.27808451166466325
company_1764,0.40206045025535736,-0.4382265938509969,0.20112366366965803,-0.8012909937915508,-0.22415803931717007,-0.3965041529854067
company_6166,0.3685765295811216,-0.4252543196967105,0.16047626144723345,-0.7505823197560368,-0.2627153991917326,-0.34139683045925184
company_7575,-0.5279648504425148,0.27085608675278805,-0.4025476129929147,0.5452528298072815,0.9710286246875188,0.058467010588146365
company_7553,0.33674054055328945,-0.4775889072427849,0.2035680136944101,-0.6746051438801272,-0.280215648719549,-0.3464504893892983
company_852,0.298826778753071,-0.292001299148387,0.21236277049453398,-0.43518097502192377,-0.3344458854048338,-0.12965512277737498
company_2615,0.352464642692598,-0.4516785105486734,0.18199878516558277,-0.7124135026733527,-0.27139105437709754,-0.3448466282517297
company_502,-1.0293000520610942,1.753794193320008,-1.2078370051639626,-0.9834310063999793,-1.7302305215140372,0.5713679318233885
company_5208,0.3774004274395656,-0.44850913586569263,0.21230539420465716,-0.7669369344870023,-0.24389824208600383,-0.3871268999082679
company_241,0.37671996031586613,-0.4399028640832675,0.1700803894903842,-0.7472602517096488,-0.25255543157066807,-0.3521964157237595
company_3208,0.10464677944533143,0.30003859390154114,0.09342275360340864,-0.3529009946486988,-0.5229161330681893,0.034040171837209775
company_4,-0.014672103550939704,-0.6348585016916727,0.41776087493887104,0.03727094588510417,-0.5676926863682549,-0.07895515211012684
company_7639,0.26646851344036865,-0.19976931881217327,0.1083109177771973,-0.5154962501627722,-0.3488008299895374,-0.22829169761896095
company_1772,-0.5102451073196245,0.12110228317406446,-0.36572723353487646,0.411497954541663,1.0446047527896003,-0.24560537687073974
company_5558,-0.25037932044452915,-0.9036525189471327,0.43863315857636387,0.43510331085237974,-0.7574591450898663,0.011914420800704673
company_4228,-0.1237193173503412,0.5395037406423254,-0.37770935313228465,-0.871628581401978,-0.8740077890424226,0.3527012244820685
company_992,-0.1766101856418134,0.32791422237724505,-0.504962686304477,-0.16992567423735194,1.3187376455877062,-0.44369675586096813
company_5305,-0.20738439581185975,0.3267935847120631,-0.5003693268877821,-0.13727958713904054,1.2923284630331813,-0.4297891104184561
company_1790,0.3360152762894173,-0.38436241763667994,0.13893880539123232,-0.7457863643283686,-0.3028624774925699,-0.29109372831832336
company_6232,0.35284956032594245,-0.47181104567854326,0.16099385918304138,-0.6703085795945635,-0.2734661876915524,-0.32202114732294684
company_3767,-0.9235499165600852,1.5901159934282532,-1.1310375125813097,-0.9285421510599258,-1.6161127112778704,0.5024940116807755
company_1369,0.33893103846332673,-0.500734696603137,0.1456930289021434,-0.6087490476138899,-0.2841127576916386,-0.3059178849620973
company_1027,-0.3077922157972167,0.5402251307829161,-0.45420515978714343,0.1317828986342165,1.1732256182682717,-0.14826470596306193
company_5659,0.7192710817579907,-0.9211112100668173,0.5978331796898868,-1.1967639583737921,-1.536572728697597,-0.23706837568067612
company_6862,0.10405847022881279,0.47030546905907517,0.07484159130018322,-0.1584731278533978,-0.6496720521733127,0.6428932364737104
company_3562,-0.29620516302236916,0.23288073259656894,-0.504298594237162,0.9867451678510891,1.208127297841372,0.09713312818636213
company_4280,0.336155058438351,-0.4611637846041064,0.1198266207410824,-0.6351955347953735,-0.29687986851484477,-0.2764342900438265
company_402,-1.2503097552588531,5.04654426147033,0.7160210328950235,3.548838750567269,0.05641868815514004,0.964896821008535
company_7002,-0.16080021782642068,0.33019454775494356,-0.5076015776692973,-0.18713833678175862,1.3311740347286254,-0.4463780194470092
company_6320,0.19289150089507384,0.00804751150546894,0.021707283375189845,-0.7818836011065166,-0.494928662660891,-0.012649704344043267
company_975,-0.2146426381762394,0.30345674900119235,-0.5137704380400413,-0.08052473761199565,1.280815052974676,-0.388289898614889
company_5669,0.37750889141273136,-0.4486451306623912,0.212413274970971,-0.766917996735172,-0.24379379676734028,-0.38715556702084974
company_585,-0.031108509016748363,0.08886342878214785,-0.2811547931414129,-0.32024371598881146,0.8341820728170753,-0.41343851096560447
company_515,-0.3464446468888629,0.4883807920542439,-0.3827897858027163,0.05819111126493802,0.35060483520691627,0.6214613045241706
company_3973,0.31066802594349224,-0.47896913882556047,0.0861454214360119,-0.12404725304631894,-0.3221053568163796,-0.0396539687228496
company_1584,0.31142724464275434,-0.45950313848741275,-0.000709816686577934,-0.5470946418701844,-0.32597791665827364,-0.22657011834977875
company_2412,-0.33991229355921204,0.4635796617389935,-0.6828868246963279,-0.14574275826653327,1.193621487043697,-0.5155009563082774
company_6328,0.30332073733056014,-0.3796951183442493,0.051765359725784055,-0.6792020032589912,-0.3320328064468551,-0.27237262278897345
company_3181,0.8071412722782828,-1.035542489034815,0.7536430463544674,-1.2363384230629577,-1.4330722248868824,-0.3494456337543073
company_6087,0.3795396242061511,-0.44497370551680615,0.17340540682021993,-0.7461105071089521,-0.2490381782082007,-0.3559333986109859
company_5832,-0.046892370106192516,-0.7507423245606593,0.3631206975559362,0.039505564840195836,-0.591594200867187,-0.11749062947865159
company_6506,0.16409188584609538,-0.45757613485540055,0.36969556225812755,-0.3724121400628284,-0.42697932701914537,-0.19281174897186873
company_7036,-0.26409916684196155,0.6390970946049596,-0.5528652524154326,-0.37875587826400153,0.5368020726105543,-0.045203233759065174
company_5358,0.3414964798385102,-0.4765881738790973,0.16701772956596217,-0.6536413457320205,-0.28322559365855193,-0.31449461355308245
company_5848,0.3766846853565087,-0.4471631688304216,0.21144144507481608,-0.7672539555019511,-0.2448217675237209,-0.3860637643879137
company_7650,0.3845682639854991,-0.4390518889971959,0.20231114248567453,-0.7840919522576875,-0.23787260927412637,-0.39465288365751955
company_967,-0.2035806862412051,0.17194410263548007,-0.18609722766423586,-0.03251214455081751,0.6593348818061425,-0.15845749963368333
company_5037,0.3496948231984896,-0.45426356536362805,0.22021740862737085,-0.7334184075649952,-0.26694178794071755,-0.3755623227372324
company_2317,-0.1334680971126304,0.9735140040399366,0.017422958487141316,-0.08970582789770566,-0.7796723912791391,0.4166439698923768
company_1115,0.3394937642562069,-0.4990163008344647,0.18435098952523993,-0.6328037078093902,-0.280884944262137,-0.3209881773015177
company_2755,0.320400531227049,-0.493918853806526,0.14369880912827723,-0.5944455276253228,-0.3021385060215827,-0.2914406825101464
company_3349,0.3585287200395035,-0.4588551355160324,0.11004569611064156,-0.6653072656948811,-0.2736787130742624,-0.30632919450044527
company_4573,-0.23110792312733874,0.29577403699277777,-0.47075347819550484,-0.08387666412641671,1.274950860479705,-0.4172068581060883
company_5443,0.17762736877741267,-0.5636917080409503,0.2943217899666725,-0.4329717161377503,-0.406858533195579,-0.27890383238011957
company_4004,0.3531948650986427,-0.5015681970619137,0.07626013729710152,-0.5673289738343796,-0.2871881414259933,-0.23717690776995173
company_7447,0.022519835738331634,0.46694828653523573,0.10455490532624126,-0.3586768393514777,-0.5569362625327346,-0.09677379529656462
company_4530,-0.9641211542537399,1.9710512036080783,-1.4000480888846862,-0.3271678031082337,0.293736773398165,0.8771012347728806
company_6525,0.389369202046558,-0.4432044471859698,0.20645337605192335,-0.784053078811867,-0.2342247673946499,-0.3922841359994173
company_1304,0.09491969773655358,0.3288990497320183,0.13419675283667773,-0.4289831450539848,-0.5155675801774537,-0.05334653732777179
company_6969,-1.9093430642311178,4.495818279878876,-2.8006165590016177,-1.0111361161300867,-1.3464453392732216,3.8814166086172732
company_3222,-0.3078457198801146,0.9109850968238493,-0.5564276523730618,-0.8061541448342602,-1.101948971100736,0.6650323387255871
company_6104,0.33503861582941674,-0.44125756827637347,0.14049160027155475,-0.6769385689807847,-0.2949118353614555,-0.3012944824394482
company_738,0.36224290877994464,-0.464879946835985,0.19204353516074554,-0.7103032342710685,-0.2614834381391247,-0.3492648887429147
company_6499,0.1190136420733455,-0.6957141647956863,0.166552242930013,0.393372563357378,-0.5026750070870177,0.23828721483654472
company_6276,-0.19646606214078532,-1.047820575154232,0.25033764049629104,0.7042587695041955,-0.7321949907348918,0.17190573905975995
company_2233,0.2590780864518564,-0.5239074511021735,0.2511313093245111,-0.5530756949165917,-0.3412470774614669,-0.31491622211458703
company_2672,-0.2360644137685482,0.2874826140716456,-0.49881484095561895,-0.04490677940025412,1.2650452828750345,-0.3829471547874141
company_5438,0.3626861583813521,-0.44124496730677876,0.17341291105350407,-0.7310926989093375,-0.26493482307049193,-0.34381743497017025
company_5429,0.29639656245395396,-0.12494064533027152,0.22134278951806619,-0.2868487502644081,-0.3115698885959068,-0.14070908311447086
company_6684,-2.0818112565155307,2.3943418433329424,-1.8275504757433814,-0.5458457409759002,-2.2473984839288694,-0.8545211137823832
company_2851,0.267728255036124,-0.13140206589993944,0.1917413577836828,-0.6250793315717732,-0.3635104324628866,-0.19284174490432646
company_5678,-0.2251240978826201,0.29308635676269595,-0.5053540322108727,-0.061778418021638255,1.2742457688258686,-0.3897623790646678
company_7434,0.32951191192215706,-0.42644283374399544,0.1323215872805839,-0.6812796772245103,-0.30435263032404475,-0.28447011466755245
company_1178,0.3466768717946128,-0.421293604081082,0.11861092239818753,-0.7107208344586374,-0.2842395986517226,-0.32017842143676095
company_166,-0.24953923394601768,0.21764803925005793,-0.5560923452275645,0.10125726731182537,1.2504853562105538,-0.3231618562148465
company_6535,0.35986227790533915,-0.44609889926280305,0.21236987342564376,-0.7511065742507992,-0.25931705562171137,-0.3790716188203192
company_6526,-0.3344347491731176,0.7020332460601336,-0.5957650818897612,0.06374099335737997,1.1028201266487951,0.00389668677882125
company_3458,-0.07126869180954759,0.753272715419998,-0.5107538807275642,-0.8266399096046065,-1.0378706080252071,1.211475070700983
company_70,0.7467705137890207,-0.9181910078772489,0.632533410214035,-0.791441454972302,-1.522126012215913,-0.008461917356718522
company_3159,-0.040525241484234975,-0.6928513162996615,0.39234959179835144,-0.06534563713243484,-0.5856947424042704,-0.15481885668463655
company_3239,0.2740380966565501,-0.21799966636527016,0.24012640874600147,-0.5146256267486672,-0.3640739305286046,-0.1203334788979984
company_6621,-0.9142639056987653,-0.6730420336429837,-0.0918425832180955,1.885569706140639,0.07501779249333304,0.492208792313698
company_5243,0.37233499297496664,-0.44039775666291125,0.2066704982136538,-0.7685750125409008,-0.24969544986849826,-0.38235848085559343
company_6394,-0.02016610800281585,0.10185600773560095,-0.32911751562179103,-0.31716466040603014,0.8355715331763387,-0.3862082637519305
company_5589,-0.26700854928225903,0.5085733146427328,-0.5867964926250119,0.21251246939007135,1.1952703399406703,-0.08407269972886501
company_7612,0.3769714125441287,-0.44819008160024004,0.21195287626617498,-0.7669181348431411,-0.24419704230306974,-0.3874399310591399
company_4092,0.31197736715197794,-0.47352903689917436,0.1709090651478454,-0.6232395252980159,-0.3114315050237716,-0.28970860401835813
company_866,0.3335639676953098,-0.36387018431500245,0.11972484608667107,-0.7641816994969702,-0.3055638004883826,-0.29807591793294963
company_2466,-0.038050742093092095,0.09715982971567165,-0.28792140912002906,-0.32128116117254574,0.8277101426907763,-0.4123985118710619
company_591,0.3158549458723222,-0.3333415958777959,0.09928907811204236,-0.770837952880065,-0.3269650539854437,-0.27717569148603705
company_197,0.3163378454647047,-0.3507398767985605,0.01730414858558993,-0.43761117941538696,-0.3584621830326718,-0.014273593436540808
company_733,0.3003016136984572,-0.32553178925554005,0.12269156648997864,-0.5665835372944575,-0.3344870438854609,-0.2033799416540786
company_718,0.36234405100646233,-0.46769698124208064,0.15413613454210884,-0.68601865875186,-0.263932896421868,-0.3348888504845542
company_6981,0.3516248632928309,-0.4565600120665602,0.22209521052349748,-0.7331342951640724,-0.26514775962224846,-0.37583183407083387
company_1890,-0.5681153584090621,1.6708633361631895,-0.7334766042126617,0.08317182389789725,0.12303112239302957,0.8493619224014398
company_6060,-0.2378058978874834,0.3909379341128785,-0.5783613894495178,-0.13060878511595275,1.245500263822406,-0.35144334543278927
company_6267,0.23864952194671268,-0.518072875242788,0.28730858563791795,-0.5607795479136262,-0.35539278815816455,-0.3261305945400169
company_3485,0.2584227974610347,-0.5357279742889743,0.22671618975406907,-0.5141528529303907,-0.34798440230370514,-0.27816177701649986
company_1696,0.08452315214370577,-0.6215657956348409,0.3198289877761829,-0.25676731577898365,-0.48807797270880854,-0.20074469988766147
company_2123,-0.5589511058127767,0.11098098906597248,-0.3437054460934906,0.9361799142606415,0.9858922619450683,0.06062263164597155
company_4497,0.31321647104402833,-0.4701285504132678,0.23743100542243548,-0.6818837774755562,-0.2961640409697901,-0.36124124352343145
company_4452,-0.3391931872506058,0.2460416146717631,-0.484588181331755,0.12789289915259383,1.1721543069810352,-0.2946097564194517
company_2343,0.23776730545736968,-0.3754850069303401,0.383859414056888,-0.15852829998164564,-0.35293996381980536,-0.12275479533580273
company_4962,0.33906897643086364,-0.46070169633525443,0.2272185682309331,-0.7163034291589786,-0.27560956937708936,-0.36968770759635483
company_6910,0.3828328763987365,-0.6123744476470674,0.05053984393591501,0.8871024890087255,-0.26122340261702903,0.4065787515415412
company_6747,0.09558601763962662,-1.1749705130459323,-0.1377024493739979,0.8041755995013076,-0.5181532549068509,0.29735534966495897
company_5795,0.29831735430241735,-0.011835755518308217,0.2985867944774832,-0.30003291211441013,-0.29159729013197533,-0.1932449976010152
company_6837,0.3776904728919463,-0.44826088957411164,0.2123864466499575,-0.7671482902155584,-0.24393857663848376,-0.3860113013757719
company_6566,0.40206045025535736,-0.4382265938509969,0.20112366366965803,-0.8012909937915508,-0.22415803931717007,-0.3965041529854067
company_3154,-0.256563538976737,0.45412333384243553,-0.6213358590973322,-0.161376891680579,1.2154755408474807,-0.310767700739631
company_7504,-0.162647122107401,0.5558751799251066,0.4713588445318002,0.875628083629998,-0.8472073055825892,1.0521946402798585
company_3446,-0.7519629387515623,1.4450907772194344,-1.0316444860943872,-0.06512703411807592,0.6781041838017439,0.20143540248838865
company_3786,0.29524017645041817,-0.1969836468689717,0.15180348625605644,-0.5607355980689464,-0.32868396148254697,-0.22139355220327167
company_1553,0.23811897372733445,-0.11847654547145843,0.18822566512298647,-0.37378995742452775,-0.3995018505147566,-0.03691941836851477
company_2867,0.32251465010524183,-0.49677943908587113,0.1458726983013734,-0.5939865534004041,-0.29999310039683463,-0.29240832216506524
company_799,0.3067575849106425,-0.6647082345438932,0.05814364729532859,-0.28310385470087146,-0.31966189543880535,-0.16194535250381825
company_6507,-0.01502731493897433,0.5051883853526649,0.04215652767726388,-0.3278243232858663,-0.601185975518854,-0.042855680152868794
company_6251,-0.16753221948949273,-0.21073025155513828,-0.43538607300981025,0.3534288062677127,0.7037513426534315,-0.12221831048746845
company_5477,0.18055744602719553,-0.18298194258438355,0.05769739313060107,-0.7166428110559825,-0.3814273515282163,-0.4948635245950941
company_4499,-0.31241388320185703,0.5904203591599809,-0.686184195003487,-0.018557204377485603,1.1459417839863069,-0.157557466091966
company_6009,0.3286846476178302,-0.41739029894037816,0.07899066635107399,-0.6722501981384142,-0.3045302744753266,-0.2905588762806246
company_5883,0.293936051098355,-0.30524254175294907,0.2529857163167682,-0.4508550291208151,-0.325083602840798,-0.1857542183335001
company_5708,0.24333938759007878,-0.10433339175049539,0.0066869816508410024,-0.48073121805604324,-0.4311959377861149,0.029692908687010685
company_3503,0.3425677688257531,-0.4771368458228656,0.05105403030892883,-0.5844492889214983,-0.29446530843271057,-0.25429638714790587
company_6080,-0.19205169034024128,0.31478334290252163,-0.5762755960163521,-0.10197055762093056,1.3041783661721151,-0.4220652327953564
company_2690,0.35773791902451335,-0.4466628422576346,0.2113510395468072,-0.7500955870001126,-0.2596768062243244,-0.3847986822961469
company_2498,0.16797450837855196,-0.552326122807147,0.32389077039885966,-0.4574564371080748,-0.41181646790040455,-0.29743377778341346
company_3368,-0.17784756734190835,0.21828834736846198,-0.17168759992737356,0.2897053792158308,0.6895384819013962,-0.03501144351242058
company_5569,-0.24609254098986308,0.41644607902188197,-0.5178995271642748,0.040320523870561446,1.2349238319704035,-0.24697666730438664
company_2048,0.17840419517272824,-0.022892739720339048,0.05428879804265163,-0.6265763433239712,-0.4428975727406949,-0.19795267438360672
company_5422,0.363570670202053,-0.44393761194987463,0.17482950214550935,-0.730260217209364,-0.26325587489313285,-0.3471367609243679
company_3506,0.32752275313661067,-0.46498417455619123,0.23296474467396341,-0.6997780214044278,-0.28568684697038066,-0.36161818543823643
company_4494,0.30465996885717417,-0.5174917876649833,0.20338624294464805,-0.5807470853645051,-0.30823705388739425,-0.3081704912889015
company_6660,-0.5355705354681275,1.0520557758923363,-0.8615972277170136,-0.044793708767785,0.8843066023430995,0.12297032661828722
company_367,0.02750744612604114,0.3582190846188356,-0.0698470302648721,-0.600377491877684,-0.6616820328637856,0.18589447496223305
company_1734,0.3748746738455678,-0.44390621918620166,0.20930640697407854,-0.7679927977462264,-0.24708054623320028,-0.38366129487469464
company_421,0.3610481525278628,-0.4484968476165835,0.2138582169920699,-0.7505094359933917,-0.25769921936854495,-0.3811601857552475
company_4787,-0.2567721099321354,0.48802330804190536,-0.5917306683832925,-0.02849476694907972,1.2292773618458235,-0.29705763548261394
company_3207,0.3121036601859151,-0.5261409358219096,0.17163809913100675,-0.5566251888569668,-0.30537850527956634,-0.2891608490715639
company_1524,0.2121678635030481,-0.0893724496485193,-0.0030002341968987365,-0.5706200507340095,-0.5239751245529736,0.2506619347996485
company_865,0.3394991465103721,-0.4610723647912399,0.22758924094690666,-0.7163005480331935,-0.2752834525761604,-0.36947272541666987
company_590,0.007449932250649516,0.1004983196667358,-0.29574963103201296,-0.37072067353355304,0.8662546155592161,-0.43146973753474527
company_3702,-0.12933376570100574,0.515930565327107,-0.19546668399257816,-0.6552229924924041,-0.7709040296225329,0.048694483107776215
company_4109,0.24390123100354671,-0.5235916303228775,0.25325074001732056,-0.5372039417592077,-0.35484456264157216,-0.30579725417346565
company_1729,0.24936370910917818,-0.21023073965444997,0.021978817399116085,-0.6290271984997082,-0.38413064171750766,-0.2144094392215369
company_1770,0.2602046245821793,-0.5338841372006866,0.18818608612343127,-0.4924726962748231,-0.3523508053898245,-0.25104278645465494
company_5311,0.6250179153372828,-0.6007088144205537,0.5608966158525022,-1.2533575991617079,-1.6632629577975568,-0.0536653161905668
company_6885,0.2785739990422374,-0.5162112793038303,0.20983599120999818,-0.5508273468548539,-0.3344564470256021,-0.2793703099368743
company_3434,-0.43639535169029164,1.0013031079003742,-0.5972872977684244,0.3262356906938408,1.0527478726173443,0.003635098720051018
company_3801,0.33459847734869136,-0.44951432071195696,0.1041199146550852,-0.6501288403983976,-0.2946865670355587,-0.29869652884167575
company_6987,0.2090936509026604,-0.5431646388484854,0.2406129933645639,-0.22598322575601482,-0.39692927564694724,-0.12173854272685426
company_6486,-0.24612619800322794,0.29357660007651953,-0.4676917477753075,-0.0669862743465819,1.2627150250549146,-0.4126392585786481
company_6278,0.12422619903025914,0.24769815679357648,-0.1392783634354008,-0.44098883049188137,-0.6201947789401158,0.4042009703546315
company_216,0.05812186134211968,0.2528398191246315,-0.010379846969197163,-0.620990879921677,-0.5669816740057569,-0.09708040543938928
company_4961,0.305230646144563,-0.49527402227280665,0.2242285863804929,-0.6240909793486538,-0.3069568103014147,-0.32485116076543624
company_2276,0.37674864373002764,-0.44727754030336736,0.211516645918982,-0.7672281543089284,-0.24474232543483435,-0.3861472632140722
company_2998,-1.0956220927050564,-0.13170139496212635,-0.0630404810854077,1.4928399118037976,0.5470990825405125,0.21861176388436818
company_5629,0.3313063544415194,-0.40903806654205443,0.11657257682560297,-0.6998910595772111,-0.3041334684326082,-0.28821788526489606
company_2159,-0.24698879948222863,0.6613820417933839,-0.5678517549597198,-0.35036182533091326,0.5089638509938789,0.13827710664696333
company_3122,0.21982856740023046,-0.6117879986018034,0.17898343324700197,-0.3352054303727364,-0.3845452585552097,-0.2020951870183439
company_4421,0.3279010298399966,-0.5201722478149122,0.1288217442823663,-0.552297436927014,-0.2988247146926436,-0.26503868011523557
company_4422,-0.14474872139262873,0.9513301791561793,0.005157517132003976,0.7914521178831656,0.7547239923855464,0.1645227665480491
company_1661,0.29875836041782344,-0.21609356998625628,0.14310759194516337,-0.509694206954841,-0.33908604252653246,-0.14818033020852112
company_5831,0.35448042679463615,-0.4603276366770374,0.22499889564333228,-0.7325555424890564,-0.26230018662464705,-0.37695139976711056
company_2719,-0.14863731151913662,0.5454008602770112,-0.2429790813274849,0.02577923981379547,0.7151757500691331,-0.12958915675439667
company_5800,0.31518502132276355,-0.5249211595313976,0.09513978200791535,-0.5120335099828037,-0.31297075205548835,-0.24078210687279886
company_3136,0.322428862432438,-0.45073949055325435,0.10446356856933046,-0.4096073383414529,-0.309156856502856,-0.17391929160966796
company_1134,-0.14169523241684473,-0.7756534025041105,0.4325840499876574,0.13496303490364583,-0.665135212514693,-0.10123345305440014
company_5723,0.30711476498875817,-0.5075861131068055,0.16250655454189325,-0.5627624759198873,-0.3166072912815441,-0.2638775409438964
company_1963,-0.5032252016816879,-0.9775942126019449,0.6389794904076682,0.9137642153910285,-0.9538622358806153,0.15996393578130746
company_3549,-0.22126596090516604,0.3143547767229906,-0.5601572999310451,-0.059676555309176545,1.269130291383262,-0.361841630094585
company_2819,0.07529435039669403,-0.6416228178931473,0.3322425811991169,-0.23432731460529665,-0.4892015933895056,-0.21836160685728973
company_710,0.236197127538851,-0.18610418314591962,0.028595731327052648,-0.32333759459429223,-0.4598919619806475,0.18508042815697373
company_3571,0.014811006850729417,-0.6545246367721159,0.3565208157880756,-0.15434721003712296,-0.5448812135196356,-0.1674280764824361
company_7098,0.37592444874184283,-0.4462187858277275,0.21068828625648245,-0.7673829158684716,-0.24554922958927608,-0.3858800189561746
company_3893,0.3110747461566891,-0.4604720571574138,-0.0005821393275281236,-0.5465520987646162,-0.3255803737384365,-0.2292259482716918
company_6643,0.3223572272154873,-0.4785668387392016,0.20657800697147713,-0.6584669083781693,-0.2928929196274379,-0.3381234207524343
company_6242,-0.376984253673395,0.2137477999687551,-0.4236330840391288,0.16382217743354738,1.1550614487527138,-0.3348032085492387
company_7621,0.36546273358294334,-0.453132097513672,0.21794401548792777,-0.7501239383245287,-0.25391824499593374,-0.38057366377504614
company_1306,0.33551108340754965,-0.5671261734197346,0.050044450893131365,-0.21950711513498322,-0.30393028119420373,-0.08576440379631188
company_1379,0.35009713726397573,-0.4546663787448472,0.22058311180882842,-0.7333916726396298,-0.26660746015250314,-0.37547066110022953
company_938,0.16174204707159298,0.2695843257082812,0.2335808903366336,-0.28047134998481416,-0.43242857280498415,-0.07521911934754841
company_2729,0.2233891253929742,-0.6903548909492145,0.056529311811673505,-0.1452433059548228,-0.39720093613837293,-0.08292077790326739
company_4783,-0.526475604086088,1.2458841674927466,-0.7757847060903172,-0.26147886198759457,0.19737243974529153,0.4835886401454707
company_3667,0.23454043270235764,-0.2617643977237598,0.3389069190063913,-0.271202509415389,-0.37435249912771434,-0.09413056335223657
company_4158,0.257416380084052,-0.5588876498812649,0.20594495472977484,-0.4702478263713356,-0.3489068502826229,-0.2642656695306591
company_6388,0.3534445458417739,-0.4400794220644615,0.12883394090881523,-0.7051289894455134,-0.2723422671691896,-0.34203643740902046
company_4414,0.18013346128613847,-0.1768887975317949,0.46973405740379326,-0.17833063460961218,-0.41828895303469066,-0.03340570200845035
company_38,-0.16080021782642068,0.33019454775494356,-0.5076015776692973,-0.18713833678175862,1.3311740347286254,-0.4463780194470092
company_786,0.16212649517605984,-0.1943914471574248,0.39213499751763436,-0.05293139239761001,-0.4615805173431148,0.11846973662193085
company_3237,0.29781438400843585,-0.23286916932331148,0.1093367484404963,-0.47905452328305537,-0.3345661257720209,-0.16327829901449406
company_6460,0.28801672350770796,-0.31606563640446705,0.16913627280978286,-0.34320365373859285,-0.3593832450915464,-0.03609824432200222
company_5144,0.07708535571230084,0.11427042288984395,0.10227605719644844,-0.5014723053485453,-0.6683625422502473,0.4305227551121792
company_3303,0.09701398585241151,-0.6027408157074357,0.3377399953918698,-0.3134858165788599,-0.47259608671753217,-0.23963479531894014
company_1978,-0.28435332292949467,0.15616801450413292,-0.09857226505787016,0.23489737770411498,0.6042074832277553,-0.08450771442693453
company_6151,-0.36441591342800017,-0.8966377594184132,0.5601475135924843,0.7027077555648885,-0.848300713644378,0.12129253258630739
company_5713,0.2620199695255173,-0.4162943589176578,0.207751809973529,-0.44029017163192774,-0.3601732994170123,-0.17264330976303685
company_7228,0.2989387873315187,-0.5005846223248793,0.15547617859279264,-0.562798578048333,-0.32278283028179067,-0.26804847914336405
company_5178,0.12850842445550476,-0.48801166395508966,0.1465844393617132,-0.3071467995842528,-0.1979866982452966,-0.24005103602317554
company_3743,-0.3960735854069849,0.8719766829325312,-0.7274031651325061,0.036420846078171414,0.9911122632218565,0.2203705468030794
company_7120,0.37823279908236795,-0.44918269633265007,0.21300783347218688,-0.7669500601951295,-0.2432900262726296,-0.38662581315298905
company_5638,-0.3089631385412903,0.7712232208627172,-0.12965081353135957,1.1150012977811634,1.2158661501928394,0.2073952473704318
company_4411,0.35256894316720616,-0.46392882968163407,0.11924205275320919,-0.6504667255745193,-0.28162200675960775,-0.28763028266015567
company_5603,-0.4656726488564106,-0.00025343910099367804,-0.5001074433025271,0.6175302173612406,1.0717378207557662,-0.14237449633617427
company_5467,0.20105307977943968,0.07432631416260309,0.2008112508105885,-0.4826367958845418,-0.3854265678163477,-0.24659887690208585
company_7311,0.3654834603676724,-0.4536182139986905,0.21812061080799877,-0.7499233099001119,-0.2536579370046554,-0.38147566243886727
company_6982,-0.10327589718821267,0.1810165666359567,-0.4216305520202394,0.40892841419225884,0.7305853523558647,0.06763877926893992
company_5251,-0.20407918645653372,0.32056267171933667,-0.5352944565266489,-0.11269396153400403,1.292649141003584,-0.4150841214530582
company_2925,-0.2567528342377922,0.8521310726633138,-0.410061099686386,-0.7193905053114359,-0.9984755463067503,0.487361419351779
company_294,0.37627487293218714,-0.44576968887348506,0.21073564283590812,-0.7677021397875409,-0.24567588152336187,-0.38424153534410815
company_7069,0.30393984028085846,-0.43673875334259593,0.1819083241727718,-0.6697045761381833,-0.3204146722522504,-0.29675040504249744
company_1799,-2.6239938911501635,4.405663987633919,-3.1318835552001345,-0.7914182129561055,-1.4852960741942818,1.9847772753861204
company_3701,0.33035307924133067,-0.4818137989380078,0.17331306764650395,-0.6368580371623752,-0.2926861425579664,-0.30738511406198643
company_1119,0.362872446334947,-0.449527842153314,0.21524680900951454,-0.7507288362815197,-0.2565987735625584,-0.37919446022642866
company_4431,0.3062479819325967,-0.46519541679146603,0.12188964789962103,-0.3765378825156612,-0.3241054090269496,-0.15420028751945594
company_4401,-0.24718155069499725,0.2969751842241589,-0.4694449553956714,-0.06805912691444217,1.260614707009933,-0.4083166766076074
company_5860,0.13205554814050247,-0.6523865314499825,0.2577688116533307,-0.23557768413849067,-0.4477266236394985,-0.201087958447353
company_7261,0.36115625065411544,-0.44514852562142926,0.21278473368354964,-0.7519822170093442,-0.25941492644698083,-0.3744007636549865
company_2426,-0.04093578447969363,0.06318628977791325,-0.2952258465696621,-0.2615562306923785,0.8230998325932509,-0.3820962420895597
company_7156,-0.24683372799964512,0.22148465635879822,-0.6377028764760342,0.3699439641922689,1.2388064207657994,-0.15839431205352755
company_2486,0.3016483252318919,-0.5512557115787217,0.11809871271403731,-0.4748359107145,-0.3209000414211553,-0.2384467689096165
company_3922,-0.16080021782642068,0.33019454775494356,-0.5076015776692973,-0.18713833678175862,1.3311740347286254,-0.4463780194470092
company_4702,0.3095852219780449,-0.24453658223886632,0.13487848545926462,-0.6928928474763298,-0.33099993224889757,-0.23090655104191202
company_4024,-1.095302366380193,2.5572737727521093,-1.550638276837207,-0.5622708064942692,-0.6930654714198109,1.9437837916217156
company_5974,0.2570125504813033,-0.4645791927663321,0.24300987249810893,-0.3967839484885265,-0.3540096991300366,-0.1944937227595998
company_551,0.389369202046558,-0.4432044471859698,0.20645337605192335,-0.784053078811867,-0.2342247673946499,-0.3922841359994173
company_4879,-0.600946390459617,1.137797041932072,-0.9776910226489983,-0.045217312354589374,0.8241887295884448,0.12567298099941387
company_2594,0.2540915985545751,0.21157253266703657,0.30183643796214504,-0.06400634770326387,-0.37628526801897166,0.1250578507495607
company_6696,0.20303182875953557,-0.6520331490737675,0.176752130894209,-0.25724655204887,-0.3989224123629202,-0.1727526223989978
company_4362,0.21509656388279902,0.010904218357110267,0.10494718627999135,-0.5070171187214528,-0.4176760209175764,-0.10404847922972958
company_2725,0.19288347296454197,-0.7413796972556952,0.09993480035534612,-0.07030882988815344,-0.4149755932650407,-0.082524082713588
company_4622,0.24993753168789012,-0.5126658274169071,0.28103411409313755,-0.5776929180394141,-0.3459824644926702,-0.33257155252642734
company_4917,-0.43856277027787877,0.9249641582628103,-0.7500929969153495,0.15542756127391083,0.9994365018279925,0.09601771614825874
company_6207,-0.9967461844849137,2.544032975688228,-1.6191740237468855,-0.5060356125077226,-0.04583596504152325,2.0667782080051653
company_4692,0.1339725595900932,-0.4931717398992675,0.3542886914870566,-0.06653874184192181,-0.45049270144698533,-0.07132644996731734
company_6360,-0.7803227287015535,1.2355175343282467,-0.9292511858723429,-0.8285993027771738,-1.386771864781635,0.12363425587087919
company_3827,-0.4427544377079563,0.9820361227253751,-0.8061832888302174,0.2207772788423631,0.9253981095186982,0.40364976541235315
company_1580,0.31052475144729114,-0.39290627815650236,0.03915818666196749,-0.40694209406674536,-0.34698484831376153,-0.06752700162362879
company_2588,0.18062494772643686,0.13403653591101888,0.171230222273272,-0.3303662259348055,-0.3952867358145245,-0.2070070596617506
company_4660,0.30472118207238663,-0.3274630261956572,0.17565455184121304,-0.5799633613027545,-0.3369227520587954,-0.1755895213235753
company_7112,-0.16818542818980747,0.4666114580632613,-0.4397628252284474,-0.3396479425637113,0.6564428343306267,-0.17231233136053883
company_6336,0.029237552951374507,0.4782071817477909,0.06163354417926342,-0.11773652977606493,-0.5673043368851817,0.07155225104208382
company_7332,0.2578619654102332,-0.18149433494623693,0.08404679778645574,-0.7011488802066029,-0.3798615405765386,-0.22076198634007707
company_4892,-0.057294016244349356,0.047245246130102406,-0.3163173032555538,-0.20467159373656005,0.804920313084147,-0.3460128205526684
company_1373,-0.16080021782642068,0.33019454775494356,-0.5076015776692973,-0.18713833678175862,1.3311740347286254,-0.4463780194470092
company_6772,-0.07387160440541443,0.4268192732862717,-0.2138039416531493,-0.7613657515681719,-0.7427994543626042,0.06743358228820807
company_3260,0.28448200217376707,-0.447295952364038,0.1921352114012607,-0.41203806084418654,-0.3410130827284663,-0.16446549072858224
company_2751,-0.8162587201327057,-0.1300136603420186,-0.27358027601881335,1.0481154471078278,0.7942176396733778,-0.03436999079130715
company_7146,0.2661155135780127,-0.31482443441292174,0.21004291130391037,-0.5734866473966097,-0.3689791809697184,-0.1715797870446006
company_6518,-0.3613869497313628,0.1414143562135503,-0.5132953881660257,0.3131308092315232,1.1555671369831337,-0.23847276924759636
company_6976,0.14266937434845278,-0.26943207931656865,0.34408589071225193,0.10813802630680931,-0.4840215351168804,0.19664697717622745
company_4969,-1.0919664107104774,-0.2871686237972028,0.5726092939448366,5.37647905974625,0.6861266899419258,1.5338571907381213
company_5097,0.2262237254262603,-0.6160553221736591,0.056994793831217194,0.01337257750011374,-0.42503241904286404,0.11891670049334999
company_4738,0.3454935492239977,-0.4501094750799392,0.2164162162419674,-0.733675159497838,-0.2704057265746044,-0.37662161707655367
company_2342,-0.2411321218128788,0.451998861988287,-0.5099483340118748,-0.020832363246218965,1.2393484616503874,-0.269680366016334
company_3077,-1.018866434529802,2.0519433020989375,-1.4454851655744037,-0.16102614221758538,0.2534842613572514,0.9247673853437038
company_4725,0.2928688847833957,-0.3601486846666224,0.06322393568311127,-0.4923300311666032,-0.3353562642985738,-0.20616358690991923
company_7058,0.3132554370123817,-0.36467661690317515,-0.001469151275392626,-0.4515460408835022,-0.3346159833941172,-0.13128150839134192
company_2318,0.30033612023868816,-0.2178571293226925,0.2464819148062652,-0.3642858543853582,-0.3196687332568317,-0.13657229071732024
company_1012,0.33474784872105073,-0.5368239213842539,0.09944642249724571,-0.5245329536070614,-0.29196987491678744,-0.2629216442830112
company_6358,0.28587274473308316,-0.44582598181581423,0.1815580283018035,-0.4236805358428117,-0.3325946928430289,-0.20014034541531003
company_7124,0.3274164916525084,-0.4671291665450013,0.2336313548028849,-0.698821125616085,-0.28459913597430747,-0.36602902292285344
company_3994,0.25452100071282485,-0.1429647174734995,0.13204045297027092,-0.5480956989755226,-0.3869585705471447,-0.12171805209055896
company_1556,0.389369202046558,-0.4432044471859698,0.20645337605192335,-0.784053078811867,-0.2342247673946499,-0.3922841359994173
company_2341,-0.21034495836792255,0.2872683700625363,-0.6334657153158936,-0.01631439153516968,1.2874964028090896,-0.39310397019549026
company_3877,0.14499740336666758,-0.6160747184495046,0.2700088176241894,-0.29994675674945237,-0.44124009931870306,-0.204923864782231
company_6292,-0.361114110837484,0.771912342796766,-0.6695586618102487,-0.15847845769610047,1.0567530027916154,-0.010539998277726621
company_3727,0.2001872376713949,-0.022009659502786674,0.025180955431571228,-0.7821663858592288,-0.4682232013852774,-0.09688742048443792
company_5984,0.34349365932701537,-0.4671340810679546,0.23191933502146558,-0.715152126327509,-0.2708867466123965,-0.3725807369876404
company_1942,-0.4620142656260451,1.1378207681179275,-0.7034123111013502,0.07910197261764033,0.8451419544842003,0.6282129811081735
company_1273,0.3546046275712805,-0.4498458361142736,0.18259642952928318,-0.7139733726063872,-0.2716892151412837,-0.3366135087826492
company_1090,0.42786032976312516,3.5853287802470155,2.2458573507937314,5.811583210866812,2.1681001957410913,1.8419363423956796
company_5837,0.16749623124750496,0.0805875974325677,0.14748764609346263,-0.4901786524654623,-0.5085739687620668,0.11621843893916886
company_2855,-0.28824045217026817,0.22250351177502942,-0.3467798913091233,-0.7204386920826827,-0.7376286989119946,-0.7261649722195939
company_6428,0.1631507993991927,-0.5472596703371736,0.3194257639294926,-0.4578783566149445,-0.41594869795923683,-0.2980714926728173
company_5015,0.22087725382605522,-0.055780853753128176,0.11767862591998571,-0.6615047371560104,-0.39992624235133467,-0.23071100407001732
company_6201,0.09851236047272896,-0.6462694209493014,0.2972514219987825,-0.22814255578121823,-0.4748172408209627,-0.19875530128598545
company_5957,-0.27678567282534855,1.053350869309612,-0.28188919222541,-0.45719781555548444,-0.9769022210384002,0.4964756517346019
company_1681,0.3468555771006504,-0.36745657714350866,0.11362925882377875,-0.552890907248796,-0.2934426123167662,-0.2055656520933626
company_1630,0.29791308648448905,-0.20966840898007086,0.15533012361963805,-0.7267090156257491,-0.3488564502170583,-0.2080430883347242
company_3119,0.293692971676434,-0.5028974560519595,0.2311121894940477,-0.606138198832713,-0.3152863000661375,-0.32327257302129186
company_3826,0.10602691541878367,0.29119202874059685,0.13839601774694146,-0.47801225948216,-0.5805231687831565,0.21832821513337494
company_6745,0.22268750544674507,-0.6500864018426226,0.13749682146970524,-0.25259439310508564,-0.38907934951808576,-0.148060888003223
company_2967,-0.48988380319898867,1.2176506106553564,-0.29247622967797465,1.4143419858960673,0.9121286884078352,0.9511210743333679
company_2443,0.38955349002331124,-0.4433638465652633,0.2066123791120451,-0.7840515866225097,-0.23408474196817394,-0.39219320966214766
company_1881,0.28943528734919516,-0.23798538594740118,0.10400263559832952,-0.6442650204826346,-0.3620962061586576,-0.15925982552745285
company_1446,0.07628688650068752,0.20241445425375204,-0.08025318673611065,-0.6860532681622955,-0.5920405505929527,0.018559092857832155
company_15,0.15155730360950537,0.05705196782495291,0.044509620316782045,-0.619552665340484,-0.5191996043748577,0.024028946498465518
company_3509,-0.006375395815092921,0.09650138558895362,-0.2913983990197277,-0.35349194125760636,0.8553261925495764,-0.4278092672396462
company_1076,0.3026919162773464,-0.22607499026083058,0.15788754284481435,-0.10082051843549499,-0.31640083623503035,-0.037622671277679334
company_3491,-0.16080021782642068,0.33019454775494356,-0.5076015776692973,-0.18713833678175862,1.3311740347286254,-0.4463780194470092
company_3227,0.25949958592247974,-0.5119168861147807,0.2043756775169373,-0.31016791453202075,-0.3539366495148946,-0.1588819410855965
company_2220,-0.482104398374593,1.1229489099134227,-0.8700854847433506,-0.15566536721869306,0.7756705513304124,0.6985289412890586
company_4188,0.30859461764428875,-0.370462054362025,0.07968829451433049,-0.718690034033658,-0.32252133717388054,-0.30410613462129055
company_4457,-1.5817644494822207,4.739457634303785,-2.4501780754059883,-1.3752163043792502,-2.1067277155551682,5.625239738652951
company_4437,0.3625280236747548,-0.49475643041949274,0.0964449596909611,-0.6177600385992642,-0.26640373070651485,-0.3063532193223046
company_1833,-0.34753075056298366,1.1121548795380511,-0.46347030862344957,-0.728276150664086,-1.0965085782300623,0.5803379234322281
company_5469,-0.27833961081755393,0.42650868287000054,-0.5179361186476104,0.06871190346979199,1.2022194033045734,-0.21448832495536702
company_2241,-0.7045398923041001,1.9795187953056192,-1.0363992855160855,-0.07322417619743495,0.49336113095474826,1.1614095210972701
company_4659,0.34129863036070685,-0.37683690641214185,0.01461506977839905,-0.23141854525349298,-0.3222304103682471,0.018230982828955494
company_3427,0.09671301590281946,0.6390866227076843,0.20350550128556866,-0.1330852457081613,-0.5871267328121026,0.4211983577668307
company_6503,-0.28452380819132683,0.9237065371097684,-0.38087783320281005,-0.6262797459823989,-1.0001331717438264,0.4532162342417295
company_7054,0.34685626892496113,-0.45169588782553866,0.21773018425218305,-0.7334895501893184,-0.2691573271900711,-0.3767436914359111
company_2468,0.2908803897813564,-0.48077619123056703,0.2500601872093716,-0.6482152221170402,-0.31499773253772767,-0.34751225947116204
company_6580,0.2952892484115435,-0.6754972825371222,-0.0008290389209346646,-0.20708135571904887,-0.3429785198831983,-0.0855258385039364
company_1649,-0.5243957286317065,0.1137206456622537,-0.3884628358170773,0.4639180954125724,1.02263418048118,-0.18803505437996057
company_1156,-0.3033838863436852,-1.0137456151191617,0.2986025470006693,1.7001850107556322,-0.8682107943972737,0.8082713590456729
company_5762,0.40206045025535736,-0.4382265938509969,0.20112366366965803,-0.8012909937915508,-0.22415803931717007,-0.3965041529854067
company_6287,-0.9769187756902208,2.230711567877245,-0.9824777602825865,-0.6276097443001953,-1.7505543552580773,1.0907898762679744
company_2727,0.35285524656187583,-0.44971197303523636,0.18155462725993857,-0.71339699134799,-0.2722979685541728,-0.3401640064105347
company_6275,-0.19589293345003972,0.3366629606938139,-0.5080406083439867,-0.1561772543867881,1.2994705466139798,-0.42709235715438804
company_1470,0.3110960589779855,-0.49475094650411516,0.07171227910451128,-0.5339793620073237,-0.3212318032084849,-0.23247550185092258
company_7057,0.46902364715092326,-0.11231149112030887,0.5016620475174732,-0.9555866671743926,-1.8940264754309297,0.5074769768754858
company_3197,0.28887622313058414,-0.29511281715717436,0.24666981066737817,-0.453359316437259,-0.3319333704325755,-0.17704101526940058
company_7490,0.35292156625636956,-0.45706015179918047,0.2230033383775145,-0.7333898725230825,-0.26448711100288647,-0.37398122901696323
company_3783,-0.4995049813609744,1.1562239853245029,-0.9130186532033356,-0.18462790389361428,0.7704454016226402,0.6423145864002411
company_6208,0.3282605240185696,-0.3855852106974571,0.09601635843321853,-0.7193386603963215,-0.3085643980745775,-0.2907268259503216
company_3280,0.33559196718783774,-0.3751356918285316,0.12068784078375024,-0.5350135635254104,-0.3016586019689528,-0.20349845840485578
company_1419,0.3113530543901946,-0.48373292397122364,0.212932463778811,-0.6417595263977661,-0.3023416854933285,-0.3305945822125746
company_7566,0.2247337777775251,-0.15315089251296274,0.13396223866365436,-0.4572826346219846,-0.43855404382700824,0.0210277158544415
company_295,0.31670418532910516,-0.47586928409317436,0.01871487348547718,-0.5314894976126074,-0.3245615360084665,-0.20539249749964028
company_3423,-0.18626530004392844,0.32768404156151226,-0.5384330185651424,-0.13270527439779056,1.3031740313901372,-0.40396716297631535
company_4803,0.294556436086586,-0.2122630027703487,0.1674646400937705,-0.54343657669889,-0.32967122690778145,-0.21108475395323026
company_5257,0.2047489289997391,-0.01028898388528708,0.1342865797806835,-0.5278190426273404,-0.39708294081617435,-0.22909898214119762
company_3634,0.3582903099278745,-0.48371699330500956,0.16812885812755865,-0.6671817666267209,-0.2655712782052717,-0.3333652642088225
company_2463,0.1323632305027948,-0.5890415612107369,0.3206174396826391,-0.36368415536354315,-0.442590338376275,-0.26063555983903025
company_3170,0.019826159671244376,0.31978624423401153,-0.12415161721143964,-0.7494794057233543,-0.6580305366094552,0.06302529104840247
company_3293,0.3377780586208285,-0.49250566498244724,0.10332676875335788,-0.5887396818639414,-0.2927184344706256,-0.2727518679286265
company_962,0.35625354358850025,-0.1944908747810346,0.27099140312986714,0.17140598751226074,-0.2620115588061895,0.0784047530825055
company_3931,-0.21786419708741545,0.28238317669123236,-0.5365105601350785,-0.03671048720676385,1.2781206354043217,-0.3751552565462718
company_4444,0.3126402668933159,-0.4419257422721723,0.11078239318355436,-0.624405217240458,-0.32292959488998707,-0.24861261332555015
company_1062,0.31903580855575125,-0.4765117042027211,0.24290945971064495,-0.6812587535679988,-0.2910373641838766,-0.360999863187
company_5164,-0.21523001804657232,0.3190740783556268,-0.49135021294427383,-0.12062308214979724,1.2851863521518714,-0.42035396049139295
company_817,-1.0260249448923544,3.0353067319617377,-1.6461282036529115,-0.23228265673763127,-0.2430242322887644,2.9292402618681996
company_2042,0.15670523656581933,0.11864618358936789,0.1605272360380368,-0.4855482939084254,-0.4222367919307638,-0.2568646592770004
company_2327,-0.2308755318563388,0.4016944376130597,-0.5929423826903559,0.0768452258076771,1.2481700747456506,-0.24484623059076396
company_2322,0.2924188138650897,-0.5388371157697812,0.18647182694348996,-0.5230399114885067,-0.32232552710448004,-0.27364710696291944
company_7155,0.21692240514488287,-0.31372779697584896,0.16502660040879238,-0.22177118529665749,-0.44775946334342953,0.1241929331921359
company_45,-0.6024137211208025,1.3515871266108215,-0.973160009226757,-0.18245266369049085,0.7199672938936128,0.4997385665601928
company_21,0.792993594823263,-1.0653087577914175,0.6326084694125037,-1.094480597656965,-1.463963385503146,-0.23498117999441587
company_7270,0.32515611948753226,-0.5024660660073801,0.1882249269674304,-0.6156236705881815,-0.2922569815473378,-0.31737776362283376
company_2731,0.32920424390562114,-0.4997204548234736,0.11176001922772398,-0.5720354965308116,-0.3003484767979249,-0.26391981074687226
company_2966,-0.4762954528914276,1.1056095139759612,-0.7830313767991596,0.07914466202724978,0.888648166956186,0.3877069407214184
company_1943,-4.913927589426108,12.179349042114062,-6.320375000166148,-2.05015050408128,-5.7553429824350735,10.856450775617299
company_3124,0.3338017232533649,-0.48623302106699373,0.021095601252267282,-0.5437548656593544,-0.3051239094693244,-0.22990442368986258
company_5707,0.2804937840520047,-0.2663264635002861,0.06959711417754286,-0.6057764144383048,-0.3539983708025555,-0.2143160616306172
company_4442,0.3459961629365235,-0.46833186417479605,0.19483080403252154,-0.6924307222161654,-0.2734423766516736,-0.3498179632757024
company_3929,0.22684105689248138,-0.10267085171118884,0.07456609215287158,-0.5216968274645859,-0.4292418578370379,-0.04230099700382234
company_1685,0.33715100205266646,-0.37164482711567315,0.12440351441943943,-0.7621522629935917,-0.3003978521161441,-0.30540917663882766
company_1444,0.3079532422370322,-0.476384946236729,-0.0358857249541118,-0.5154930064227384,-0.32218179927040946,-0.2473871082936123
company_5109,-0.30268508398276167,0.5545177432213964,-0.6307142477708346,0.6559228984464328,1.155074370510649,0.15193667989335585
company_4670,0.32969478596275253,-0.41486910835318935,0.023747226342273553,0.24973667576993988,-0.3199042194317594,0.18463454514701302
company_2297,0.28881820124677127,-0.513968872040811,0.20403976901058382,-0.5660076296707174,-0.32371457205886317,-0.29425140174786224
company_4253,-0.32544726562612825,0.22442141468920618,-0.43338695533036536,1.1903182651509754,1.2000814437542182,0.13133114501623247
company_3717,0.26181935900905773,0.014145767512888084,0.2128926220576354,-0.23068741513308044,-0.3418305215626879,-0.09971252833348233
company_8,0.09839144075222317,-0.5583504429972038,0.2524966463887887,-0.05117230763501425,-0.5146252781291514,0.04282373932000617
company_4630,0.40206045025535736,-0.4382265938509969,0.20112366366965803,-0.8012909937915508,-0.22415803931717007,-0.3965041529854067
company_5248,-0.12920708209919432,0.4020662457836209,-0.4128588892214587,-0.2819979969997531,0.680696109568977,-0.11036991938228262
company_4916,0.3600212310151736,-0.43456455865525184,0.16963039906242763,-0.73298765048686,-0.2692451763714062,-0.3366072319416057
company_1337,0.21899857421892477,-0.5683805565211566,0.21588273715078132,-0.19565962909346302,-0.38465895429939095,-0.12964559662008687
company_2064,0.3609707693050672,-0.4476791257881414,0.2135369393562928,-0.7508315219076133,-0.25815019290578445,-0.37973551860059335
company_2433,-0.29753718305885957,0.6518304842054412,-0.5268325159568702,0.4989136435997621,1.1391525956752913,0.1910420294567001
company_926,0.1827093194438752,-0.3950382284732355,0.18452698822971486,0.12617709278415826,-0.46617026806770784,0.23082581337323232
company_2478,0.23186122410722498,-0.5489984554394092,0.23782771044905107,-0.4778306540263831,-0.36674954896503376,-0.2787491065996794
company_4651,0.31532222595695897,-0.3983237853023192,0.08209413155584527,-0.7197070232928702,-0.29713765852333085,-0.3853039905208036
company_6387,-0.05270959036762621,-0.6908187674428528,0.3955915565639693,-0.05129292782605922,-0.5992672369109624,-0.13583532000782939
company_1624,0.1592662550200528,-0.32607917491814614,0.3767532082936441,-0.09869921068469213,-0.4467157716702679,0.010325161042374142
company_4939,0.301297621454988,-0.24046587359114874,0.1505200883033721,-0.6706150528459762,-0.3531946864834893,-0.15789319449530076
company_2461,-0.7159240722432025,-1.3581665407891725,0.5276732734739535,1.7674374651338134,-1.1482601473230163,0.5209909603252387
company_5430,-0.09261895465278358,0.47859955887249844,-0.3782689360784916,-0.83370247638789,-0.8365671901903119,0.3214365095423772
company_2927,0.2787731132591537,-0.1883150276827078,0.1589316731934264,-0.7078998341284977,-0.38342149988546403,-0.12499965978866691
company_6712,0.32068028747932864,-0.3966525737336367,0.09545050636665277,-0.7118541712913159,-0.3051181406160404,-0.32880542284294173
company_3408,-0.3674413278481903,0.465702612016876,0.0050146376728099195,0.5807444529503252,0.475765602246167,0.35046808899078774
company_5684,0.1538978688421355,-0.5754272566804545,0.3065260914371822,-0.3983326078185861,-0.42555314319441034,-0.27033033632649206
company_1450,0.12131735256223607,-0.636179208315406,0.2850782891961664,-0.2617423000961367,-0.45554794553969546,-0.21254878496409646
company_2270,0.18769106202606614,-0.5776523565327222,0.26586652018083146,-0.4075247084717392,-0.4004185207935192,-0.2645350727358354
company_6241,0.22906345735914477,-0.19567313080995247,0.30251187097398197,-0.3080255896872918,-0.4018045074559635,-0.01885894683482425
company_4428,-0.42230664689760644,1.2773284407101662,-0.42352466967074537,-0.544516570148475,-1.117251674908864,0.5130523618627443
company_7298,0.14581383654743738,-0.5971823217013924,0.2840963261048217,0.10820272102415769,-0.44335516510902573,-0.0033303440553039024
company_3116,-0.3563506153010773,0.5341167639719483,-0.38538386169186617,1.0376030613983518,1.1326743346154882,0.2678949566352806
company_2259,-0.5025963448051722,0.11091268800963233,-0.428896355367653,0.6949087994877464,1.0330171506243153,-0.0558280430562831
company_3623,-0.41123847949261694,0.04455275618411619,-0.5815775416116218,0.774275498969426,1.1023328073542686,-0.012570868375372725
company_6861,-0.34470756891299537,0.27000068387237186,-0.4718131371375021,0.31108699838225196,1.1680466989731269,-0.20904598317002124
company_1958,-0.37755341045859286,-0.03543536164279276,-0.6732244926254871,1.1348794446628323,1.1185620303807793,0.17879237147549726
company_7531,-0.06317133158958999,-1.0551187509614552,0.1868022179447037,1.4984566554056549,-0.6316316363249624,0.583619593379978
company_6447,-0.2315457797664638,0.3440084120890867,-0.5869359152088603,-0.079158650758703,1.2592322195138128,-0.3680293442543913
company_6795,0.24700960128961943,-0.13282527673714603,0.10485110585429994,-0.6760187201673027,-0.44365804121255487,0.01669744164799755
company_7592,0.1783656277523573,-0.5856708108741986,0.2741440942026682,-0.3902041578134057,-0.4078602749897918,-0.25890641397475345
company_7413,-0.18597652726192127,0.3240725876083456,-0.5370442833159124,-0.13126359297282864,1.3051494268353774,-0.4103746252386808
company_6945,0.0065700314735152015,-0.7284784791940966,0.303620837657965,-0.008315359906825482,-0.5556773473799201,-0.10426600696516587
company_3999,-0.19661085498662784,0.31627940466978915,-0.5295886025061183,-0.11356536095526727,1.2971868472185824,-0.4071586874203219
company_5233,0.3310188489477227,-0.5304556255838326,0.13408359516923543,-0.5490238873091586,-0.29249284746184806,-0.2782822529372994
company_6334,0.24190723771532885,-0.07714758461824346,0.06362437731377554,-0.5485917997620909,-0.42917555997628887,-0.0013158871541646374
company_2620,0.2868535819207522,-0.35099105300466676,0.27303519271958687,-0.588628714540793,-0.33974781495730993,-0.2165103670065366
company_2275,0.23492711131839797,-0.07527100619432302,0.5054436872296543,0.010917305602390808,-0.3563130914916656,0.013915735735821444
company_1054,0.1845530872517396,0.0717819947770466,0.07548812643960659,-0.6819455831198568,-0.49526294773510204,0.021833644885612503
company_496,0.18983086179006825,-0.5708423786216449,0.2647767927948789,-0.4112156024829443,-0.40331664281102236,-0.24660451643094025
company_3212,0.2540348405132041,-0.34821559015696574,0.12632339823417013,-0.22886130371205324,-0.3959921275066544,0.032789757180191656
company_7352,-0.7168095356092676,-0.011455412483196757,-0.2708180583638856,0.7658719513429517,0.8798707034562835,-0.14446341915594452
company_5613,-0.27416880360754686,0.26781915491103514,-0.48123976069442204,0.008843228528825011,1.2373063316627952,-0.3795696640090606
company_211,0.04292560280704816,0.3458892923310703,-0.03970743898593135,-0.6448171042085701,-0.629024740839198,0.09267969401214585
company_5004,-0.47556562805449626,1.0967910544232908,-0.974253670982588,-0.07748897881796603,0.779491891894333,0.7207417346545795
company_1079,-0.10139373597813098,0.26430283788793457,-0.3457519540304422,-0.16793579164469483,0.7222403687286258,-0.13227370968262764
company_7303,0.3771757491301612,-0.4481151528555459,0.21204386337162917,-0.7670242354156724,-0.24417324342619875,-0.3868487576469911
company_4018,-0.45252939840733125,1.1221222897971876,-0.5083787567722877,0.5222549426313321,0.9374212400346142,0.5261236812538064
company_4240,-0.5170614190657475,0.7382589460608557,-0.5226954670091029,0.35819578304150196,0.8397791145821966,0.5691885694554117
company_1187,0.05661196721071507,-0.8627584298123483,0.20362400934558741,0.8533921296303634,-0.5239685526641396,0.3023818254694826
company_2399,-0.3173398693486641,0.18752990620840243,-0.24419918822663544,0.5929952646811285,0.5242214406370128,0.2616939010073254
company_7094,-0.3058973179814524,0.09533102835808488,-0.6715381965976287,0.41782737526371083,1.1857277013458878,-0.1507154758368633
company_6715,0.2870698248133035,-0.23686970584972206,0.1480570346461973,-0.43141230690875565,-0.3708173550919445,-0.0282060949675069
company_5384,-0.4235031065333551,0.3215470674916148,-0.38194593303138097,0.7404103518113249,1.088468197502655,0.05127880883302029
company_393,-0.4318711514787976,0.6901709303982461,-0.4624073483401577,0.5584939214324666,1.0243480789048767,0.2247697321706126
company_4164,0.20166473182952793,-0.5366195184228777,0.23817388165896744,-0.45117384160825325,-0.40003231698449726,-0.23728006684329858
company_397,0.0687720149276058,0.6292648674698912,0.1279623246927068,-0.28709844760354536,-0.6046605215736617,0.30993620378995046
company_5040,0.24791097686793054,-0.22657412389415932,0.04898676958124182,-0.31025314095228573,-0.4351444067084368,0.13174886437551994
company_6218,-0.2499194288697793,-0.9585731926143154,0.373365960706686,0.559324774013197,-0.7667594564625451,0.08954831441005065
company_549,0.31952295371337686,-0.5021826164720976,0.11795136348156628,-0.5569650327051295,-0.31080217915971503,-0.24824049347394703
company_5564,0.3121143788342734,-0.7598695836146923,-0.13550189781461808,-0.0404571534792917,-0.3310003537983227,-0.03190153432800665
company_2337,0.14861279555992404,0.010620216288140432,0.4425989318161195,0.0810700914991226,-0.47550578627240503,0.22070620889559875
company_3179,-0.2525730751143424,0.31616540858134956,-0.5729053279521227,0.8722247108803344,1.2306097779873684,0.10505223664346358
company_765,0.13061237321693459,-0.5963250169032079,0.29002922556377975,-0.10122775395403937,-0.4546390660960461,-0.10531893414760239
company_3365,-0.2369511927143611,0.2273596661456509,-0.718765403038377,0.17449018446633202,1.242239220556846,-0.23980567134002317
company_6816,-0.2270241534927211,0.35777052071760973,-0.58902570349288,-0.08668897502279761,1.2534362687443137,-0.3313639637374984
company_582,0.3308735914321389,-0.41230436099059364,0.07450232273188243,-0.450141426741572,-0.30911671284320325,-0.1637714125497728
company_4257,0.2814906867575584,-0.462246024315916,0.17146145880408278,-0.5960083620874763,-0.3442311960926956,-0.25100710027060597
company_6082,-0.6829697274191309,-0.01802038280629553,-0.3672398838657738,1.5115170835508418,0.8652968065699551,0.35330012522706605
company_1033,0.15910786975972904,-0.5817248418847079,0.3116284687769904,-0.39752349483445437,-0.42065884611045784,-0.27124977442790393
company_760,0.29624772221262013,-0.4619954156055916,0.12999092709876656,-0.5888554961478634,-0.3350109906438911,-0.24029264975298595
company_4233,0.2624917900665896,-0.42192253646897016,0.1280774918932943,-0.16674188050238362,-0.3675962819804677,-0.031183545472821917
company_5855,-0.23767803560024492,0.2900480811300986,-0.5006036110531346,-0.045420695484876546,1.2632081917644342,-0.3814641109131358
company_5698,-0.21893358654801484,0.557229158056596,-0.5744055280421078,-0.1288862414736859,0.4773804658523861,0.44916535231927956
company_3097,-0.14176292641877247,-2.2573647247497384,-0.2880072402892823,5.082033840538576,-0.7002550717535259,1.9925281878008092
company_3482,0.20030138716328874,-0.6298465519262109,0.19572476747299394,-0.29938130266552204,-0.3986426711324147,-0.19668605819783003
company_4310,-0.06577981548899434,-0.6759208931715873,0.4220166343919224,-0.07605213272631538,-0.6071228579488537,-0.1549282080805023
company_4044,0.27710738421121683,-0.5738365071064808,0.06654837945059239,-0.37851990503150873,-0.350841605135757,-0.17191436261411458
company_2186,-0.6225271633022915,-0.14603554647818612,-0.47599421740022485,1.209850286900035,0.9362303380458302,0.10956216549055611
company_5230,0.2343191596682692,-0.5340411776300384,0.2622062582308509,-0.5187495257127033,-0.3610954778683618,-0.3054644938672128
company_4407,-0.5132183995235894,1.227462122923639,-0.5620033563406671,0.4404915109141115,1.0209861865209204,-0.052067989330828506
company_4238,-0.31029896793462425,1.05372469501451,-0.3036214728997677,0.1571443521711076,0.4358784048221807,0.5318420102390978
company_2651,-0.16080021782642068,0.33019454775494356,-0.5076015776692973,-0.18713833678175862,1.3311740347286254,-0.4463780194470092
company_317,0.24127727416753145,-0.7147219277060659,0.03204738504428989,0.10690428564269734,-0.3855191117230928,0.04032790555731004
company_2784,0.030489431467569772,-0.6667175002410861,0.358713295159867,-0.16531535598177285,-0.5249252426308529,-0.19859567041818132
company_2659,0.14347197601885311,-0.5633564838842694,0.335415710083705,-0.4228392396510261,-0.43111753701604166,-0.28917046548005215
company_4155,-0.4977830103670426,0.6946980120140949,-0.5747878602112133,0.41609362725160776,0.8605670394172771,0.5656039852888567
company_7300,0.12617280908075496,-0.9867135768020568,-0.031239748794873873,0.43508356281785165,-0.4830673466941219,0.13602672917236325
company_7006,-0.3704327549991276,0.5039448148802015,-0.46845736554094247,0.30031225939857076,1.0949155702164997,0.0164136994189668
company_4715,0.00479517193527698,-0.30065603540913577,0.7225429547361536,0.45351429537107557,-0.5284127764815819,0.11261514901117607
company_5721,-0.3317721113485447,0.7608304309719645,-0.46903148024377833,0.31722795280397814,0.37364172880377644,0.7157051633444628
company_4207,0.21918981773326462,-0.47484042965192114,0.2106160523671356,0.12611202514297823,-0.3957332785348232,0.0716791997810782
company_6498,-0.2726315864832854,0.4833594059935514,-0.20085590379464432,1.6960520510273216,1.2770913132439243,0.30784354486320015
company_6034,0.340578022711052,-0.41200294248252195,0.10396555234616456,-0.26233089306007096,-0.2961791285678959,-0.09114578011761269
company_4656,-0.29277902918056115,0.12327992415045214,-0.6214538157279886,0.558939305353129,1.1979850412478734,-0.07799685249729746
company_4149,-0.4506345462351126,1.1056305190387847,-0.5374116027436754,-0.14692229682622368,0.2103675645495213,0.7715939220729896
company_6638,0.30482950139055315,-0.5585494002546668,0.16130313221560777,-0.4959804490232248,-0.31215823472442344,-0.2653715883508395
company_6670,-0.2558634477699597,0.44790771126698403,-0.12627891634813262,0.9938841956642828,0.5636688595991677,0.5510560393991688
company_5877,-0.27400792709767974,0.25102837641350817,-0.5035051264017032,0.049598495852744666,1.2334166179341637,-0.35072117373201617
company_620,0.2626363054649739,-0.5698837024167004,0.06783690236912793,-0.3644610301611139,-0.3661214885342003,-0.15417139769873497
company_3795,0.03364088327269932,-0.14458186029513376,0.4456854250939586,0.2793420137533896,-0.613404304664689,0.4437458676729241
company_1904,0.3020322968131262,-0.21019455037271864,0.22081258532080575,-0.5596360271065878,-0.33325480693368265,-0.16884264673868574
company_980,-0.20370053458881213,0.8352527888275018,0.3170876495985858,1.3126923822859813,0.7154153176781103,0.3931738098233829
company_5975,0.3147420562621713,-0.5039325055124024,0.03798150320096949,-0.5082538296652578,-0.3192648828430766,-0.222777125057475
company_1417,0.32789315082024123,-0.4866591565029649,0.2124744255335916,-0.6570074218343461,-0.28696075247795433,-0.3418296612456939
company_6746,0.18306046913465365,-0.4203712440298734,0.264294634439517,-0.14492221844632333,-0.4335632941617894,-0.010735075798064566
company_6827,-0.029772067833812477,-0.9110909466473214,0.1919665615525662,0.3604447354372692,-0.5954843569420173,0.055521469386563556
company_3038,-0.2288393841333189,0.27606864810068754,-0.5297502802512193,-0.01952188548720508,1.2692806891382398,-0.3698009090103715
company_4181,0.3154305398354993,-0.3323331029561114,0.21145431362703757,-0.615381915199839,-0.318370289049218,-0.22295967476181247
company_4792,0.203392521172517,-0.6534403817198654,0.1774346170916638,-0.256774686139395,-0.3980762441559718,-0.17470866348593958
company_1266,0.40206045025535736,-0.4382265938509969,0.20112366366965803,-0.8012909937915508,-0.22415803931717007,-0.3965041529854067
company_4959,0.17470249093309892,-0.028413851372498036,0.10210019151720796,-0.5156819867916869,-0.515168807615386,0.13542099600323848
company_2817,-0.3038984602458172,0.818486209418584,-0.575130781597551,-0.15301139338750216,0.37568795900957386,0.5791339077190516
company_3676,-0.27758820546937213,0.24950470692804882,-0.6149278000135109,0.356481600650559,1.2098915821049292,-0.14887895153897446
company_3234,-0.5795636653123579,0.16900075865529207,-0.3121564642115394,1.0871446249938874,0.9632946599737638,0.16001237309080446
company_3733,0.29317448071150415,-0.49622304262586875,0.1467033228410372,-0.3374986762556535,-0.3294405926661273,-0.15999984579478815
company_2195,-0.48235371422449835,1.2828446197264176,-0.8908412530505453,-0.5101710787354606,0.09433077920962793,0.9194986986792755
company_3267,-0.18492656737863494,0.4333979933850009,-0.2818063168943654,-0.12159156495679489,0.6428562939138573,-0.054047813884538415
company_7130,0.18560864110800485,-0.6103551305708496,0.21966850338904112,-0.325519546397979,-0.4093974958884779,-0.21036375417054715
company_6936,-0.2582065960671875,0.826013289456506,-0.17706325289450142,-0.41072432272885295,-0.8309615890827314,-0.008776391450133252
company_6178,-0.4179607007189374,0.9642790016511098,-0.5868776487072282,0.16897586835185918,0.9230872480503373,0.5107668584344457
company_5175,0.3833869308011834,-0.43803009810428895,0.20129189210027867,-0.7841015175740803,-0.2387702081617928,-0.3952357447938636
company_2720,0.05037519904533626,-0.5716498845281692,0.45114229104524756,0.5084629200960917,-0.5065673102158762,0.13075992718694854
company_1644,-0.17356432898268612,0.4160286293254735,-0.27345750718647477,0.1068087715588673,0.6528249084132447,0.04897301076425466
company_6622,-0.05283662602710795,-0.5865689021589434,0.6411934332402166,1.4000358602846952,-0.573767542833105,0.47645471081766533
company_820,-0.5046711884012341,0.8612959287434381,0.6392484632027455,2.615870491639133,0.4223228365227695,1.1673211021629375
company_5935,0.14887060651361922,-0.5192280800589085,0.33669839131392804,-0.26274331835341963,-0.4336414344625651,-0.18210162133967825
company_1689,-0.015995277342395364,-0.7207473496370581,0.3688360111106927,0.41098630203989217,-0.5727277919881769,0.08813316757046148
company_1039,-0.017162995478397308,-0.7229828995405482,0.33803085389772963,-0.014677058194107874,-0.5706637957491071,-0.12334020605938474
company_7210,0.06865032674498078,-0.5615563782681406,0.3534031832826686,-0.1083714189204144,-0.5102549776713889,-0.0871520031429429
company_1454,0.29675273665449503,-0.4910593720288877,0.15100204958151595,-0.5660850505371207,-0.3284316925868295,-0.25425203850451283
company_6513,0.3090838871580909,-0.5378467055543774,0.14583730094135247,-0.5168949684921088,-0.3129040604971651,-0.257334239504732
company_4224,0.02516678250101234,-0.6221109721119962,0.3966582063470969,-0.24973483585398573,-0.5244450648006311,-0.24570674516268562
company_1957,-1.2929846980145627,2.9379516019164167,-1.4997880596838777,-0.1232049087639787,-0.8234082054760906,2.0299063119454286
company_7281,0.308216598516169,-0.46800242397122743,0.089053580114069,-0.5780133740941372,-0.3233808922029351,-0.2478450877993119
company_5560,-1.001914941160741,3.012051999742289,-0.7326457142505297,1.4069268536628636,0.3886172975489785,1.3923467374465197
company_6991,0.37608256191286354,-0.4476673179109175,0.21126938623994912,-0.7668199847516453,-0.24474388531151356,-0.3883578810261454
company_4538,-0.3559444533601624,-0.034082172903276364,-0.6750950014085391,0.6552952134857187,1.1472347523911446,-0.07884815980185876
company_2086,-0.4059105215206882,-0.3814178829245632,-0.7255585009853674,2.5466746671238814,1.1083936933078034,0.713589214316569
company_516,0.18749496717442676,-0.5040163074731726,0.2259107251839091,-0.22441182455310543,-0.4327889969914098,-0.05094885038280703
company_3103,0.29416345323154214,-0.48576138228596877,0.253620115860341,-0.6472700117336364,-0.3113824863447314,-0.3500727669122148
company_7516,0.0989325088912987,-0.6058512007677901,0.339887155961714,-0.31284903493737215,-0.47038044348874253,-0.2415152861193635
company_6759,-0.06641603096704127,0.11518326660349783,-0.36628557407933876,-0.25147430990016123,0.7841388016777261,-0.3166532203349861
company_7137,0.32694713870956654,-0.49396502172718393,0.10852335658596139,-0.5736821385527172,-0.30405005331409235,-0.2576233330461662
company_1946,-0.8561017677019469,-0.123632959842988,-0.23207746515566272,1.9790555903909157,0.7371171356761562,0.486324729238223
company_1449,0.10760850893079066,-0.7134042910803459,0.19410178483104798,0.3714538246949558,-0.4842374873925049,0.11775821256454719
company_660,-0.45568771110742945,0.15839727439283607,-0.4858250845046169,1.966024085369137,1.0420693045859521,0.6452679611418489
company_7327,2.732719078843739,3.5266074335080577,4.480232397253334,20.886773913643626,4.399079906725927,8.185195789635044
company_3359,0.3063103069915391,-0.16424484119476396,0.5035688727222507,0.7004889821097718,-0.28209896439550347,0.26891170801658554
company_5781,0.29296013505005575,-0.3518443450845095,0.15603173172275953,-0.29605090731670164,-0.35188149962240484,-0.03382652417639685
company_4200,0.36032561571168326,-0.43860961336005894,0.09333508959186321,-0.6851358393863431,-0.2749426695065366,-0.30453665813134523
company_4626,0.17569371077926302,-0.5764437639103029,0.2694943108830365,-0.3931869506756237,-0.41350302268984757,-0.24674953713672051
company_2522,-0.37536547806470194,0.7787481869064534,-0.6966181751958924,0.17812238839337713,0.9857372987095357,0.372541471167945
company_1222,-0.21088972810602374,1.8889514493393569,0.4578560549623192,1.8916078522257171,0.5884803647680189,1.2856635529260538
company_2549,0.2541891265008361,-0.42183852061904437,0.1233199263755936,-0.16377029348349686,-0.37019748511743084,-0.04910858442822182
company_6440,0.10107337972020847,-1.2015650176775061,-0.0986747659868894,1.4656974374992433,-0.5064313237895826,0.574175929868901
company_7042,0.32522295845743937,-0.6906366187741103,-0.00038913394246084396,-0.23246108036726018,-0.30833479191018004,-0.1329457894045845
company_2844,0.40206045025535736,-0.4382265938509969,0.20112366366965803,-0.8012909937915508,-0.22415803931717007,-0.3965041529854067
company_4760,0.37562023057387933,-0.44447938182271046,0.20992536357472863,-0.7680174621072735,-0.24655151343055723,-0.38315373249677537
company_3911,-0.06184197346813062,0.09032456558823625,-0.15954816707959313,2.040051232434669,0.8238268214538566,0.6158581216051692
company_717,-0.4555300287080754,0.9223591237483928,-0.49052904758759613,1.2164530548209158,0.8266598147916625,1.2529327312483718
company_546,0.14344438735561105,-0.13451720158559072,0.38523492380536994,0.11965508201783305,-0.4885043015490968,0.2453230009553934
company_957,0.14773331694088587,-0.3450344491716741,0.2123272986546335,-0.10973864930323042,-0.514022487543453,0.20343719728359885
company_3624,0.01969865847362895,-0.5516003906762001,0.36214374045138253,2.0043769164764904,-0.6152743416798586,1.1255603140705992
company_136,-0.5301528010191673,0.38612347816806525,-0.2934680446995185,0.7345953520337627,0.9899541813394384,0.09365751281535298
company_1527,-0.16873184334223462,-0.9165732948483505,0.3292745189275723,0.4383674595754853,-0.7023863928340136,0.057279629641074685
company_7546,0.12561371825721243,-0.7069841018674407,0.19933198011569567,-0.09848517296899827,-0.4680793863426655,-0.09629214892490258
company_5567,-0.3538829146895256,0.2725689087961161,-0.54202986392242,0.8307184085835871,1.1332511268281416,0.12261263012298818
company_7254,-0.48801399937989326,0.11604532895152186,-0.40114141305367773,0.41821590578541706,1.0588994757171446,-0.2289487354303117
company_6470,-0.10983874192284668,0.05904186857668127,-0.28272304217460864,0.04280351372425979,0.7576484202975694,-0.2203342413158351
company_1658,0.05476903102695582,0.006302681075696468,0.5101916556015429,0.23251506364085275,-0.598492024546813,0.4650977954911573
company_1899,-0.006356511349038503,0.3965571987202107,-0.1650896555809956,-0.7728653757499563,-0.706196563596747,0.15556346276042993
company_5218,0.2867447167348995,-0.4723114389414901,0.09601521059794531,-0.32229252462995894,-0.3478634028373881,-0.1077740636422992
company_4288,-0.1802513976430456,1.342574867179606,-0.20152356251938108,2.4164123759171154,0.5361049856350307,1.663214278684879
company_997,-0.4760565147315578,0.7463666028121645,-0.6234120754862874,0.344063671716475,0.8753013316828707,0.5473347914246338
company_5160,0.2674039133056701,-0.6241832090123697,0.07178165204356021,-0.2988053959070636,-0.3577573844739271,-0.14679992064756142
company_4728,0.09171924709502269,-0.6863669079093049,0.22282806820364062,-0.10764048394259616,-0.4940944830388711,-0.10804160615271625
company_5805,0.30014088320298354,-0.3047584292918025,0.08980492300492937,-0.37135898729692346,-0.3304758311470883,-0.13428392266013728
company_1599,-0.26410232310197684,0.42846690599140547,-0.4343658443601404,0.4120016255461825,1.2385036395072022,-0.13907670282811585
company_6736,0.07649337366627873,-0.6867448601558437,0.26407472459007064,-0.1145689942353139,-0.5033925779102123,-0.12002561607634778
company_6169,0.32135204822939467,-0.3810255476491414,0.08652465072528781,-0.4937091061332303,-0.3156780471447051,-0.18478500778244952
company_465,0.11041914667605515,-0.47605102481980216,0.4518290863101773,-0.13468238273697128,-0.4548341825138628,-0.14821655529224487
company_969,-0.2590362210318445,-0.02625069856174028,-0.8863891831996855,0.8944368005363517,1.203175552266904,0.10845907074552297
company_2372,0.028931444766414433,-0.7011041083281677,0.31338479535792224,-0.0827792117297849,-0.5328631318465058,-0.14656258774845765
company_7430,-0.09824433377465414,-1.1222798870873598,0.10716057842257912,1.2452748516163836,-0.6705003418138032,0.4801229381717207
company_3140,0.2795487509890578,-0.23943812571883671,0.11604178181868385,-0.6841953912556135,-0.34291470468656415,-0.2864121133993077
company_2847,0.27795885705536305,-0.6369915320383861,-0.07354432367128572,-0.20468452019627784,-0.3636242648043942,-0.07018240056576065
company_2829,-0.48991543724154407,0.014411346233721258,-0.47310711197155336,0.8325065710920422,1.0492007983909273,-0.03258492115938763
company_4682,-0.2658608442189727,0.2619278597837169,-0.5992925313540254,0.5278599773844793,1.2258783076500561,-0.08979681877444709
company_2735,0.37318644307762733,-0.4583847892633792,0.18520399451085223,-0.7275577085165412,-0.2527475931921176,-0.3543362573064705
company_1715,-0.4388603951801631,0.36164768225745436,-0.33731812509285347,0.6720643895710419,1.0794533949219287,0.015095149287372347
company_6560,0.25782375509891386,-0.7487812166291177,0.018108946585099706,-0.08647086329237032,-0.36397975183527853,-0.0824489226963704
company_6668,-0.2324415392910756,0.4742686290896609,-0.38512979434218214,1.2763135377473794e-05,0.5512266523237038,0.18884368054408188
company_1784,0.00933987230465194,0.019213995460746855,0.4667721161719355,0.06249758567290971,-0.6380928057709296,0.38195267122338233
company_7186,-0.3280148171159922,0.24653967670082122,-0.5533809611142263,0.6305284309248412,1.15346713751251,0.03579036029496885
company_3943,0.11887148412478257,0.35684993624170985,0.20187518105545632,0.008944503252381735,-0.5503198747985041,0.3825765934035157
company_246,-0.4633411636701701,0.8615322703990934,-0.5990843813744466,0.49861970460039756,0.9387076548407416,0.42659620790058284
company_1105,-0.1123192268731868,-0.7615118045244647,0.41876924624143613,0.32232765562420107,-0.6485622264191864,0.019291860931985608
company_4604,0.301998746870847,-0.4835607851631058,0.10165715963088807,-0.5585902151543044,-0.3259269895401411,-0.2501368908001388
company_1233,-0.280963090213753,0.07187755657419465,-0.6602564803029066,0.4083277664892573,1.214416568490622,-0.18365806944125307
company_4126,0.09927110293160757,-0.5297531957774978,0.2953902851725363,0.09409534700970003,-0.5064762457247106,0.09014173060581407
company_3440,0.17496378431092321,-0.5831684651891339,0.27135817491888065,-0.39004328179416586,-0.41021518765637793,-0.26144229541285846
company_5005,0.07145141975776025,-0.6730474831339542,0.284608533172368,-0.15223166229292032,-0.49939044866618754,-0.16553556905157327
company_2726,0.10005861183054413,0.10159512349613568,0.0658561098264148,-0.2666820064927364,-0.6524637804221434,0.5460615912364223
company_4274,-0.1274375319682015,-0.946490606514352,0.2141170612247114,0.7642673185424509,-0.7012101512333115,0.3212105270370608
company_7657,-0.2003052128043326,-0.8275723377096762,0.4431068799231368,0.26459454355535705,-0.7125671093262388,-0.0610265684880213
company_6442,-0.32743437020238375,0.23411971028105333,-0.44580014823160247,0.09511351189830285,1.1947135516978622,-0.35343335673884274
company_3523,-0.036624536694889576,-0.7634201438615418,0.3343468343465586,0.06432936627666934,-0.5857613992567573,-0.10017763607673592
company_2450,0.15181924648008563,-0.6042106524328259,0.2590016001702573,-0.3180069497324124,-0.43657824322662964,-0.20851417646443704
company_4477,-0.04850387355029362,-0.7603840534133695,0.36832021162425044,0.5048854416184034,-0.6010200715950436,0.12599926482274357
company_2792,0.2891180828516804,-0.7628865144572704,-0.009075629023643337,-0.07916182063486231,-0.34216703137887444,-0.06367645168944923
company_1059,-0.2710838872062483,0.30847211978110367,-0.5819746131470224,0.026040528411190023,1.2178750434759067,-0.2959199879921005
company_5494,-0.011946799351645223,-0.17452413958137325,0.4424557098618491,-0.07633045515440225,-0.6455809793126259,0.24778777289316292
company_4495,-0.28816359717931006,-0.3094824478449966,-0.44605645236721614,0.6453744585877806,0.5924703192844605,0.02188546524411172
company_2332,0.1830577203190023,-0.7444499769815314,0.06733004581313193,-0.03181059618399486,-0.42910823479581695,-0.04869993780456767
company_6830,0.296278199040966,-0.732445341785757,-0.0370586850970282,-0.11580786365611091,-0.33834690439460985,-0.0719028410153373
company_4828,-0.2679428086977103,-0.449029290603214,0.735303364326853,0.57551606787997,-0.7946889272743727,0.267251864880822
company_2185,0.34033471079504807,-0.44530273547051163,0.14487946381654748,-0.6771250420436626,-0.2911675752722768,-0.29763771097822334
company_2078,-0.384284636026457,0.7751936062131654,-0.46639300427342534,0.6101367252028713,1.0611987687035542,0.27594175644407937
company_6177,0.15300543092463614,-0.14751233447162476,0.2840523633701584,-0.42949400441199764,-0.5130413082264718,0.10779100586363531
company_6286,0.10900536616123208,-0.8958396532697551,0.051243150163775536,0.2784053737539244,-0.49374131204286825,0.07239998230973016
company_7654,0.05423355882053152,-0.5098834994589868,0.48565059029325036,-0.04729739160494449,-0.49825687462538676,-0.12870119838239838
company_6110,0.34241703303070636,-0.4654506607150805,0.23073543713533304,-0.7154829051487807,-0.2720976980027834,-0.3716463496282776
company_493,0.13338458223927702,0.2911322992784831,0.17172982432866482,-0.24179882233328298,-0.5921852310962749,0.473061910792679
company_1103,0.12272819939497395,-0.5887795713954819,0.3178895790734463,0.10036177268569126,-0.4596607761569165,-0.015329729024358977
company_6375,0.3654724661690113,-0.47475757449899986,0.09247636198369465,0.2287941367978302,-0.2648914568601265,0.084681394880439
company_5814,0.3217902697523013,-0.465542762509601,0.16292005523613057,-0.6407228784068005,-0.3038227956318107,-0.29433793159701915
company_3023,0.2668806617066064,-0.5025875524630047,0.11670632128313879,-0.2811152749296429,-0.35568271024442505,-0.12690371929297958
company_3290,0.22207072312951548,-0.79304206716239,-0.04965619196767862,0.06732286505895134,-0.4075179797763562,0.020196669404370805
company_3697,-3.153174390536863,4.79011504796396,-3.0896412264849133,0.021033836994348788,-1.5303645427939858,0.7476695466526723
company_3582,-0.5070079593645426,1.0881051782153524,-0.7505537969072277,0.4300334777868917,0.8117127413789034,0.7509937928628958
company_6384,-0.763003553457529,-0.11016893026501745,-0.3255181342114941,1.2369939700281893,0.8199724161177403,0.12736760953159537
company_4889,-0.4654624045895521,0.4096628151554245,-0.43400072504273074,0.32236629360047797,1.0044991326068498,0.051682557890645756
company_3507,0.30315419877299143,-0.474805993248485,0.24415631015135478,-0.6657268078408097,-0.3055779337850486,-0.3507082406908625
company_2323,-0.569294367944576,1.4312322698416227,-0.8078563241963885,0.20080714104965447,0.7784812161722043,0.5933407064550926
company_6062,0.2295610606963589,0.2313757277011389,0.3372489283063341,-0.13084811667808402,-0.36876527447277563,-0.012227934950255738
company_571,0.31323178399993196,-0.1575959470545237,0.2597327935387651,-0.03286748095616403,-0.30944662575993725,0.02759009229065631
company_3320,-0.17156061727779964,0.9295133476206101,-0.3048391719404155,-0.7499492698327773,-1.1795500123782205,1.5188044632180593
company_3900,-0.2799583019193747,0.2772575442568857,-0.44881695741233657,-0.01621580627936615,1.2345450321296914,-0.3934376036435661
company_7166,-0.3267882820923947,0.530544449579461,-0.5201371160954331,0.03962137228623946,1.1193897210108463,-0.05384381794029106
company_3998,-0.1502935755402308,0.23707713778321968,-0.45198012088328954,0.47761871899151254,0.639078579843616,0.3019211141526446
company_911,0.02222141647279996,-0.6149889884493186,0.2442994860477866,0.36656319994097564,-0.5978302802562862,0.292037586081296
company_2890,0.10569792503408754,-0.6213772738655796,0.2820349594463823,-0.2519126297597212,-0.47684859798199697,-0.17616910961414942
company_6708,-0.46783715160887596,1.0754998797485962,-0.28115345295600913,0.3204901047149055,0.2796439585106428,0.6883040688108432
company_346,-0.1521685124373856,-0.5226596071383441,0.4902562506855757,0.26833765464118,-0.7207032913478323,0.18425392026039836
company_3399,-0.7230719909192025,0.33413096445048585,0.47673459933214063,3.0717063215141263,0.9695998522047604,0.6930230222953169
company_2805,-0.7257900488689769,1.2396212456389666,-0.37659110917180233,1.7423951221554046,0.5401937444148491,1.7524377151825452
company_832,-0.4821148023310798,0.31162671167968037,-0.4056881162103597,0.435526070123566,1.0115957882172797,0.010307908091314693
company_417,0.2415885893272082,-0.5351371523625178,0.22779839158236323,-0.4977984848098475,-0.36223601884549905,-0.2721178124888842
company_7158,-0.3750413872523108,0.6482724298113662,-0.7105970610126995,0.13068215755833396,1.0009497802355405,0.2736959101273744
company_2238,0.18377674754437084,-0.6483130346144165,0.21030354915436228,-0.03939085708910216,-0.4142061923955935,-0.07342122895552076
company_4736,-0.23555482858082663,0.10892234464062557,-0.36155696407604543,0.4875222150442221,0.5733165372084668,0.2728294517746433
company_3908,-0.0024826594097904237,-0.7070049731566624,0.35815410094670524,-0.07096968547673287,-0.553020353469542,-0.1630073402628279
company_1385,-0.0006673135827867953,-0.7630235267030288,0.29403112402792064,0.05323084772753249,-0.5613296894019051,-0.08455948647709781
company_721,0.19544551125886006,0.031755301561210245,0.046023135166211177,-0.3659160044358494,-0.5077817314811428,0.24368071835121619
company_392,-0.11503329824235148,-0.653804230674113,0.5169449888591994,0.3341519660274188,-0.6447136552327323,0.029279782885065754
company_6117,-0.010183089737908576,-0.7936294897097164,0.28180832854455695,0.11391582949523328,-0.5697414033155122,-0.06214194656464817
company_1841,-1.0570323096490117,-0.15758523412036046,0.1537104223195541,3.0762260006930164,0.6231275864936824,0.8037698460048464
company_2945,-0.08332725187817203,-0.7858905576341447,0.3588469830575353,0.13290517168312224,-0.623440383735616,-0.07943320750102546
company_1179,0.32158441197955945,-0.44216742739758197,0.14400772574587187,-0.6611660403741205,-0.30733848744056036,-0.290810560852611
company_3880,0.07284919878485413,0.05020161030701091,0.36710655424384936,0.2554964412435771,-0.6101943639073346,0.5658171033627442
company_2118,-0.5114849913667804,-1.0777265662663567,0.5457052037137179,1.3738488722235764,-0.9877715672738571,0.4481830977679116
company_4565,-0.044456643052584593,-0.16951619566451032,0.6007965248626134,0.7180435735768034,-0.6488658621823388,0.5369309793612753
company_1544,0.295048771975861,-0.40465777658169944,0.22892675338462942,-0.511879862165961,-0.32585273879161875,-0.22236290855499793
company_2990,0.027813006187484307,-0.4497678804903886,0.36206522259113083,0.2624864070088749,-0.57853011867347,0.22661629346705345
company_4287,-0.5860585751193269,-0.2266143645711192,-0.25877588888069053,2.9684321636416806,0.2006288121760579,1.6483103301894058
company_4476,-0.4078867013458758,1.2536694487956606,-0.5469629485179534,0.8748981211785927,1.02182215142652,0.513908668355527
company_115,-1.83165444565234,-0.4930744831520902,0.5208360499611193,3.3168811526145308,-0.01177688310354834,0.7772127354888112
company_1587,0.3285768155650134,-0.48629583498196244,0.21274066861327506,-0.6574106331515118,-0.28693995746561973,-0.33963228346388497
company_6397,0.26243320902198247,-0.5532105041990599,0.12903804108543074,-0.42826572717568806,-0.35823126603013933,-0.20298539403256355
company_2,0.2366810207888467,-0.31837270288743535,0.07597760705517767,-0.37216457314384876,-0.4572574455215655,0.1465834104717285
company_5798,0.26044457626556483,-0.5814723863095997,0.1872768811845579,-0.42805046644233463,-0.3488869107908507,-0.24045926527512904
company_3380,-0.9934254277598199,2.051428009438285,-1.1818371375047219,0.042670258439024326,0.33178762710320236,0.8384087516389138
company_3741,-0.39861431211377746,0.5309526367286561,-0.38091579348122384,0.45469113694743574,1.0813800081472325,0.060813552473522756
company_7079,-0.37036288341175416,0.07666139965283325,-0.5697330157631725,0.4554894231816475,1.1397385266059903,-0.1589848081917164
company_789,-0.0938809901351147,0.2553036116031245,-0.297206317824533,-0.019482840882017058,0.7608289269650144,-0.18532680576132002
company_7173,-0.07118972821860486,-0.6461015385132358,0.4677735107643335,0.3065592058755461,-0.612911334141812,0.03474597325047503
company_4170,-0.45476184245995954,-0.9741629650677347,0.5938873674953548,0.8863268507339602,-0.9184057683104739,0.167172570994723
company_5421,-0.20866762874960315,0.3132182818215089,-0.5634672205945541,-0.07426288210268885,1.2823622420285932,-0.37817735251289636
company_5702,0.2813746811877595,-0.12824201475883698,0.13376989342151877,-0.40419987767495097,-0.34999820260947745,-0.10833809620486728
company_2375,-0.29685611206518825,0.13958822941976373,-0.6441865195794803,0.7680035885983303,1.1943644348721962,0.015435899908759942
company_4816,0.23595726314731663,-0.5714593699527454,0.2197258911008079,-0.4360731256337721,-0.36646538002840895,-0.2523749725235796
company_2069,-0.5450129398555883,-1.0203592339637486,0.6102009966588355,0.8209091345080565,-0.993484469411047,0.12062299885636667
company_6137,0.18186229258136713,-0.7079483377789539,0.0811622113853459,0.60511666016286,-0.45240307546671793,0.3364983840552446
company_7086,-0.1766101856418134,0.32791422237724505,-0.504962686304477,-0.16992567423735194,1.3187376455877062,-0.44369675586096813
company_4467,-0.24196325541641323,-0.969630573741939,0.3215371314387672,0.853505121888185,-0.7865569497131368,0.3198735173112532
company_5103,-0.6766407255417994,-0.27474413209954257,-0.5141660461042111,1.7071931322947953,0.8808028541812098,0.3472653106938694
company_2721,0.06291116930333009,-0.8061939885323826,0.1394081773156813,0.1537501279315229,-0.5301992057536838,0.02649618187771158
company_544,-0.2829180617544796,0.42483281557483255,-0.48105587452210685,0.04797287843627595,1.205636674260253,-0.24737295220870503
company_3504,-0.1875575945773808,-0.3457517728342981,-0.5126637045568501,0.8432229473736658,0.675684631827932,0.11395800159456718
company_4053,0.05736242104484131,-0.7540402183559425,0.24163475170142693,0.009441669274853891,-0.5170689294559448,-0.08726013150385888
company_1511,0.16947788525137858,-0.5102413509904653,0.2486565538097373,0.2118235463044166,-0.4363427280156049,0.10224251286523668
company_3036,-0.34162574600399354,0.28731815961446827,-0.47592825912177156,0.30255595660558354,1.159950118973943,-0.16859013266904374
company_368,0.40206045025535736,-0.4382265938509969,0.20112366366965803,-0.8012909937915508,-0.22415803931717007,-0.3965041529854067
company_7408,-0.2997336488122036,-0.17019993410643772,-0.2852639677671622,2.432819760787083,0.5378964304050134,1.0563899318072494
company_7005,-0.48214731205183703,0.7895952275482252,-0.2637883264040459,1.3378003122993884,0.9351930226590591,0.8057993400043133
company_1197,-0.07755289268865459,-0.7686728125180851,0.38033719655137826,0.3148964113102599,-0.6205495839296908,0.017590089446154773
company_1215,0.048611328043802415,-0.6498821014401521,0.31353723081702833,-0.16648235167219297,-0.5233317183205745,-0.14823629733364374
company_4320,-0.3264164603371922,-0.8026350840255931,-0.796422589229918,1.605923612627903,0.5315408030462873,0.4513611739664036
company_6881,-0.32538952497403845,0.6646919014746651,-0.5499056864044898,0.04282821166084216,1.137821447548289,-0.11036648201409081
company_4359,-0.12129501015457944,-0.36819574819328255,-0.6166860590607594,0.8666469011782768,0.722235252531763,0.14881846491268888
company_3508,0.07990355015838961,-0.5255483126219306,0.24171755557015134,-0.048010560351291184,-0.5462118883340451,0.10802579588372707
company_4290,-0.7087442934140691,-1.0690729052841992,0.7417475798603229,0.9809581102492037,-1.1156601695960489,0.1285309108019665
company_6640,0.2494236838017581,-0.41455310113546845,0.2497778485794192,-0.44907858932669265,-0.3697684240968827,-0.17476922932855837
company_6005,-0.029492916860148658,-0.7834445376806987,-0.8930221229405065,2.384341026298854,0.7926255288218828,0.781678186101645
company_2369,0.3130573025507268,-0.26751833297483985,0.20530877432460115,-0.6864071209043694,-0.3314895674884328,-0.20462654619830792
company_5520,0.05792668245216315,-0.05963540683538014,0.2395802627843196,-0.16556166505412712,-0.6258648348573435,0.350251297911198
company_2873,0.07997339089588339,-0.6007983089287291,0.365133262208843,0.35448740455298067,-0.4914772601693078,0.08527567233601739
company_2037,0.32625489900641724,-0.18666999634990963,0.40292217017827237,0.3115431364634794,-0.2621323727717884,0.061817270469931435
company_344,0.23529222589589682,-0.4339110660806408,0.18818203531444722,-0.14334321832532856,-0.39203333938716034,-0.008738573941513481
company_5008,0.37876555538414053,-0.4340328521312369,0.19730458459261005,-0.7841389370918092,-0.24228161501034393,-0.39751589755924155
company_3530,-0.43241297531648865,0.27957431523244713,-0.5050150527513941,0.47957226325475594,1.049306612992979,0.03193576169272047
company_450,-0.09820332897462086,-0.8320197987561115,0.3276443404022672,0.4713913246775455,-0.6494663556821073,0.1159515388508447
company_1239,0.1207514059123887,-0.637575103707461,0.2852291310840482,-0.26093962234741575,-0.454993115017389,-0.21650157405659903
company_2942,0.11470120780551576,-0.49388886486004896,0.3412592404206713,-0.22968714813898639,-0.48367559771522833,-0.08246732478241985
company_2003,-0.7261064874129679,-0.060242167798036095,-0.30480200961645565,0.8678863601830922,0.8683132008666503,-0.09577946017071538
company_4468,0.26804768514408955,-0.3886734841909162,0.21097768685218646,-0.04827493788140931,-0.3564847000397044,0.015741605577664627
company_489,0.2856774567624621,-0.3786362061341016,0.030486000136932312,-0.6837735884143132,-0.3292624007341665,-0.350317180682716
company_6530,0.015408214165578691,0.3990081940581956,-0.13980367228996465,-0.31062164689758975,-0.7234968080895758,0.5151129109116723
company_4408,0.1871136011689121,-0.5029969784374583,0.32036580040022045,-0.3150739302076668,-0.4040668926546131,-0.19186478663844528
company_127,-0.2602564877893662,0.37879665069221574,-0.4525422547316267,0.0594748694037383,1.2366637846068627,-0.2876983735688079
company_6184,-0.25266531053312974,0.2840393941239743,-0.6410410656171205,0.07605987061633411,1.2284064728312611,-0.2641082198743073
company_958,-0.49587233112723456,0.5208259565110885,-0.4781342059825066,0.2962954926116502,0.9283083683494038,0.2435900425695384
company_7092,-0.5393526133073225,0.07345335806147207,-0.4646296670112775,1.0481180218677102,0.9869652122695111,0.15034855038971862
company_6971,0.2734395283498494,-0.5933236439770146,0.12085618791266207,-0.3814533725786237,-0.3465979756048688,-0.19594987827947535
company_1749,0.23970372758937233,-0.46270418635901445,0.2823063739840639,-0.40392256132486754,-0.3651262041225674,-0.20662609255386252
company_2849,0.018589399534294615,-0.622651872819785,0.3999551581071678,-0.011532043505282736,-0.5375503108752397,-0.10741265999321824
company_6807,0.1661832143214333,-0.6114437403498033,0.2587640582667138,-0.33062253279846543,-0.419617888857974,-0.23288184507016657
company_3123,-0.23729695874571918,-0.16126569038545777,-0.29159353638340946,1.1632820487996967,0.648253781960518,0.2555165797259073
company_3653,-0.3595362411795057,-0.14529321021461922,-0.7138790810046589,1.501342252299269,1.1407620976253159,0.29974642451440997
company_190,0.1629438369651792,-0.3005057047378699,0.33526978784115957,-0.3129451942059096,-0.4602894715942696,-0.024299497475335104
company_5765,0.01618306399298064,-0.6685971336350472,0.362072785534426,-0.1488189190801492,-0.5371078075595058,-0.19185784961022262
company_5894,-0.11625311176486264,-1.0141560883814595,0.21421456816675588,1.5085592225484437,-0.691699877501301,0.6528466061733975
company_1052,0.3292486128240604,-0.4114793715327397,0.06242606912755308,-0.4604153297260714,-0.30129029314107497,-0.20727320766343146
company_3572,-0.278026951064456,0.22996479039633166,-0.5547517982950222,0.12732171810560616,1.217761393797527,-0.2780911286763132
company_3201,0.2987816080902767,-0.12110173957299825,0.5487754253932836,0.16733660706759831,-0.27632583409337996,-0.01007493241478221
company_1901,-0.07717545110702659,-0.6741592733870245,0.39373969928107516,0.19653454726927952,-0.6356248698395408,0.03856812631707139
company_7367,-0.2630747818508935,0.40280011836097307,-0.5120754866543066,0.06282416163713349,1.2280632309358266,-0.2689943414105833
company_7456,-0.5385631391035665,1.2310291714170851,-0.8152621034490064,-0.015246167598649616,0.7023190717861026,0.8808537166798213
company_1203,0.23692195889295856,-0.6632306536912116,0.13918934750053466,-0.26263212634474403,-0.3690711790183402,-0.184228110797024
company_2518,-0.38047550607572217,0.3588809026059599,-0.5715536570963728,0.5888258272584357,1.073821200978796,0.1623075501761642
company_2432,0.21540530901852883,-0.7079423276306699,0.10372378044778424,0.07765256167502756,-0.3978829938928596,-0.0005489535384328774
company_4929,0.011788303522586084,0.5605148595490881,0.06094266805998791,-0.3256968265975092,-0.7751565853751089,0.7549369882032779
company_2562,-0.7997643436083431,2.1081907260214554,-0.6216041330824883,1.8222504140031501,0.04889026371486911,3.5516709466319982
company_4289,-0.09294567469525655,0.233166708675466,-0.3132072360545641,-0.2017983997210915,0.7625743169987032,-0.27731650654503065
company_2536,-0.3385049690587809,0.1932700293632711,-0.5544648951799115,0.47619079504389294,1.1591977334036017,-0.10018212479638954
company_2304,-0.3411479618978817,0.9903269499455355,-0.23619036766896748,0.6540350449774198,0.43196296709735976,0.670387694174079
company_3915,0.3017838692117634,-0.35441563025792494,0.19398923960934786,-0.5568499663875297,-0.33250660004019844,-0.19293480861899262
company_1016,0.12996514685032312,-0.2864411332363658,0.37522873744374474,0.15155055676137077,-0.5053234736242466,0.2605348316305089
company_1199,0.1282246785522085,-0.12690612512887026,0.4237768742584487,0.10930374187040005,-0.5019735824604096,0.2489183448090177
company_771,0.31337853934891646,-0.2949273764759526,0.22565421722378895,-0.6642786740921357,-0.325831322102428,-0.21576187221202134
company_6244,0.21590938157624678,-0.14490747083478023,0.33960608107094314,0.5290904949221156,-0.43488550477924726,0.46054221470730416
company_586,-0.4116306868171079,0.5854631878819645,-0.4176794107830172,0.42555755092632364,1.0576549864080478,0.09709531985255812
company_1472,0.29714467260699806,-0.3133915955435186,0.08186906813610145,-0.7726021654834953,-0.3431489583647575,-0.2790683111252336
company_6274,-0.024209071635296814,-0.47459861374085194,0.5222845104296195,-0.004558481662916709,-0.5806864897217757,-0.04265182013441751
company_2066,-0.5441221039650923,-0.8705747400345809,0.7522641826990082,0.7461631258297987,-0.9850845831400161,0.09802129551076763
company_50,-0.8135324562806943,-1.4136362146285062,0.7106245145866941,2.4828879286846757,-1.2026586925819829,0.748988746443998
company_6391,-0.3177873663450405,0.16510941564645754,-0.5399781838992276,0.24515473676817984,1.1916506245832892,-0.26359177280952667
company_7614,-0.15592935676229838,0.5730588380643465,-0.20031002692700836,4.207037548480545,1.2953855716333238,1.7934756299257864
company_5931,-0.31524120945916523,-0.944945749161416,0.4769018747101049,0.7644142245048431,-0.8110189748135898,0.15166828826189793
company_5955,-0.45972892935480286,0.5619619745927793,-0.4039426399854587,0.7748025080500921,0.9872548988693045,0.3692511290477683
company_7,0.2556970991667596,-0.224326390472852,0.058966569115043804,-0.3686789689932979,-0.4036946025702582,0.008740529103682457
company_6608,-0.587904327216313,-0.09597538932814935,0.1561502950821324,1.4097066837372534,0.3845797588272109,0.28505790166054124
company_6826,-0.07883672216589516,0.7643737779021085,0.5518990513397365,2.381386620772661,0.8905178985870017,0.6465624914389494
company_6475,0.3302117746882078,-0.4706534394445345,0.23641821068951022,-0.698324730829153,-0.28189724530753824,-0.36680577015509935
company_1918,-0.11065166376829788,-0.5552440951188155,0.5032075224350989,0.2462313975934979,-0.673379312233904,0.12807941643289594
company_3032,0.07398601212149206,-0.5957516857688957,0.30391428870926845,0.4217442505229061,-0.5213774795510352,0.20449078539325152
company_77,-0.8068706612217869,-0.1599059966886947,-0.2941707272590152,1.5412964421053346,0.7948056123813206,0.21327217546741956
company_2288,-0.6345816374822022,0.9248376930759804,-0.4760692337692,1.22541759816054,0.6462569207444263,1.3571686737849833
company_5956,0.40206045025535736,-0.4382265938509969,0.20112366366965803,-0.8012909937915508,-0.22415803931717007,-0.3965041529854067
company_2053,-0.28517451232787044,-1.1178313750346134,0.2824628563713888,0.8840673224577308,-0.8057208473985803,0.23599445994213694
company_2019,-0.6036266408225626,0.08389895386818358,-0.32334731903625274,0.7704073072395367,0.9626084380119656,-0.07687963852402778
company_7560,-0.10055940242709105,-0.8530897749411364,0.3053959680546884,0.5148905216416554,-0.651896072071525,0.13097879198697435
company_4067,0.07735370815015731,-0.5614316316631571,0.4063940141657814,0.27133230526000607,-0.48742749081366643,0.03384406929977611
company_2972,-0.2520735959482514,-0.893385091391104,0.4650854202679551,0.8583644574782182,-0.7646001358264788,0.23280187478317957
company_2499,-0.23691626832613177,-0.8600039529417681,0.5036187000697105,0.9859025800391267,-0.745794423832447,0.2789782052708302
company_2561,0.29626552840063036,-0.342263029124635,0.13693544714151282,-0.5474485202387086,-0.33574847624241627,-0.20320365444046426
company_6876,-0.412704529648825,-1.2161079253614773,0.369579684657225,1.3235330787481283,-0.9013650447528861,0.3776019216117674
company_7217,0.27341764607284624,-0.6820716151847026,0.07765278603915082,-0.23206452868439062,-0.3471347906558266,-0.1437062094100706
company_4550,0.04709807308413498,-0.18597113394393336,0.42043904318760106,0.7654622479317392,-0.5967996774432016,0.6362836097902235
company_5908,0.35685489585011004,-0.4820227126314335,0.16673691801397,-0.6673872280263429,-0.2668984133302017,-0.3331913954506815
company_5710,-0.4771110475784492,1.0603824264518797,-0.8414401001141198,0.21018704136569155,0.8651336602439751,0.5230180070906126
company_6665,0.04312831397510171,-1.0200915419499845,0.008871255800629725,0.5530219427023786,-0.5525160435659884,0.18104890790204056
company_4871,-0.002685056280664901,-0.7771256981159268,0.2696134298735161,0.09362413993627412,-0.5672948424622734,-0.055218965722520406
company_2631,-0.016801734598129142,-0.6453498736970118,0.41376909641822257,1.639108097563806,-0.5986122453594555,0.76386428700333
company_4041,-0.6799700668927879,-0.01743734620543907,-0.30846897548372054,0.7571848995976396,0.9079060038219019,-0.13935119850096883
company_3391,-0.23184643286405676,0.26103377694757707,-0.5544152919369941,0.02162911962647489,1.2634980158109874,-0.34443304014862824
company_3209,-0.8786238439961903,-1.3605852379299945,0.7002116819341324,1.8400422744276044,-1.2688804555358424,0.49892133773312897
company_1451,-0.8533427592440227,-0.2864624784256585,-0.36647748092081206,1.3723176545635998,0.7532254320744162,0.11356527048970833
company_6788,0.25898275641899815,-0.5628518149543763,0.1412120605877528,-0.41237848658189263,-0.3630157550632146,-0.18771910211319331
company_4730,0.33099608649432427,-0.397367963996767,0.13647767577144745,-0.5133204342130102,-0.30021898282838216,-0.2152600586739836
company_1483,-0.20667052350811627,0.31064534283302236,-0.6003774527428064,-0.050769613136561094,1.2803692587652376,-0.3591950442485656
company_2669,-0.15321992340319024,-0.8614215825934144,0.3886786574829731,0.5228314331855084,-0.6821334025446276,0.08543319986470987
company_4782,-0.009844008997402927,-0.8174594537848153,0.26203069350734903,0.15762045431611496,-0.5698992956646097,-0.04662044559464263
company_2410,-0.3199098728545302,0.7940257041402689,-0.3794314081467789,1.0774575830934596,1.1492492514644723,0.3780834052328418
company_7078,-0.14189232706448396,-0.6667907254536106,0.5318018576831831,0.1453810238413035,-0.661114753540795,-0.08351126030389806
company_668,0.3083067506110341,-0.25195826717413733,0.15840822348491132,-0.6682334382054422,-0.345032718553232,-0.16501456124798514
company_3821,-0.7187663016904899,-0.3138869039746663,-0.5163159423518308,1.5792851475320757,0.8518944351462696,0.25303261736594707
company_2636,0.2436339447240321,0.08604240482193036,0.31265295603264665,-0.0781306051671856,-0.39325064966616174,0.13706537187325302
company_1808,-0.4420338094318933,0.10522387893822532,-0.513796309628757,0.6795992453144348,1.0817699573650823,-0.061953467948423234
company_3428,-0.057524851714380744,0.020436882916611457,-0.335409901223254,-0.15948528560546674,0.8061426525228841,-0.33753612705099506
company_370,0.27233091031731843,-0.18050834735286087,0.06390493183041229,-0.6731879038410845,-0.3886299308679172,-0.12610451150909
company_3550,-0.3090051113105816,0.2604826864625014,-0.04480747594697524,4.192069283047437,1.2424155749825496,1.4558278436664354
company_6066,-0.91232995731186,-0.48745331245462725,-0.42814901457787397,1.9801324776932436,0.6998757954846806,0.36381039419166056
company_4946,-0.6978291536834811,-1.0588245483052,0.7336195612870646,0.9621069451083134,-1.1088935615803448,0.13071046045040052
company_1139,-1.1337734230295884,-0.2070954618132554,-0.003171032179382398,2.7379023636581006,0.500405152863028,0.8401213880330495
company_6463,-0.5210534518751803,0.2160903009137694,-0.4269878577178851,1.0394715247302682,0.9926043191840865,0.21068069231531963
company_977,0.3882351221896149,-0.44222352792877906,0.2054748956819433,-0.7840622615156041,-0.23508646232680971,-0.3928436826903076
company_4853,0.1340784680768074,-0.7670540827371178,0.12949879247311927,0.014532037667860919,-0.46346649027482745,-0.05282023980835001
company_6874,0.10853168854613751,-0.6319436042629101,0.2872309348015553,-0.2484150342537588,-0.4704564223298069,-0.1905828533267881
company_1082,0.12801969648455477,0.4142602126217902,0.2889489856869588,-0.16395703554708582,-0.5178927755185121,0.22794404445500355
company_6099,-0.29321659780620174,0.13555080913994655,-0.5978138421378476,0.5202195127321914,1.2041505058164337,-0.1162547795224275
company_1940,0.3127058398921064,-0.5004565761978671,0.1913232380318641,-0.601464757456345,-0.3058993408788779,-0.2990185298633209
company_2489,0.36387644320186663,-0.4514858753290227,0.21648242971938259,-0.7502541694374545,-0.25526674833744584,-0.38082214195097647
company_1050,0.3185726811608654,-0.35386743805884124,0.11866618359252133,-0.7525247381697503,-0.3241641128041935,-0.26967853082952625
company_2324,-0.04649795771163612,-0.7544795782526096,0.33255226572933694,0.2996665149294806,-0.6048345260563933,0.04940928797328576
company_1577,-0.6396206593096545,0.6891540805368946,0.5327654915758135,2.6963271172749357,1.0179789976255025,0.6704976886929063
company_6851,0.12494867047783727,-0.6762606053538163,0.24062499140276808,0.046431659194576216,-0.461516793126581,-0.04819675513076558
company_5981,-0.4381577896681612,-0.8731228144478176,0.6314977752848082,0.7151589280720672,-0.9104244282703067,0.13343723203699845
company_924,-0.35414568790925643,-0.09899603430637544,-0.7362119836362165,0.7833103836482506,1.1435667910197536,-0.0177681578424633
company_4416,0.30370597672267347,-0.34356021754280414,0.09182217733800915,-0.5369825839540944,-0.3279733701684252,-0.21144535575675474
company_3658,0.27276867067011423,-0.04480082901743558,0.25855782571427793,-0.35883271586222315,-0.35280455590598525,-0.07532982264583939
company_2438,-0.09658058935108121,-0.6799663102959933,0.4624952587456296,0.15982008810640416,-0.6306643723719005,-0.05431256096569414
company_6342,-0.14916065847479376,0.410751147562372,-0.35735045242574276,0.1254399145957606,0.6727097711903424,0.04800876318562189
company_1359,0.04736887365745342,-0.6753149413690459,0.2934021369456118,-0.12151854089770261,-0.5231394766027073,-0.13928349754566985
company_2280,-0.43084975829967215,0.04962276774243263,-0.5406645253436847,0.5415236500263878,1.0914422108027904,-0.1356033141681292
company_2274,0.2214118656932479,-0.01649908336742699,0.22828679116482126,-0.5122739423832489,-0.41978607721978095,-0.05826454797608808
company_5262,-1.2902942150093573,2.735679899263148,-1.6801992225943516,-0.22283490878091916,-0.17406544633459192,1.699148900295262
company_342,-0.3372008673131867,0.18469570521478407,0.0672546924277498,4.670188396746993,1.2497410020618556,1.5563702785244242
company_7110,0.29469323809794346,-0.04901507262214129,0.3485990876501364,-0.01568482198239389,-0.3109283477165884,0.004803308555075714
company_5791,-0.5386490362657964,0.008469372761008844,-0.4233067539993404,0.6360375250549678,1.0175765853744798,-0.15738322841573618
company_4424,-0.32563857486843995,0.8080006175986749,-0.44717238652803964,0.20654230665732318,0.39382714731697493,0.6154105061036119
company_3148,0.06464714488318636,-0.6423187598096116,0.3372850187086798,-0.21966318510833974,-0.5008753972872811,-0.20134537256956597
company_3312,-0.39804109109146896,0.2859571414472766,-0.4652783189384987,1.0513590363652312,1.0916831031174836,0.25001938999861556
company_5375,-0.12265241476742272,-0.9047468779011185,0.3080275849068316,0.37457478636668573,-0.6593394752822084,0.014438371199699875
company_5649,-0.6138298567152258,-0.9830100946552951,0.7666625195151007,1.1854477995198371,-1.0371535574688724,0.2525990794201737
company_279,-0.6684881917993359,-0.37282812271360405,-0.5884685370027661,1.8807332667798895,0.8837084480170658,0.4187723188135181
company_6150,-0.22027914333624543,-0.8625850310193727,0.4372921306821195,0.34146399065250355,-0.730656059586998,-0.02841106122456413
company_5067,-0.39265863895961695,1.3291358342389474,-0.1554390712153657,0.5488658766158045,0.2992117137344741,1.0266248232600566
company_6019,-0.46512445921609835,-1.1056102164128927,0.47913296591948534,0.9335375468904555,-0.9353494735707318,0.18522250496987905
company_6013,0.1820042340791423,0.14599226714987767,0.11640162877895484,-0.4793041355149912,-0.5597374206880625,0.3780440993409664
company_6211,0.3123988283167452,-0.5035338533253347,0.03651169235036905,-0.5075757056875029,-0.3201948611541298,-0.22710549882039133
company_3425,-0.18803788086232093,0.8915664497548677,-0.2212249277892558,-0.6035269508404217,-1.1292776893147276,1.3374387007222206
company_4771,-0.43984859777385504,0.34488256058485234,0.6697141149919763,4.100508619390393,0.5171698607980977,1.6342692260777576
company_396,-0.33527410183923867,-0.8447323130367864,0.501337688658408,1.132691847036898,-0.8668398529295361,0.48820950497051213
company_220,-0.5826334373699736,-0.036842267381372584,-0.42273738796600147,1.6578592655010151,0.9607821683731278,0.37599757399962297
company_6097,-1.1841730449449077,-1.0717680266131346,0.03768553542995025,3.5167605629311502,-0.1190281867982749,1.045716735342587
company_1594,0.26388162471743265,-0.5193570340669389,0.21340482238519096,-0.5336489779297992,-0.34609654558873965,-0.27594039605120496
company_2575,-0.6303033882561134,-0.7011909557354558,0.8277143891214985,2.2404991593816206,-1.1463163951864102,1.1543202671725161
company_7286,-0.2894615175934972,-0.2991600886279174,-0.3604502399461836,1.4618876680197064,0.5968767553645186,0.38710365000425795
company_2686,0.40206045025535736,-0.4382265938509969,0.20112366366965803,-0.8012909937915508,-0.22415803931717007,-0.3965041529854067
company_5689,-0.3664892041821659,-0.7715491169529777,0.6207362090089898,0.9655617130117561,-0.8686477804478007,0.33986432866022037
company_1531,-0.487758431153288,-0.9561515729696766,0.6227892672631312,0.6528826959727333,-0.9401791520640728,0.04019314368667211
company_1326,0.3256537603484608,-0.46494087783044136,0.23188551442786917,-0.6991195348872747,-0.2862851346949998,-0.3656057378749883
company_1573,0.2261611556658081,-0.3398574536178357,0.3022133933562174,-0.33791830038983717,-0.3891829632312478,-0.10987475394720916
company_1782,-0.39946138907933526,-0.08815316840903037,-0.6352189946417092,1.1969150680546528,1.1130777661998825,0.1530529408303419
company_5286,-0.10603205106674779,-0.9268842584426719,0.2889276882359165,0.8618155733508802,-0.6605746846573195,0.2929471715006306
company_6193,-0.6514095349039917,-1.1731748198634357,0.5979166769369273,1.1644706257347759,-1.0848508576010523,0.25161519512658226
company_5857,0.09579987397067433,-0.7729556426750679,0.1423094739067766,0.06245283008695578,-0.49844765349271236,-0.023008426067033984
company_1907,-0.038994241260785295,-0.7283779085993439,0.317106999652038,0.2752633221723071,-0.6073996852088857,0.07504527541857214
company_4777,0.2496535056556095,-0.5078235641504434,0.4091292389942808,1.073867835772846,-0.3233973107056886,0.3501872901375411
company_3240,0.006741574756546962,-0.7637003542875243,0.31449637337530695,0.6924503658570055,-0.5537961882768336,0.2053768558991069
company_4271,0.05454717674141733,-0.8087727068923436,0.1744382874925075,0.13476894497885092,-0.5274763197811057,-0.016395005057503118
company_7372,-1.7701721499748773,-1.550298758980376,1.4503920933765253,3.0664834491008164,-1.9587247815857662,0.8161463528450159
company_184,-0.2255692158769796,-0.07636631520777808,-0.23524483873399232,0.10047418798516032,0.673580363133339,-0.26872742076029965
company_1660,-0.5303707999773376,-1.0250364463172827,0.6092554762854663,0.8070984580781462,-0.9777735014228452,0.10184127420769269
company_6778,-0.3294219545590163,0.12624000771357363,-0.6296086168539027,1.0421226674459885,1.1624286352706081,0.15529370650820756
company_7089,-0.1676725311380246,-0.939033957832062,0.30944293580113,0.48122490513258986,-0.703037702596698,0.07703823822017715
company_321,-0.5592779813737725,0.15527077196243627,-0.30966761491363914,0.6144977759875221,0.9994385246829361,-0.12989937636460158
company_6217,-0.3645713845568148,0.09159169887450441,-0.5823665320448014,0.43648961854067614,1.1424813717093711,-0.15884560958210106
company_6106,-0.17982505870180115,-0.816991233933295,0.4322920778585921,0.692294673892273,-0.7082361940719007,0.1868582470411618
company_2146,-0.492599912491156,0.02061938427331295,-0.47674062829023356,0.8308209515895401,1.0451311678296098,-0.02633767924184267
company_2780,0.2714247874358901,-0.051355554262516576,0.23827232193814518,-0.3765580378871793,-0.3322788801513227,-0.1741668608581904
company_675,0.32318642041626894,-0.4627322423801779,0.2297314411316215,-0.699171418207674,-0.28819878925517267,-0.3666779163358135
company_2861,0.16447428639350195,-0.6126812248198588,0.22615019036160766,-0.07076997371470693,-0.4348118267754749,-0.06569382358723559
company_1635,-0.0055270579313714836,-0.47558556255878737,0.5143669897947514,0.4287460056349064,-0.570866827731813,0.17877610894089108
company_1143,0.32805091071396586,-0.6153364478207879,0.01691128171877937,-0.11840488881897944,-0.31522316031400416,-0.031955492762607854
company_658,-0.324909915904087,0.007125490480206666,-0.7080113317388923,0.8199610854833294,1.1589384402547893,0.056457473526459426
company_3755,-0.49539329735379467,0.11100943405636254,-0.4316863722047445,0.45666953629621765,1.046547113721981,-0.19362441033700845
company_4697,0.060638275985057666,-0.8216995197556265,0.18228978199195273,0.13809727057375806,-0.5188478440545792,-0.028311293400275116
company_2649,-0.42232675237352957,-0.34395650106491865,-0.8723616808863194,1.5141548329650334,1.0722230751983792,0.31041568329249475
company_4255,-0.3986889159085948,0.98613581056918,-0.41238054865492363,0.5039224272047726,0.2976357499742353,0.9074103120888932
company_1924,-0.5538282125824069,-0.991329790661214,0.7590127545418518,1.8109849391276973,-0.9958649671760957,0.5787326182696457
company_5071,0.29934101442893923,-0.5091470673390075,0.1975278446272939,-0.5823932360205634,-0.3142342349714405,-0.3034997629811204
company_5331,-0.6284270373498939,2.0286780772562762,-0.7126251840471421,0.7494782660481051,0.6757632470331779,1.1336211573314912
company_5733,0.25910792982115,-0.1835796717662764,0.3658968496955383,0.22925929803873682,-0.35103390926782624,0.13971000571609127
company_1671,-0.30686049246802855,0.4700427972814407,-0.4230232306038847,0.3970833900950271,1.1988106036313018,-0.12930101687019416
company_7471,-0.18578899591863585,0.25656220819491937,-0.598198803723376,-0.0015530390907756526,1.3023414828280624,-0.3578640534053354
company_7483,-1.6040905581382103,-1.6348591105612704,1.2291293561364591,2.905688534393237,-1.8271550326064814,0.7476438598811967
company_7177,0.22091004554403879,-0.5678518191618206,0.22080329144996,-0.421657725522069,-0.3817423768685187,-0.23655991914070143
company_6026,0.34607405795811347,-0.4583260035577297,0.15256330264506085,-0.6736279992265476,-0.2825970597170167,-0.3105082844200458
company_5154,-0.02813342969684096,-0.8099644002488512,0.29485246459202513,0.37351006346658355,-0.5868574878191394,0.06216993859454979
company_2760,0.2827118437828887,-0.4447413105996176,0.1902609498865633,-0.4124906381004273,-0.3428927343129263,-0.16334457997818508
company_7227,-1.4783631238181703,-1.460652545050822,1.2583397607267883,2.7269114529927454,-1.7221443207867102,0.7097722660485664
company_2336,0.3152895103982899,-0.6545693448022875,0.04869529066304151,-0.30104485389627134,-0.31357216480230954,-0.1651713196530729
company_5953,0.303895616075469,-0.5935579282400871,0.07762097588767425,-0.39028903028116696,-0.32353112706696363,-0.19354612525533516
company_7097,0.027900579795067076,-0.5822056947809224,0.40872566386800796,-0.07635611641283517,-0.5343416705125027,-0.11110314853120155
company_683,0.01992131493920088,-0.7671673790098628,0.2573718761687893,0.060152815874180574,-0.5480178298842818,-0.06970216106547754
company_449,-0.15209488660539544,-0.7913396286757979,0.4136380286860088,0.8753273365797415,-0.6981824187721561,0.3262240801907126
company_611,-0.39686554594082535,-1.1019011841353559,0.3954309708533864,0.9114162579126853,-0.8891350734643859,0.21417579342083207
company_5374,0.40206045025535736,-0.4382265938509969,0.20112366366965803,-0.8012909937915508,-0.22415803931717007,-0.3965041529854067
company_5044,0.3229237132726385,-0.638714790252848,0.03679803844612653,-0.32110789101572396,-0.3107445319353038,-0.15921665258909296
company_3295,-1.0341790668130937,-0.4099623585751861,-0.2817264896224078,1.692475065033574,0.6092003104258725,0.20527073205279078
company_4163,0.22638951367208093,0.0409719472620028,0.1985004666981035,-0.4439092346301968,-0.37290989310597755,-0.19517394066743318
company_5873,0.011986652881548735,0.6396547319866193,-0.08764924401196966,-0.6456920323793613,-0.747719509311508,0.4845502626291287
company_5006,0.12858010835824943,-0.7003639590784546,0.22682635921759906,-0.13601858478317005,-0.4579137864784053,-0.1381439610277662
company_909,-0.2538934073168641,0.5430356757891875,-0.5394750027779884,0.06060512916965382,1.2457119606124152,-0.29669913550772986
company_1654,0.29957988164154703,-0.18726578083231435,0.10805003828150292,-0.3182740668892366,-0.3389795316822943,-0.06125096188293843
company_3849,-0.8343098292825959,0.3754665768639211,0.16122354647966572,2.616400266879631,0.7405626841058891,0.9639673108608319
company_6521,0.1717931523413317,-0.560225682905173,0.22169273424539196,0.3101442979460855,-0.4436979751533787,0.17389225308546527
company_1706,-0.45125705585597203,-0.0823317041689508,-0.5871394170331976,0.7714392725672058,1.0769697547531232,-0.06760554261179079
company_5987,-0.1058574002656667,-0.9152581621559818,0.24901498580922238,1.3405574299570298,-0.6845117839323026,0.6014114241751705
company_5934,-0.7111949936505273,1.6693079469547412,-1.084431454346179,-0.1758960503589796,0.5735409082708919,0.7271226946965289
company_7453,-0.3933895735197643,0.4399237557616515,-0.281274993398932,1.1207813784210436,1.1306305657731763,0.19187279356047318
company_6671,-0.22885357145253246,0.05398431087817997,-0.5159852706871239,0.8702903631953764,0.5641973759198001,0.4738562837336782
company_3348,-0.3429913532170137,-0.04785165487056181,-0.685953500421458,1.3212272357192514,1.1593628144529071,0.21730170911568022
company_189,-0.6384626188670992,0.770747931059955,-0.4552272639684832,0.4702396500291043,0.7017888681939344,0.7640426166619211
company_5283,0.1524405808211837,-0.4273182912286875,0.28583306678319104,-0.3244073796098416,-0.463035365328157,-0.07838351520143245
company_4583,-0.051790094896782796,-0.3424626256214332,0.6746931511097715,0.645331398715739,-0.6059231644523047,0.2993629408164346
company_6128,-0.1151651554605364,-0.8438922179540403,0.3368898360677524,0.2680489055194699,-0.6546430727658663,-0.01467504871441977
company_5171,0.5559367130989772,0.36928687048109105,1.0894337551652589,2.536802039932446,0.01992996150311515,0.9296531605308748
company_6168,0.08391146703351247,-0.6346444181830613,0.29586519006817125,-0.21732159880931642,-0.49414469637718006,-0.16634655294637724
company_5086,0.08983458429002135,-0.7541778833360662,0.19951511584130188,-0.00016566092639398597,-0.4934315753969303,-0.08027576770102259
company_7562,-0.12584660170714457,0.2904708975672965,-0.23862398080670164,-0.058681722724397964,0.7317597671507419,-0.1841687682373233
company_1811,0.25305716789996857,-0.286476042191588,0.22790409298304595,-0.3789298539270656,-0.38646105638733047,-0.052330657054608425
company_7134,0.21137546752910383,-0.1865390020877624,0.513123125047247,0.4014546375120568,-0.3685016167851001,0.14662000840334313
company_6570,0.3715013632531225,-0.43783910460433617,0.20532831129756288,-0.7693685552839812,-0.2512887344760773,-0.37918937258987057
company_4955,-0.04554232983177806,0.09456425733496669,-0.35827753906572657,-0.26071664078879003,0.810096392166548,-0.3529196459277014
company_384,-0.019563530405930007,-0.8434392842949204,0.24812362534453283,0.21639850768588467,-0.5807902348799594,-0.015633184453626284
company_1981,0.22723117677024732,-0.5442367366977262,0.2724962754732877,-0.5013073170838441,-0.3667108559988577,-0.2992030723282029
company_6886,0.40206045025535736,-0.4382265938509969,0.20112366366965803,-0.8012909937915508,-0.22415803931717007,-0.3965041529854067
company_823,0.3313883920266758,-0.4720338923364383,0.23755635855935484,-0.6981598918821093,-0.28081375115661755,-0.36693200478476223
company_5523,-0.16338894501336193,-0.8856268991581289,0.33900509569656245,0.37904830208567886,-0.6954377996798561,0.026434083123737125
company_5542,0.19411975102393508,0.13348147415739753,0.2208461688963323,-0.17318442318395755,-0.4950809670922361,0.3178591946001873
company_1160,-0.22228112341132317,0.2978402623285172,-0.5831861728820134,-0.018613564982717778,1.2647340368138973,-0.3350170604166023
company_6427,0.40206045025535736,-0.4382265938509969,0.20112366366965803,-0.8012909937915508,-0.22415803931717007,-0.3965041529854067
company_3833,-1.051666222631662,2.2584835270994654,-1.1878867904899877,0.05518666019821177,0.2626866312283725,0.9406376512860091
company_4727,-0.014687687247660288,-0.8219834345180352,0.23275645420660088,0.1949363990803548,-0.5817380565541046,-0.004774430356123613
company_1317,0.2515248261944822,-0.0969311870012257,0.14908470424812412,-0.6549875230851627,-0.36899147501780183,-0.24411798152276773
company_1281,-0.5261310345288973,1.6709323304168169,-0.27605364885853895,0.9038488495379737,1.0637738308325912,0.044049107794845596
company_156,0.27880712696499754,-0.3928774339082089,0.21167124579662427,-0.285961076890374,-0.33961284909370704,-0.12268609301854357
company_7484,-0.2532985172306499,0.25561772888030077,-0.6598159522279027,0.12208268809896348,1.2303475887157096,-0.25965153694623805
company_3529,-0.33297257220379856,0.47997700995903664,-0.4046398243938227,0.20873740863220275,1.1619090309100795,-0.15423678673720803
company_4647,-0.3995845516690474,-1.169295593018597,0.37150157530590455,1.0190149556908752,-0.8889467475331038,0.24093552019027079
company_5938,0.2925494391770543,-0.5197999043135972,0.14117280387736492,-0.5081231688191703,-0.33618151245397637,-0.21662574982439126
company_488,0.40206045025535736,-0.4382265938509969,0.20112366366965803,-0.8012909937915508,-0.22415803931717007,-0.3965041529854067
company_16,-0.14337957646287014,-0.7349010204911004,0.47390781531707965,0.050875812417158314,-0.6615211735149847,-0.14792734042543634
company_5549,0.28744209666794057,-0.19356931600740754,0.21773740538371186,-0.5509598517567417,-0.35519084961606745,-0.1266680876971638
company_3904,-0.4805786872210024,-0.3869026800970519,-0.8172098383681942,2.9987035013307,0.9822689640045323,1.1466014952642527
company_3614,-0.16080021782642068,0.33019454775494356,-0.5076015776692973,-0.18713833678175862,1.3311740347286254,-0.4463780194470092
company_2932,-0.5358572413108337,1.020355489408697,-0.709691088528638,0.10550398693256012,0.7869247301721386,0.6009765221623522
company_1748,-0.48061412150078225,-0.055982944241154284,-0.020050697772592153,0.9224551313410732,0.4474409700315912,0.1601065322940723
company_4440,-0.5985207491240329,1.0125807205264359,0.2588241223622855,3.1698444168679787,0.9248002960029117,1.3917046334204013
company_2094,-0.5025219954930603,0.016499609859590272,0.12776239264907435,1.6294556627080738,0.4424018181276985,0.4594650562004116
company_7610,0.24862078737894153,0.08424140218518143,0.08429934123628437,-0.33599113058671215,-0.4395041326164892,0.1824207644801915
company_4318,-0.05136502238488058,0.6062571253573293,-0.0408513773712815,-0.32431073937997995,-0.6778818298576066,0.13611351634868007
company_366,0.3388924241016853,-0.4393526781734298,0.09224994966808779,-0.6665444147560169,-0.2899140682861889,-0.31111130722708813
company_3199,-0.16080021782642068,0.33019454775494356,-0.5076015776692973,-0.18713833678175862,1.3311740347286254,-0.4463780194470092
company_3580,-0.3400945770691874,0.23343134401526489,-0.4419068571375857,0.11050358801841002,1.1824157627300753,-0.3407880209386729
company_5235,-0.2031711847306635,-0.16144103438277244,-0.30470958581864105,1.1194674732311243,0.6851301108082853,0.20481683983506527
company_3650,0.3266748498083991,-0.4787293366096775,0.1701723897276616,-0.6368462830971086,-0.2954302551067537,-0.30938894512704146
company_1555,-0.8200483784149386,0.3255427710475031,-0.22237457015832882,1.1955269750806279,0.6879408139458844,0.5056853869274678
company_4186,0.3882351221896149,-0.44222352792877906,0.2054748956819433,-0.7840622615156041,-0.23508646232680971,-0.3928436826903076
company_6086,-0.08018800531319406,-0.7919379956295315,0.36268508882504835,0.1343572918835713,-0.6193145680489129,-0.08437673917763207
company_6777,-0.03262711794265788,0.30198661513618813,-0.14799436156043583,-0.7228575934199714,-0.6648890872073093,-0.08593393648136688
company_7194,-0.19637896782424658,0.34587293741658814,-0.5503595179708244,-0.1368294863722469,1.2905578982257402,-0.39056200258530355
company_1650,0.3364528422784698,-0.5796447530025619,0.07485141446123925,0.20204594427316644,-0.2895991600985405,0.05490062199650698
company_2034,0.34208143691853743,-0.4793802425108652,0.1682974022731357,-0.6526577836786399,-0.28158697752240003,-0.31866028837920596
company_1009,0.3701852976460737,-0.4292075014771367,0.16273269116381428,-0.7494724790309516,-0.2601549275904163,-0.34559428973640044
company_7618,-0.314427556983609,0.9276293806428273,-0.3711914773989801,-0.6507513881479319,-0.9986830187845985,0.3344958941971207
company_5786,0.16669767158558219,-0.059487186746341195,0.11034264838643033,-0.604761922120056,-0.5680084168083472,0.275599861686553
company_4857,0.09058730125807266,-0.6111364765788632,0.3437854841585226,-0.07197450513322594,-0.4815519665529408,-0.11631670124358227
company_228,0.03577171730633186,0.36564961743727203,-0.18671444072279386,-0.7076437258613958,-0.7024958650221116,0.3095528264946807
company_5531,0.009879948305044682,0.4197623615453406,-0.14824523161860115,-0.4373005086464583,-0.6668313005705752,0.21323498815973868
company_4212,-0.26277275683985524,0.5132326303243607,-0.5905274430592617,0.1438308597867562,1.2331247732593509,-0.25168619153663024
company_2523,-0.3307494276652521,0.33347309338812947,-0.6061503412674434,0.5732788367921196,1.1247307386711722,0.11607685194349984
company_5799,-0.2496476948135155,0.32981261319130734,-0.6485321365238965,0.000725438293321658,1.2356518984633131,-0.3126999427506727
company_7476,0.2845680814670923,-0.23893319392776521,0.11872955667246722,-0.6862297875628026,-0.34163244442175933,-0.27449284992357464
company_3117,0.29827467579665845,-0.2273812016120802,0.1357874862078075,-0.5151953711755519,-0.3245810395680551,-0.21279600804868057
company_1550,0.24347375799627818,-0.24556129118696648,0.2045646931942201,-0.16789719001326034,-0.4133887679062005,0.11861807784255424
company_1892,-0.29232676749405667,0.7168807134462115,-0.3656178452475371,1.1341207809756693,1.1853320454614618,0.3490808924651458
company_2765,-0.350805266298924,0.7883692107693121,-0.66641669569076,0.2914089668084081,1.0373660851317452,0.30977119240324336
company_7015,0.15464142574933004,-0.5877912767240491,0.28309197667442265,-0.35968377961567133,-0.43157571052230875,-0.23158722832757161
company_2582,0.000112290992393181,0.15296894425325025,-0.08970165439053535,-0.6814227619684957,-0.5682074274160682,-0.3465224926843301
company_2794,-2.7649251964211126,-1.19043701991645,0.7570657515829173,4.051355338158136,-0.7575795957001463,0.8015687517825104
company_7532,-0.021349117416222283,0.09666118992291255,-0.28911037770174836,-0.337626971087782,0.8418727704618323,-0.41855172274056657
company_2417,0.2278310130016139,-0.565543563887563,0.2520118398889579,-0.45877745920099994,-0.368106398115112,-0.278197360698399
company_6938,0.3113893787790619,-0.49673062843538357,0.11147040866227685,-0.5563530569498181,-0.31615527182747055,-0.255338120737985
company_1523,-0.3395075370209586,-0.8552764766486114,0.5597607560208522,0.3857440237798251,-0.8206462187244333,-0.0418806989878056
company_3082,0.35194326984195623,-0.4180076508518899,0.12049667943663249,-0.714035455697084,-0.2843339106958079,-0.3023023032423908
company_4502,-0.24022061677342776,0.21319368819936924,-0.5881945595246082,0.1229039382960627,1.251730243365709,-0.2918941805573816
company_3099,-0.3933442573832868,0.03542328966731395,-0.5751503973263093,0.5361137730198914,1.1239751072748168,-0.14505119720362167
company_3058,0.2523709327328057,-0.16210250276714255,0.24374530955597054,-0.3287457034080719,-0.39859757722983435,0.033836275168808785
company_5605,-0.41664264795682493,0.24407161472979072,-0.3998505367991991,0.38818739377722655,1.110838848144245,-0.18651992409202336
company_253,0.40206045025535736,-0.4382265938509969,0.20112366366965803,-0.8012909937915508,-0.22415803931717007,-0.3965041529854067
company_1043,0.40206045025535736,-0.4382265938509969,0.20112366366965803,-0.8012909937915508,-0.22415803931717007,-0.3965041529854067
company_4793,-0.4803299626448933,0.2614860140119382,-0.2926563571971054,0.36598404573840576,1.0677086495101966,-0.22556942176601613
company_6773,0.2033429358059003,-0.6007241390837108,0.21162282133920682,-0.12149725267529606,-0.4028120354165158,-0.08242144154116936
company_4307,0.12001942312521857,-0.5740169926311081,0.3474133268639526,-0.3887607437110194,-0.4502883932903374,-0.27789897300616795
company_144,0.24488442649617206,-0.6220112837309015,0.06507857074459955,-0.055989259389876825,-0.3771900345975249,-0.03795266199099841
company_3732,-0.219877940881881,0.3065973146401092,-0.5178170224004406,-0.07997297014066608,1.2775620380082604,-0.3935767609513236
company_6565,0.33449391910227716,-0.46204206503497575,0.1580981504698672,-0.657332823891821,-0.29298065259646205,-0.3014090395218312
company_1767,-0.12515250903928432,2.2228867819991796,0.32198393030663064,1.98487950498944,0.5570050946781132,1.7676331787551018
company_135,-0.1316637636709151,-0.7197080794147601,0.4954575489933804,0.45666106111829863,-0.6583466852316673,0.07020422997086842
company_5236,0.15158519512575247,-0.5718599400412968,0.2719395487214788,-0.1403185798881927,-0.443442839147874,-0.09509594130152492
company_5399,0.3098986561425285,-0.2442114154008764,0.17215155215298508,-0.32074506529598806,-0.302103470033564,-0.16936780394256673
company_4572,-0.27527068828372064,-1.001173060571009,0.3390114103721024,0.6750150182126966,-0.7952514728861084,0.15687882485448656
company_2253,-0.11020929898991529,0.24774302516662963,-0.38123056150023416,0.32613081184244713,0.7102571435262678,0.10168608722618327
company_4406,-0.3813648945423413,0.6681670973379116,-0.6092727385383919,-0.02455410685765964,1.1752644013361258,-0.49460503641854364
company_5682,0.029590811617930507,-0.5419930453471192,0.3210656394863686,0.41271213291106,-0.5766962899789227,0.27600587453206926
company_1959,0.3530625874180439,-0.47517224247936757,0.2011745776585614,-0.6920616774109069,-0.26769275039968005,-0.3477504580531267
company_2177,0.26770548628642615,-0.5402249080962965,0.15167694038055946,-0.24428056876805143,-0.3532844419778033,-0.11530193814106178
company_4021,0.3624882909005859,-0.46810293568254674,0.15435590696202373,-0.685897094078024,-0.2636764177524011,-0.3353655665252421
company_6134,0.30582818058972194,-0.6051227658046295,0.12156208861239413,-0.4091525283988604,-0.31294286433003304,-0.23151321302225913
company_4886,-0.11257913334446112,0.7411967963448256,-0.19072633323537858,-0.4736094030047951,-0.8115062354203523,0.37876652595391885
company_6902,0.3280944708702623,-0.5037777643846383,0.08445436399139504,-0.5362719334975458,-0.3112809178986659,-0.2130295926929796
company_5426,-2.5028861517510275,4.336968514589645,-2.85358251518081,-1.4419583790076265,-3.489154672551186,2.2809040247721755
company_1873,-0.18795422436268489,0.32195669229274043,-0.49853351899878723,-0.15275631269108425,1.309597609830219,-0.43845043284064866
company_1891,-0.4057024176069932,0.3551704500589276,-0.30591812229025617,0.38310425040104046,1.1258795384995315,-0.18174518187944017
company_3180,0.0028691480210384906,-0.8548406782708375,0.18291498920696725,0.4844635615648183,-0.5784333659459362,0.16242336237811886
company_2141,-0.20046697474542347,0.31762163427499085,-0.4933200391728425,-0.13585827720814891,1.2992500957716926,-0.4325890981792621
company_6950,-0.2746820697034072,0.549433123003986,-0.5340384310175061,-0.0840212204305162,1.1908296703475563,-0.21414574705466108
company_1397,-0.29424482686434833,0.16964488518939264,-0.7335769936849929,0.3397507927180275,1.1855302834893844,-0.14681024907635082
company_6209,-0.14158118040537498,1.2623770120944986,0.2043313951972438,0.9078531412271553,0.7554469555413195,0.2961001192514205
company_7635,0.062660198169402,-0.6540728698313717,0.3080778475240688,0.04479290073945909,-0.5106615882469392,-0.05525378567333696
company_2361,0.33115937598095463,-0.43727516660014476,0.1369320352395249,-0.6772384641537559,-0.2981869018445742,-0.30198669198081435
company_6063,0.2814963369879638,-0.5164010746136712,0.09079392420406025,-0.257380172507085,-0.34791748597519484,-0.10233104525878038
company_3465,-0.14016290635271936,-0.3042748500970999,-0.5580948370033783,0.9808286132252066,0.7098025228304424,0.20229372239132923
company_5950,-0.2504960054039747,0.48842691883380357,-0.599163727935522,-0.04145034246954677,1.2397575153539013,-0.3241666234590828
company_715,0.3470251572890282,-0.4681027357434158,0.19533923257424252,-0.6929015694836873,-0.27324512006558854,-0.34712969087174583
company_4646,0.3395301798262941,-0.45857689194665446,0.22676097164749168,-0.717380255655167,-0.27657740908876055,-0.3645429037672899
company_7381,0.3070342437232583,-0.399124296770399,0.22300668732232035,-0.5291000144870558,-0.3162936306825556,-0.22703798764987518
company_7439,-0.22229281192988504,0.34143832019423026,-0.5418743470910896,-0.10452510036887099,1.2673768288760172,-0.3725222386146139
company_920,0.07538570218012292,-0.7414641208149995,0.26080424409627173,0.17847392499056794,-0.4992228780521686,-0.014163288520638282
company_1341,0.18587489829879536,0.1338517856210663,0.05578050167528417,-0.14304838502214018,-0.47463872727166506,0.19327549975803862
company_6116,0.029655932473517194,0.7696465906525657,0.49365426299490694,0.21423967973793281,-0.6052868698185077,0.48345051240799486
company_497,0.22867334124906702,-0.5034341555543965,0.24460389543092512,-0.3047298405419586,-0.38142610281918893,-0.14602076713163784
company_6755,0.3162619906841975,-0.47439509856673967,0.2406120181029426,-0.6811602145762714,-0.2929973455727642,-0.36291906696051335
company_1875,-0.42399365442017733,-0.8701527234625198,0.6208276358535277,0.4626585150336503,-0.8874933992990585,-0.025163712197256115
company_5227,0.3566114517703812,-0.4552624697247115,0.1855756851697012,-0.7123811297115776,-0.26824170066975145,-0.3427951442110507
company_3501,0.22724457221575764,-0.14475910539514164,0.2825012144193434,0.06634945540795285,-0.40394210872125985,0.15624657791588092
company_6727,-0.0501210955438271,0.42714014863617783,-0.26964949828787915,-0.8838034014725503,-0.7799353732470801,0.23290323874503804
company_6459,0.383127037500634,-0.4378053041078494,0.20106765701549156,-0.7841036219436868,-0.23896767991707943,-0.3953639742438593
company_4679,0.1626996550366644,-0.310836064596648,0.4885862253304526,0.21970096715020074,-0.41674655116401815,0.06843872481358178
company_6299,0.3231733230351408,-0.46000357413826043,0.12291012071529052,-0.620480477990248,-0.3102422997073828,-0.260887667805798
company_4522,-0.33597520449898827,0.4945173256786745,-0.5062969751272837,0.2939632896176224,1.1240170046323341,0.009623150969405931
company_722,-0.6616645486286502,-0.26053447193203055,-0.4034301758827191,2.472013133627817,0.9096591915273783,0.6527311104930761
company_2691,-0.23627731708311134,0.7623991374494059,-0.38308316408184595,0.29898088656085003,0.5117767295138357,0.5030860358695882
company_1774,-0.6745778606711005,-0.007412616848715246,-0.29109331719067394,2.538968053815076,0.8786925854268672,0.8107252682548255
company_4237,0.30660858017847603,-0.5380151315923934,-0.011195353855277505,-0.4234659316021213,-0.3293868851401793,-0.1844775596930996
company_6878,-0.196789628088036,2.3830086233320547,0.5620131451219925,2.117650599790246,1.405328591987239,0.6048812065447978
company_4801,-0.057257947652632896,0.4912175940299784,-0.39045413783877453,-0.8182898452310746,-0.8449766043554204,0.48427485045346474
company_1002,0.03559165272626591,-0.7963220469269237,0.2681586014493013,0.5171179012049931,-0.5331702028416694,0.13185092311645522
company_137,-0.2908496271149686,0.547348057473986,-0.6032024402485167,-0.07517548081886595,1.2005026511841728,-0.3169254615878759
company_3622,-0.07454948916553128,0.5961961544426171,-0.29965641108667934,-0.800016528313612,-0.8441925586088346,0.457186080091973
company_3182,-0.4342640093767618,0.9230611171943196,-0.8248668589094915,-0.0748050104813769,0.8996235024741158,0.3913688357185813
company_1303,0.3294888986324126,-0.46964435923823156,0.23566440010222892,-0.6984949255660629,-0.28264699459609405,-0.3664145716805176
company_3695,-0.4730774196336129,0.7215255383594487,-0.4810716914803141,0.635657248484215,0.9475364969083127,0.4235757861816782
company_900,0.25406490969667106,-0.5129448151284117,0.17759072388695638,-0.4992140615588747,-0.36517960520629295,-0.22362074256757292
company_1108,0.3598256161971782,-0.44557369240091027,0.21217095046181697,-0.7513181674091522,-0.2596026906904609,-0.3781281728656769
company_2392,-0.84558906190529,-0.8795535893173628,1.2267838980641932,3.728556540891427,-1.243591991099389,1.5183618689700513
company_436,-0.5532534422885225,0.1608495044130962,-0.5433898016024594,0.8684125271733645,0.90545826485926,0.34223367889408757
company_6651,-0.08244712471645446,-0.07185413427516994,-0.4087730805794056,0.044574160731844906,0.7783191148899499,-0.2436631405699162
company_7288,0.3022147300189766,-0.23331510756298657,0.12687636227101612,-0.6950275648218471,-0.3391316891179385,-0.2251003351641553
company_6319,0.3268229380934826,-0.40489133630115376,0.09087112913605831,-0.7210610704328289,-0.29016473179179575,-0.3730440704012732
company_596,-0.8310515547228823,-0.13652980914678386,-0.2689261288646014,1.0667732807145667,0.784307130115775,-0.03772586410342076
company_2339,-0.4671464396671779,1.118355066524278,-0.6150369065764757,0.2786539948749503,0.8502714459343618,0.6934935208335854
company_6243,0.3882351221896149,-0.44222352792877906,0.2054748956819433,-0.7840622615156041,-0.23508646232680971,-0.3928436826903076
company_3728,-0.3631092473877693,0.23635128101731823,-0.40621455229710035,0.10498446375569474,1.1689959685811997,-0.36331557461896313
company_6801,-0.2802160752712655,0.26153045618524373,-0.4716813630139788,0.02423568130884234,1.2299707485760785,-0.36342870418653855
company_1870,-0.22488604424308245,-0.9319999213331398,0.3849234035110927,0.484236026702315,-0.7427037866294012,0.05151219613053646
company_7271,0.30468988249397877,-0.3160507788771858,0.10994394628269906,0.10300534657499051,-0.3458998570878662,0.16098049178918494
company_5632,0.16418404787105995,-0.4439546327394389,0.4091952224277854,0.22971141929188707,-0.4164582619144718,0.047829573268916764
company_1583,0.34107899303925554,-0.46351229931359156,0.06276534712035789,-0.6338771848448347,-0.2805728487475334,-0.33377598131573505
company_7299,-0.3803326736030681,0.9752273068641614,-0.6631979182546075,-0.0766410633451131,0.32811869149181777,0.5414120970481325
company_4049,0.2885222995561652,-0.4940609581397309,0.2251715420804162,-0.6080486236859334,-0.32149468945545195,-0.3173206014102223
company_4074,-0.4438267261136232,0.12403634285200715,-0.4822748442913601,0.6490788670647508,1.0753430853838128,-0.04884962460094898
company_3952,0.4889615244468942,0.8095389151373926,1.3891935547508878,1.5212274142415818,0.018233355105694342,0.34444187410678956
company_2689,-0.004720487934506275,-0.022726302522641476,-0.10215979881411569,-0.718143016148402,-0.5222049658720468,-0.586278299497022
company_1132,-0.16080021782642068,0.33019454775494356,-0.5076015776692973,-0.18713833678175862,1.3311740347286254,-0.4463780194470092
company_1987,-0.30829814380250514,-0.7951593105358928,0.580642772366313,0.24992218299685157,-0.7907421568239092,-0.10388629450594637
company_6604,0.40206045025535736,-0.4382265938509969,0.20112366366965803,-0.8012909937915508,-0.22415803931717007,-0.3965041529854067
company_4488,-0.14467899699811038,-1.1367607455811757,0.1611649932580274,1.0516290626108669,-0.6969561524258656,0.3436959757318274
company_2857,0.40206045025535736,-0.4382265938509969,0.20112366366965803,-0.8012909937915508,-0.22415803931717007,-0.3965041529854067
company_4172,-0.3050294356652072,0.6196907545872383,-0.5596779365960436,0.2482721169962608,1.1912686219576938,-0.1662872337915013
company_5221,0.30290171061702525,-0.3930725497118258,0.21860135824424878,-0.5301941712425118,-0.32072764106593105,-0.2242501004342086
company_1520,0.40206045025535736,-0.4382265938509969,0.20112366366965803,-0.8012909937915508,-0.22415803931717007,-0.3965041529854067
company_5131,-0.16080021782642068,0.33019454775494356,-0.5076015776692973,-0.18713833678175862,1.3311740347286254,-0.4463780194470092
company_7212,0.05103988510601798,-0.8131817454041641,0.2128551727755789,0.1148121423346596,-0.5223014419100841,-0.05227127809834257
company_6105,0.11547412458262736,-0.32765227594029755,0.5097097471927462,0.9717924487166646,-0.4741099463665281,0.47695669939606966
company_7422,0.31067349393941385,3.5002296324526094,3.6179067062792067,8.089136666631752,1.4532377655853808,3.1965253590343683
company_4653,0.3754022091082589,-0.44651364759547496,0.21049078142354688,-0.7670674910831232,-0.24555606386951587,-0.38759231738992445
company_4174,0.40206045025535736,-0.4382265938509969,0.20112366366965803,-0.8012909937915508,-0.22415803931717007,-0.3965041529854067
company_857,0.3882351221896149,-0.44222352792877906,0.2054748956819433,-0.7840622615156041,-0.23508646232680971,-0.3928436826903076
company_7466,-0.3302675487014892,0.26111376698449185,-0.49548462112605596,0.10769704671562895,1.1757884064537503,-0.28736592374969105
company_5425,-0.9603421062844298,-0.2738494013267458,-0.2497125700481894,1.3993873333976006,0.6729890011390394,0.095505119309225
company_3231,-0.44605983099905067,0.8831426607064892,0.38154775330513874,3.8959162868074304,1.1283911807004479,1.4454807812194521
company_2660,0.40206045025535736,-0.4382265938509969,0.20112366366965803,-0.8012909937915508,-0.22415803931717007,-0.3965041529854067
company_5874,-0.5658110766423391,1.1107190392385748,-0.922746106026524,-0.2504116590590105,0.8342433392604792,0.12049087692875798
company_2350,0.40206045025535736,-0.4382265938509969,0.20112366366965803,-0.8012909937915508,-0.22415803931717007,-0.3965041529854067
company_4373,-0.037839145737816854,-0.8217649950985866,0.3041955508309884,0.3925877355347581,-0.592440764724119,0.05960092042649829
company_2571,-0.0432239858828011,0.69906449681984,-0.06537946475046358,-0.1965600084590089,-0.6962307215461484,0.30243492833834174
company_3942,0.026989173518607135,0.47219408745841357,-0.1385705543367301,-0.4955698384424896,-0.8032959529118837,0.7983203568713355
company_6970,-0.09693733682659889,-0.746706455455422,0.40478066505997184,0.06431871750357969,-0.6314382850346661,-0.11359603711150483
company_2739,0.40206045025535736,-0.4382265938509969,0.20112366366965803,-0.8012909937915508,-0.22415803931717007,-0.3965041529854067
company_4536,-0.9402150581730939,-0.5683690133374277,-0.5030448785270286,1.955315404643357,0.6678017624436691,0.3612831945545235
company_227,-0.5062107302015065,0.9050064643467713,0.48872319675738923,2.038364526593198,1.1311317566304626,0.40122660575937863
company_3338,0.19089561518153672,-0.795251736092237,0.032917918703980836,0.054350321390868137,-0.4255775964728674,-0.008179845900624386
company_5904,0.41778649100774784,2.4815758636996947,1.8636099755964375,3.8883259305508964,1.5273319561553504,0.9431354198917928
company_4169,0.19850794831758647,-0.03571130263263829,0.04203607548687782,-0.5947459406552019,-0.44271954228200616,-0.11791578887124714
company_6383,0.31598531275353364,-0.6140535232605542,0.0914549472928361,-0.38589297519141713,-0.3091014451019548,-0.20714057873187047
company_60,0.3828482428691355,-0.43756416145712335,0.20082711392453817,-0.7841058793583555,-0.23917951325456868,-0.3955015294720365
company_6787,0.20686364223435014,0.3699844108389401,0.34889414463161217,0.10216004605512714,-0.3762534322900954,0.06304659270375329
company_6468,-0.567456307601897,1.103317695571733,-0.7168930553166616,0.05831412939382168,0.737808472475365,0.6741328578926481
company_6989,-0.19701875997018517,0.18448101233898656,-0.7473200674415167,1.091307006096478,1.271326361335075,0.19015990523477855
company_4276,0.2839657533732933,-1.853953529903182,-0.7784614010166685,1.9639139599910813,-0.41189212852671003,0.8667577881200628
company_471,-0.11653921610783347,-0.8393490771063483,0.33456710108628157,0.26660144638096894,-0.6574394180190765,-0.008816756605496648
company_4098,0.336382217492267,-0.4701366353733004,0.20083765680690982,-0.6776661228402922,-0.28421872523631764,-0.33271105649633603
company_3965,-0.24940162785692216,0.7570161091756643,-0.3261080304511161,-0.5886505579684285,-0.884728324287772,0.12181619445355174
company_224,0.20785891988587515,-0.07927822167550029,0.13192136854548814,-0.45127141510537594,-0.5086128324027159,0.25290424223804514
company_7172,0.30009238515041026,-0.4978481600952621,0.1552056133575815,-0.5643881062248853,-0.3238569051021537,-0.26020341689080745
company_6829,0.7568352593725642,-0.9895601295468789,0.6533038893981631,-1.1705546993603242,-1.4980059630814353,-0.24702635333223755
company_5113,-0.030142836212832733,0.085865786728452,-0.2795885821540931,-0.319310045832955,0.8360453355204244,-0.41717527494655987
company_364,0.2718829425249021,-0.6991223408456896,0.05450976089805701,-0.19058375447943685,-0.3514109789234825,-0.11905830720576142
company_6132,-0.018177176073728485,0.3696840383503293,-0.23197750940247308,-0.8707742659934586,-0.7400839612489493,0.1905501902897963
company_395,0.3359196453145155,-0.5166046170643253,0.16022857990315667,-0.5903539994102474,-0.2855084847882632,-0.30183092963262836
company_5470,0.24051187606879196,-0.5477741724549656,0.19940897655147696,-0.23329409385729402,-0.3712806574684296,-0.12576340327809424
company_637,0.2602012377443706,-0.5040656097298215,0.2730937538323877,-0.595602437387642,-0.33855559686003883,-0.3350225148608715
company_6517,-0.5585814473071924,-1.0055120512934068,0.6712683619349405,0.9983163642626257,-1.0001190025956168,0.1928103033858774
company_1097,-0.23699446165185387,1.4229275241834836,0.5987709674553441,4.3702179818374445,1.279020924640001,1.8873698356952953
company_2796,-0.1726220048115637,0.32446465632279115,-0.5015216970033806,-0.16989338172920976,1.3217679394324682,-0.4417290166646706
company_814,0.117654197553037,-0.6126943033503807,0.2040506643749677,0.011348043283329405,-0.48820969155053084,0.018195466854003278
company_754,0.40206045025535736,-0.4382265938509969,0.20112366366965803,-0.8012909937915508,-0.22415803931717007,-0.3965041529854067
company_2532,-0.20040883590071212,0.30358628995085757,-0.5554979552754252,-0.07313049893670122,1.289937336478928,-0.3789512887266224
company_3496,-0.6422846367054831,-0.19924733668890018,-0.1609677423483368,1.9527766089332892,0.22151332368284518,0.9274143255562429
company_5666,0.40206045025535736,-0.4382265938509969,0.20112366366965803,-0.8012909937915508,-0.22415803931717007,-0.3965041529854067
company_5111,0.3770147329178867,-0.4470113850519935,0.21157798220519547,-0.7674385000450485,-0.24479939357670447,-0.3850489633564146
company_5153,0.17671724502293742,-0.5564988873727691,0.2913650867660427,-0.4357217235564663,-0.4108960459229378,-0.26687210722806226
company_7047,0.007449932250649516,0.1004983196667358,-0.29574963103201296,-0.37072067353355304,0.8662546155592161,-0.43146973753474527
company_3858,-0.4939357884007349,0.3118892659587707,-0.5527548898248945,0.6078175600843243,0.9442678324772599,0.291132264203411
company_5123,0.3311528733764512,-0.47101752890555254,0.23707767119995907,-0.6985097455134287,-0.28141719308212015,-0.36546482624274546
company_5739,0.3882351221896149,-0.44222352792877906,0.2054748956819433,-0.7840622615156041,-0.23508646232680971,-0.3928436826903076
company_1919,0.2556851712499884,-0.436725183956561,0.24196735628120178,-0.0022042220298667107,-0.35270833286611114,-0.0216788661596639
company_2028,-1.4112018439420562,-1.1028683625806253,-0.4592548332899625,3.2101706716893847,0.27282129993428134,0.8157589635930326
company_5250,0.7691324234367625,-0.9394097287606407,0.6456034499879835,-1.0260454007130357,-1.4927927666476042,-0.15476349810588688
company_7260,0.9784985779156138,6.131488288749539,6.869119883252024,13.079136221844438,3.298975751865908,3.638473038219811
company_3202,-0.0668221456597611,0.12100981605836479,-0.4572029926328433,-0.21810107770310386,0.7818238815808671,-0.3084655593762115
company_2701,0.40206045025535736,-0.4382265938509969,0.20112366366965803,-0.8012909937915508,-0.22415803931717007,-0.3965041529854067
company_6998,0.07766188260957582,0.16838515666237464,-0.0959832854168457,-0.6383569288119744,-0.5865517270447048,0.01646499956270778
company_6731,-0.9487588070129451,-0.9648801269369927,-0.24555387528795522,2.1762207321860583,0.057308085383498276,0.5147352149154193
company_454,0.3222602519574391,-0.4744323529039696,0.20512121334631583,-0.660202008860514,-0.29508244592621397,-0.3302790137759608
company_3460,0.3857495971698148,-0.4400736798901028,0.2033303928710704,-0.7840823869412946,-0.23697501038645993,-0.3940700225211755
company_2639,0.3636946858541961,-0.45144817249000513,0.2163661222310512,-0.7502044725149221,-0.25534242587405975,-0.3811446699470716
company_840,0.3882351221896149,-0.44222352792877906,0.2054748956819433,-0.7840622615156041,-0.23508646232680971,-0.3928436826903076
company_1537,-0.7556924405580905,1.5660361949282384,-1.1222910000525277,-0.2082385221871651,0.551979900628553,0.625199493472159
company_3873,-0.19250239843251743,0.312744084103469,-0.5260500356825192,-0.11353992035745032,1.3002989814277504,-0.4050959926716659
company_1205,-0.37242018041658415,0.4728776596799612,-0.3291310986810457,0.42593437202262135,1.1412515132674543,-0.09805445896903739
company_1796,-0.2189890826961658,0.2385194320035413,-0.6991506277028037,0.3441510179258566,1.2608062541758187,-0.16960169813818987
company_5731,-0.4453066867047814,1.0664409576183205,-0.7469855505354235,0.4400736480315469,0.8380817069931804,0.8628538904031126
company_131,0.06965596754391544,-0.6631480886162693,0.31513897011394654,0.046144412958489714,-0.50376635128329,-0.05769460542880924
company_2299,0.24187892608253034,-0.40852102638784565,0.16672944789801286,0.45348537277834167,-0.3720955602427372,0.20548871932833723
company_833,0.15277002752466046,1.450942292914013,0.7861433477336826,0.9470310470940076,-0.7643847150398021,2.009176074009924
company_6855,-0.591198099589704,1.6185793259633139,-0.4447682409738378,0.7119312686548132,0.9912694908563572,-0.015084480394915112
company_4273,0.832295144663344,-1.0255858708140746,0.7428530914263518,-1.2707318264739136,-1.4130096637529548,-0.35838198721180753
company_2605,0.26104612252339376,-0.5357604808272229,0.15837521532211138,0.6229130478061893,-0.35537368022187105,0.2661106370202892
company_2491,0.3882351221896149,-0.44222352792877906,0.2054748956819433,-0.7840622615156041,-0.23508646232680971,-0.3928436826903076
company_759,-0.34398886061138734,-1.2100623005354492,0.3483036226845129,1.4685857536840627,-0.8421724348108969,0.4433541704160964
company_4557,0.36045688656392477,-0.4819717055137741,0.09093134791088084,-0.6224837198760435,-0.2737197912488488,-0.28595561936456965
company_1080,-0.40925951250162274,0.3367231728063497,-0.37383276895014034,1.3598571372542474,1.0985839241025523,0.345424820756849
company_5137,-0.20205713143122256,0.32214079089243625,-0.4957577290701683,-0.13721718852062292,1.2963997186259182,-0.4272483384827814
company_4934,-0.5289038780382318,-1.0613280186371818,0.5662956912420303,0.8893544913807186,-0.9837846216640905,0.156752968491096
company_7630,0.18916013641885016,-0.5932829216927876,0.24395298318653882,-0.3677400821618663,-0.40451133401698736,-0.23057588118802141
company_2883,0.37621047087449244,-0.445497464694596,0.2106066784627968,-0.7677953667563969,-0.2458379149427886,-0.38385144097789287
company_81,0.14490519840327729,-0.33823920104840843,0.4144643942952421,0.34926223996236294,-0.45480112135602013,0.2014869188130164
company_3468,-0.6079502238019792,0.503275438553694,-0.18405628520313624,1.2827885926171665,0.9079876904739365,0.43209692747899503
company_1721,-0.1762251400764788,1.2304270474472565,0.05022473379989408,1.9206665432426724,1.3610059981105895,0.5408785692826188
company_6444,0.40206045025535736,-0.4382265938509969,0.20112366366965803,-0.8012909937915508,-0.22415803931717007,-0.3965041529854067
company_3694,0.15601897150138314,-0.6331935749587868,0.24316974782247483,-0.2734945059979767,-0.432855354116809,-0.19462170690816682
company_6753,0.11583239991150425,-0.7713968661382992,0.17036923305040313,0.01039515282118879,-0.47162380304683243,-0.07910937382413281
company_2389,-0.16080021782642068,0.33019454775494356,-0.5076015776692973,-0.18713833678175862,1.3311740347286254,-0.4463780194470092
company_4528,0.28739395769078413,0.1588812316465929,0.722140326366522,0.3359348394509183,-0.27656973233250715,0.09047965047479421
company_4914,0.40206045025535736,-0.4382265938509969,0.20112366366965803,-0.8012909937915508,-0.22415803931717007,-0.3965041529854067
company_689,0.30629712910504103,-0.31429780776350497,0.08738938224162301,-0.7755295486903712,-0.3398565331983149,-0.2608938342780285
company_5245,0.3862504824399646,-0.4405069192286954,0.20376255503447827,-0.7840783312471441,-0.23659442845808934,-0.3938228893993656
company_92,-0.3072200515040336,0.10125976263580767,-0.5841443311955192,1.3431061807438889,0.3743426353172355,1.1678856095452683
company_4470,0.3782584112568071,-0.4494902619709234,0.21312668412649374,-0.7668276501047873,-0.24312147990938457,-0.3871692774854784
company_5188,0.29937204294150066,-0.45712492030029767,0.04826847059318856,-0.3207631779952907,-0.347100974551223,-0.07259822661290927
company_1980,0.3194883168175346,-0.344717174868515,0.708431290090303,2.0961545547040608,-0.22256914329430083,0.7259839619560838
company_2957,0.3308131238139739,-0.4764168524551902,0.13282561872425452,-0.6162203832470199,-0.29931564376077285,-0.27622292446383145
company_6672,0.11176572471137182,-0.661516913184373,0.2710491754441201,-0.20329999819997335,-0.4667225871679219,-0.17994461411916354
company_945,0.17620144779313676,-0.6519646482974761,0.18318873357756885,-0.22653822248624184,-0.4247379982853355,-0.14793575550730054
company_5340,-0.006375395815092921,0.09650138558895362,-0.2913983990197277,-0.35349194125760636,0.8553261925495764,-0.4278092672396462
company_6843,0.1565038070382573,2.724418185930874,1.3834552135126295,3.39058538771956,1.1555796659193138,1.238231259695926
company_3006,-0.009650797749171465,0.5107969906838359,-0.08434083237658407,-0.5490577416712199,-0.6997849643637712,0.24755479652503767
company_4645,-0.2786216633630332,-0.012936057477271943,-0.7852984572011602,0.8264854161913536,1.2020443626748434,0.03279804870880432
company_1214,0.1797259040732708,-0.5853090908377486,0.20782736761874812,-0.3341123389759295,-0.4242922955542309,-0.17438026131887813
company_1345,0.29657976964753063,-0.5811946142923683,0.177972334487351,1.529811685557574,-0.3311123291726874,0.7034380975925639
company_2291,-0.1813284303799702,0.33199525520351547,-0.5090335723437481,-0.16996387811102498,1.3151526356303664,-0.44602470323952625
company_3752,-0.10011749510246351,0.014624431488575687,-0.28616668882640073,-0.13315499034517456,0.7737382604822709,-0.33659399662649336
company_5639,0.40206045025535736,-0.4382265938509969,0.20112366366965803,-0.8012909937915508,-0.22415803931717007,-0.3965041529854067
company_5662,0.40206045025535736,-0.4382265938509969,0.20112366366965803,-0.8012909937915508,-0.22415803931717007,-0.3965041529854067
company_5049,0.40206045025535736,-0.4382265938509969,0.20112366366965803,-0.8012909937915508,-0.22415803931717007,-0.3965041529854067
company_6323,-0.5394582666423956,1.2819116763188596,-0.7276495192644766,-0.8115081394208528,-1.301290993976357,0.6672614704069015
company_6605,0.3121073859688033,-0.5089146748451817,0.19384959497826362,-0.5976265387208969,-0.3016655672507774,-0.31680222632653654
company_6986,-0.7759437080054418,1.4260435868401597,-1.069191550382612,-0.18509689247375705,0.640335515952741,0.20553310490017881
company_3374,0.3396847946210498,-0.3726989921226462,0.12620408193534713,-0.7626187516206264,-0.29906676926930786,-0.3019428354307174
company_4666,0.21961156214720923,-0.08745330983885928,-0.09614401221422242,-0.08825873516518379,-0.5270391853146644,0.4925564366219003
company_5748,-0.42286591549731345,0.8307806918024896,-0.48026133717755176,-0.6942099150739527,-1.0170200723930185,-0.018925248711085977
company_203,0.3540222390629841,-0.46011129296284103,0.22466457931248332,-0.7324821985352404,-0.2625543213578408,-0.3775281113226871
company_1070,0.07217435403564962,-0.7036340436455419,0.239291029174765,-0.07214879470329037,-0.5086107499019761,-0.10112905977400115
company_2728,-0.4156487323262432,0.8543007294080461,-0.5432638649640787,-0.051794807296124054,0.5066101308233003,-0.27572939983208267
company_1455,-0.23417943025668353,0.38380826842533666,-0.5738789025718377,-0.12886978748478206,1.2503414530427583,-0.3574340107324012
company_1333,-0.018765799780496,-0.6494961855381286,0.392342280203207,0.07864551809619554,-0.5740175313781347,-0.055180841249956654
company_3754,0.30404934213243967,-0.3375979628131569,0.15295445416439593,-0.37131991547065063,-0.31692395763827685,-0.1678291497964437
company_5604,0.14215427293521563,0.2665940209674698,0.16731220078996148,-0.4805671176613692,-0.5565467033452965,0.24911062029851003
company_912,0.40206045025535736,-0.4382265938509969,0.20112366366965803,-0.8012909937915508,-0.22415803931717007,-0.3965041529854067
company_7632,-0.6359209597836529,0.0022089227798944306,-0.32782535043257394,1.6121153397705439,0.9183110739324813,0.36019422221604086
company_394,-0.011129391435458163,0.9652482838099791,-0.6204813164108389,4.619838262601995,1.2389202284717253,2.6841084530513393
company_4043,-0.5154160918527447,2.3950561287600616,0.5577656762795105,2.6461604436690243,1.013592629704801,1.3013883388989222
company_1057,-0.39738608641470596,0.308209018095611,-0.6756510000205448,1.0413763732335366,1.0026536850453902,0.5696178455483574
company_3160,0.014987207238225024,-0.6269217514878049,0.40336189690658425,-0.23347828473651042,-0.5338254397030275,-0.23568910102778026
company_2184,-0.45075853810553657,0.3319998946777165,-0.28024275308970764,0.45138336672409396,1.089073444746652,-0.15877753696279862
company_1478,0.04579313736286947,-0.766086899132949,0.21793981312261673,0.2880034381954967,-0.5384116340889281,0.07895361669954566
company_4937,0.33565394731216985,-0.42386323941234627,0.10233247681762485,-0.7161369740444762,-0.2775346670601102,-0.39076933736369057
company_4247,-0.17462554589216311,0.3261976136771614,-0.503250345657012,-0.16990960450581194,1.3202456117189858,-0.44271754915191014
company_5808,0.14345536289689959,0.08940289359149543,0.09362877924470522,-0.5819246681369595,-0.455326360759493,-0.22960969176866264
company_4286,-0.3267527710405491,-0.8629981694395172,0.5307233284613123,0.4075449340338203,-0.8166362552591813,-0.009492929783458295
company_4558,-0.10216727055885941,-0.010137237312970934,-0.412878007014157,-0.008331597886375925,0.7527170992353146,-0.22759015002376268
company_3646,0.40206045025535736,-0.4382265938509969,0.20112366366965803,-0.8012909937915508,-0.22415803931717007,-0.3965041529854067
company_4878,0.40206045025535736,-0.4382265938509969,0.20112366366965803,-0.8012909937915508,-0.22415803931717007,-0.3965041529854067
company_3722,0.3324139675621416,-0.25141872495076306,0.1765481665832403,-0.3363244308700651,-0.2826458720750675,-0.17592618498691115
company_6687,0.40206045025535736,-0.4382265938509969,0.20112366366965803,-0.8012909937915508,-0.22415803931717007,-0.3965041529854067
company_572,-0.4298831503766538,0.6798220897968006,-0.12408443703238507,0.9642547679225955,1.0971065317484647,0.182544060982617
company_3261,-0.22380522024299743,0.05050026505070615,-0.7978752935112917,0.46821747520462675,1.244895684811329,-0.1053420479527045
company_2248,0.3022892117996043,-0.5475921265514917,0.11722182683024392,-0.47663667276092203,-0.3226163217038387,-0.22991231596161787
company_1220,0.3744806837221536,-0.44454821342929807,0.20929962647618383,-0.7675752012429576,-0.24686655283776185,-0.38577053761580427
company_2664,0.40206045025535736,-0.4382265938509969,0.20112366366965803,-0.8012909937915508,-0.22415803931717007,-0.3965041529854067
company_7537,-0.2466815831557106,0.281191634620754,-0.491858622029298,-0.02785794894877609,1.256303309287587,-0.37676692266950057
company_7470,-0.20711948055917634,0.29305395269836415,-0.5837988082820595,-0.03256571504458911,1.280662004958548,-0.3528795277384418
company_6040,0.40206045025535736,-0.4382265938509969,0.20112366366965803,-0.8012909937915508,-0.22415803931717007,-0.3965041529854067
company_2272,0.35321923031979463,-0.4382904515480435,0.20593908171601283,-0.7520434735579619,-0.2654419498034161,-0.3783305283992243
company_2282,0.12411189856450015,-0.5051128679513517,0.20160442087411837,0.0997584829917257,-0.5020843698402884,0.14842206611994446
company_3294,0.3586892922648975,-0.43764026180425264,0.16991438369132353,-0.7311882700395382,-0.26804882947984887,-0.3455018208756191
company_5045,0.3857495971698148,-0.4400736798901028,0.2033303928710704,-0.7840823869412946,-0.23697501038645993,-0.3940700225211755
company_5360,0.35984390332868543,-0.4443546418049835,0.123057170929472,-0.7161259157295436,-0.2593801540032805,-0.3779931900045372
company_3988,-1.399530193853886,3.7200243285281775,-2.0131456367727503,-0.43638404195240654,-0.70782759924513,3.4103202648444553
company_5544,0.2995667496505575,-0.5100368669132924,0.1979580553368974,-0.5820940282436501,-0.3136999173349444,-0.3047416577571854
company_895,-0.00735674221029531,-0.6485066500759603,0.35958531821712814,0.09720408315088293,-0.5749723889795435,-0.008751856404043665
company_1744,-0.3137180148178138,0.47767652011753275,-0.4850901144844949,2.2957100549685423,1.120185320869477,1.0146377039245669
company_849,0.37749058433604116,-0.4482412475411628,0.21226593434045404,-0.7670842924916574,-0.24401040470139165,-0.3864085211308399
company_5598,-0.051973815307133214,0.018145333193636967,-0.14292981422995021,-0.7185256288041155,-0.5581089213787047,-0.6095927449507841
company_1993,0.3496129043551782,-0.41571643697567656,0.11839263150097735,-0.7141723136087191,-0.28624851053073136,-0.30291516320816225
company_6160,0.40206045025535736,-0.4382265938509969,0.20112366366965803,-0.8012909937915508,-0.22415803931717007,-0.3965041529854067
company_6532,-0.048485553553732165,0.09097684911765884,-0.28089793233906707,-0.30434462909374566,0.8189679240606307,-0.4056105563031695
company_6481,-0.008360035564743218,0.09821799428903728,-0.29311073966719275,-0.35350801098914636,0.8538182264182969,-0.4287884739487042
company_5521,0.011191752134480674,-1.2102910096093977,-0.0977017530250277,0.9234346383446922,-0.5870030117213659,0.3356519761717229
company_4400,-0.26083906924460004,0.2926320496700568,-0.46488078214454653,-0.05074295219563036,1.249918809788062,-0.4049651466343853
company_1315,0.22658584569570125,-0.5418268933099039,0.271311785874984,-0.5021053550007534,-0.36816841192400124,-0.29591366474238073
company_4823,-0.4227110480567878,-0.013567101325771267,-0.5707058412883184,0.6328797154006908,1.1015364573143072,-0.11856499368384144
company_470,0.31055858590575774,-0.7781165583542433,-0.041491529859309845,-0.06780175221510472,-0.32280189063496534,-0.0685636495074876
company_4547,-0.18311157733862388,0.3279553129416667,-0.547599682541964,-0.14447313469107936,1.31276158260144,-0.438136631959059
company_2409,0.33557924755311874,-0.366964434858328,0.12192164855821637,-0.7635868752588161,-0.30332678292657345,-0.29971417118160176
company_766,-0.06331171481584882,-0.6997118216476401,0.3152805660183166,0.29281698188002236,-0.6473792715594425,0.1610568233530066
company_5344,0.23214923369058574,-0.27075605890745,0.245575185496579,-0.1761226210070503,-0.3997642225150868,0.02521148653887671
company_6962,0.7393144362452736,-0.9774879925719282,0.6003119450460075,-1.1462617118848206,-1.513660580270853,-0.24203245674492913
company_5348,0.3882351221896149,-0.44222352792877906,0.2054748956819433,-0.7840622615156041,-0.23508646232680971,-0.3928436826903076
company_3203,0.2662338518184459,-0.506681605935046,0.23849668895942902,-0.5735525569233044,-0.3392831052759535,-0.30733207117484923
company_4493,0.36567395944646636,-0.45288793974502856,0.17906159720736972,-0.7271899250372583,-0.2579328159716212,-0.35999332497164077
company_6240,0.09201888837044316,-0.5369300933732722,0.3085744999010183,-0.11477472785243124,-0.511115003918916,-0.01018203613924026
company_3642,-0.3925096571971716,1.0289981251815723,-0.5154763088807731,0.04387370413902654,0.42778388913212917,0.18788563969021932
company_505,-0.35601904417789465,0.28366345661531983,-0.47201654881216487,0.31984390027857096,1.1486679894658987,-0.1655002726253849
company_6325,-0.017723282383629222,0.10631670890621787,-0.3011893182218404,-0.353583825686876,0.8467038576346526,-0.4334082313153671
company_1771,-0.6848779362437752,1.1500636793780983,-1.0428224603637284,-0.20101164780318537,0.7730655119855261,-0.04261210773169153
company_4022,-0.616905220832723,0.5728698727141301,-0.2628081482512366,0.8097640382420753,0.0029641876260330987,1.4406341755189493
company_5158,0.27977255018976255,-0.5935604558933302,0.08161266281696772,-0.13545168836511198,-0.3510797354509027,-0.05086033400378882
company_2789,0.37659427013120256,-0.44805789753887365,0.211693251705409,-0.7668381148233588,-0.24438225317231096,-0.38800404959572926
company_7652,0.35234902758981745,-0.4585065843525415,0.22316755723781737,-0.7325631687990861,-0.2639079127133166,-0.3780468471516937
company_6249,-1.0361623897024124,0.0768529276515838,0.09411869307677519,4.060060736087439,0.506786448631451,1.805352225308001
company_469,0.33967027438112296,-0.424551630655235,0.165515489478269,-0.7193935600534886,-0.2895016480937073,-0.3198669412754376
company_3243,-0.48999009075265954,1.7099976344553223,-0.21726084187008585,1.732119892503945,0.9249313386339172,1.114915364227409
company_6449,0.2546926402173076,-0.7027732439028249,0.05682704735302754,-0.17228425016165513,-0.3635566032605184,-0.12205478302393068
company_6955,-1.2296208877413357,2.091083431059654,-1.591963115136266,-0.28238631086403976,0.14926068688346478,0.5325380995147591
company_4316,-0.25299590308433656,0.3018243278467954,-0.47440055297390515,-0.06802915210515138,1.2562908589200596,-0.4115360805553679
company_3024,0.31943105675820727,-0.4777548015512424,0.24355598785710095,-0.6808696816200601,-0.2902662887851102,-0.3625608154668921
company_2718,-1.4030282029410106,2.3172872381932677,-1.2163589295462363,0.22484821361621646,-0.33633733496585105,-0.16154351541426346
company_266,0.37390674747451436,-0.4450781489202564,0.20915236407487686,-0.7671404002756765,-0.24676651905806898,-0.38805348631281944
company_6101,0.37638124035322373,-0.4476753958666886,0.21144224780054546,-0.7669247194494831,-0.24464766932944773,-0.3877228994491448
company_5548,0.3882351221896149,-0.44222352792877906,0.2054748956819433,-0.7840622615156041,-0.23508646232680971,-0.3928436826903076
company_5903,0.33910149441136,-0.4603516160165425,0.22711841558754722,-0.7164650994958696,-0.2757824186008123,-0.36893476089873567
company_2290,-0.16080021782642068,0.33019454775494356,-0.5076015776692973,-0.18713833678175862,1.3311740347286254,-0.4463780194470092
company_2355,0.32623291861033266,-0.5023542087066225,0.18880033844041885,-0.6160616236538946,-0.2919837437288391,-0.31481383309134037
company_7383,-0.09717982685869478,0.24812845522713028,-0.43861286003449385,0.5484217380634644,0.7250286731047385,0.17943949245613594
company_5998,-0.09312926150346637,0.06249367803216606,-0.3201556253930048,-0.17720080575827943,0.7684018570438002,-0.31123778444146116
company_2226,0.3862504824399646,-0.4405069192286954,0.20376255503447827,-0.7840783312471441,-0.23659442845808934,-0.3938228893993656
company_6093,0.14858922636057745,0.7050027073643976,0.3297641959971751,-0.07900853678796739,-0.5661016798404279,0.5714755336318468
company_4025,-0.15873547067888583,0.08167680199980355,-0.24671398881237827,0.059237319763543614,0.7084427490908958,-0.17769937238707248
company_7129,0.12518236017625434,-0.2815447820140103,0.30102686619481844,-0.25274182060937167,-0.5120504179552705,0.07472574169179724
company_2715,-0.2821755450829158,0.2334499106880616,-0.5972161715125816,0.1504473775888101,1.2107110242749661,-0.2606946524099254
company_3710,-0.5715250999420918,-1.515821194608746,0.36116077992263906,2.373577487888098,-1.036789307639103,0.807002997090193
company_5809,-0.12891679792277672,0.7373715719213559,-0.39795440451574354,-0.9670710480654648,-0.9837710958112238,0.7488302958236693
company_1275,-0.23298031209252384,-0.8432654310889318,0.4624284881740813,0.31467788471654123,-0.7407077040294442,-0.03808455309696802
company_557,-0.2967651025344628,0.7293186626522283,-0.5056910064141303,0.2679031531244605,1.2023013517589083,-0.15056392470061492
company_6422,0.17693234277204412,-0.55611973455415,0.29135907374177056,-0.43596197937811854,-0.4110278445240889,-0.2656647348504925
company_2314,0.36567105324291604,-0.4531117876371434,0.17913582452907256,-0.7270930291804469,-0.2578167837306328,-0.3604358046438812
company_5296,0.36142852758287797,-0.44828174054024694,0.21400195388718185,-0.7507393237993879,-0.25769442101492357,-0.37991235798715245
company_4926,0.3862504824399646,-0.4405069192286954,0.20376255503447827,-0.7840783312471441,-0.23659442845808934,-0.3938228893993656
company_1826,0.1257826409353673,0.2147410181678996,0.09598220833807548,-0.28640976373388294,-0.611617286835118,0.48197146287324694
company_3980,-0.12287110839192442,0.3644299610799538,-0.39649160301870817,-0.2681787232702389,0.7023070505810991,-0.16989695084184925
company_511,0.40206045025535736,-0.4382265938509969,0.20112366366965803,-0.8012909937915508,-0.22415803931717007,-0.3965041529854067
company_7234,0.2703629006328159,-0.4413502299974108,0.192948632523372,-0.3989599774916442,-0.35722555749748236,-0.14207265915864914
company_307,0.832295144663344,-1.0255858708140746,0.7428530914263518,-1.2707318264739136,-1.4130096637529548,-0.35838198721180753
company_5181,0.40206045025535736,-0.4382265938509969,0.20112366366965803,-0.8012909937915508,-0.22415803931717007,-0.3965041529854067
company_4781,-1.1947405139935097,1.997782924936086,-1.3544351051199077,-0.8911565147019338,-1.8683044593013216,0.5928634070894082
company_3394,0.26959453320744947,-0.12310672127953841,0.16423921901073776,-0.42524643650964894,-0.35235696159967334,-0.1436418703042079
company_7280,0.32924049353025886,-0.451795656909149,0.21860132080759176,-0.7165563822260056,-0.28328894400227717,-0.37374805759215024
company_4568,-0.8916231180124469,-1.2732731078551738,0.845222946792534,2.0767983886553156,-1.2649560279247714,0.5807959744302503
company_1713,-1.476196754149393,-1.8307095200949508,1.055845862354163,3.813883643770441,-1.7336460539857381,1.179735741991339
company_2390,0.007449932250649516,0.1004983196667358,-0.29574963103201296,-0.37072067353355304,0.8662546155592161,-0.43146973753474527
company_6476,0.35008370723022725,-0.47269268035963813,0.19863729596787336,-0.6920442606783356,-0.2699054844069688,-0.34940923532546614
company_6844,-0.6862191903078063,1.312355134280583,-0.979546197650241,-0.1689216786430895,0.7273571009686367,0.1795009240285331
company_608,0.3862504824399646,-0.4405069192286954,0.20376255503447827,-0.7840783312471441,-0.23659442845808934,-0.3938228893993656
company_6405,0.28685475143916483,-0.24786679599152023,0.15567350175857264,-0.6517051642731337,-0.3625352396436822,-0.16221051555220728
company_199,0.3882351221896149,-0.44222352792877906,0.2054748956819433,-0.7840622615156041,-0.23508646232680971,-0.3928436826903076
company_177,-0.47167043294216154,1.4396328107746583,-0.33209719845754365,1.3698484561051283,1.0169154991941656,0.5955053684969364
company_2071,0.11252922717224044,-0.6633836271183535,0.27211685729776597,-0.2027773139979592,-0.4655123378121698,-0.1819183254445123
company_5906,-0.1344198878913938,0.020061134334589184,-0.24688585865818916,-0.12515352273708993,0.7467692115347838,-0.3372411091236294
company_5434,0.40206045025535736,-0.4382265938509969,0.20112366366965803,-0.8012909937915508,-0.22415803931717007,-0.3965041529854067
company_4110,0.40206045025535736,-0.4382265938509969,0.20112366366965803,-0.8012909937915508,-0.22415803931717007,-0.3965041529854067
company_7636,0.2891068350444166,-0.5754703732762564,-0.05770498125877471,-0.0982518376592648,-0.3519946071714798,-0.01948166828620933
company_5002,0.16651628681778702,-0.8920835099981979,0.0003232358266703497,0.2370422029551479,-0.44690993292378,0.05838434097702564
company_3366,-0.3659743273970548,-1.1340375153798221,0.4050270410923128,1.3536350542451419,-0.8592838928477619,0.4015116652821756
company_7108,0.3113234886403033,-0.2481570627995471,0.18688687779835184,-0.7045781263691604,-0.3333791329282457,-0.2122491367434379
company_3887,0.40206045025535736,-0.4382265938509969,0.20112366366965803,-0.8012909937915508,-0.22415803931717007,-0.3965041529854067
company_5030,0.3082588413863169,-0.48416885779104907,0.25023778215462594,-0.6635670943634744,-0.29911493361260116,-0.3578296478927738
company_6764,-0.3308730462539297,0.7927365329888301,0.34943478476910184,2.211937180763502,0.5728367574626533,0.9296355258820876
company_7521,0.5633654419156746,-0.7222909831096201,0.46816475514324296,-0.9744746729403344,-0.8242931275506291,-0.35759052238039474
company_1702,0.35389471212074824,-0.4600811293284114,0.22458171645964378,-0.7324489180521123,-0.26260935717825706,-0.3777471788214963
company_4249,0.33499976983933966,-0.4863874531536318,0.138590230019239,-0.6134679250078039,-0.2928179450796166,-0.28652846094826057
company_6065,-0.8907397941751412,2.2959025937501583,-1.0952452217040467,-0.09939224149467686,0.08153030360511,2.172315501798899
company_5607,0.4071642890702467,-0.4164333773077007,0.25726437075401914,-0.7594303612619349,-0.6617209545364126,-0.1858358166738921
company_6973,-0.284215239277095,0.9965693863559235,-0.42512512465125446,1.5308381518902188,0.3582142697922526,1.5298394653259229
company_2145,0.31639889227587115,-0.5735894068240138,0.09515141910433685,-0.44750165901647554,-0.3086427397830856,-0.23018102215306613
company_2471,0.40206045025535736,-0.4382265938509969,0.20112366366965803,-0.8012909937915508,-0.22415803931717007,-0.3965041529854067
company_410,-0.4692630670884318,0.7292324197062157,-0.2577291686532603,1.3379595533724522,0.9882078854882035,0.633120311765481
company_5017,-0.6964630133163082,1.9470967266274772,-1.2343836109809765,-0.3342044217371909,0.21389320353367652,2.147919773181858
company_1722,0.22894509518872494,-0.15496934727648243,0.12381051733224097,-0.6389751696497428,-0.45517085515002326,0.017332977205752782
company_1672,-0.19797274879731513,0.3408094423744363,-0.560421852390244,-0.14459346637130122,1.301469788594596,-0.44546902505426716
company_3510,0.057832189120209085,0.6048413152101441,0.14718845432129624,-0.3168120504381983,-0.5738045965771997,0.13573253189553708
company_4943,0.4099738083895763,3.801378221563457,3.3031132545215844,7.739565253432208,2.2553505962457163,2.514600047541714
company_7000,0.40206045025535736,-0.4382265938509969,0.20112366366965803,-0.8012909937915508,-0.22415803931717007,-0.3965041529854067
company_3840,0.25835543811568246,-0.40150872081671135,0.0730214193910555,-0.3864574821042207,-0.37212374214590216,-0.13445422473225252
company_4964,0.38255999757216247,-0.43731484447925406,0.20057841683050157,-0.7841082132955554,-0.23939852738315934,-0.39564374758930443
company_3649,-0.39595558545291654,-0.9147124494306815,0.54601426990256,0.5514352753639111,-0.8761956375934987,0.049603381097639794
company_5830,0.35655237351275093,-0.4349797108801465,0.11800433303224349,-0.7189475781061283,-0.26529099716862475,-0.3668981040701399
company_7495,-0.543502891844609,0.486026587819389,-0.14493112241386294,2.057859693061868,0.9868835473175329,0.6986318014264138
company_6401,0.28094052676628645,-0.647111327798544,0.08726437388676643,-0.29389195868193124,-0.3416114016891387,-0.1619815843659087
company_324,-0.7110073467992489,1.0807257314495806,1.8489797772006369,5.414333270375576,0.4280278754436232,1.9328472639462178
company_7625,-0.16080021782642068,0.33019454775494356,-0.5076015776692973,-0.18713833678175862,1.3311740347286254,-0.4463780194470092
company_499,0.1295367580049796,0.28248996072865523,0.06375761066878252,-0.3417977339735876,-0.5012773939467697,0.03215066312664217
company_234,0.2431054878107999,-0.1790856137239326,0.06395414757868709,-0.7073441183883602,-0.37690704123829744,-0.2897871780822903
company_5571,-0.3576882741166273,1.028550283917192,-0.5126686219741429,0.0755854245590203,0.41727538374016754,0.36565953155697517
company_6347,-0.5996226965242785,1.4618149321646308,-0.6150901696842487,0.4305035977149252,0.9464674433217499,-0.041149446445544656
company_3265,-0.1766101856418134,0.32791422237724505,-0.504962686304477,-0.16992567423735194,1.3187376455877062,-0.44369675586096813
company_2785,0.3822528509442404,-0.43704917884709826,0.20031341173029865,-0.7841107002778175,-0.23963190309395258,-0.3957952914847539
company_3245,0.3010800294872187,-0.5258369816138866,0.13720721098018213,-0.5191377534591083,-0.32164264494835026,-0.2513720817078036
company_5543,-0.4147095786215433,1.0375580003697695,-0.6556192232000138,0.1996697052294603,0.9874479197244066,0.27618959909634905
company_1189,0.13293003321872277,-0.5699374859971751,0.34251309243285455,-0.4056934826812366,-0.4396848460300963,-0.28339142347332463
company_2843,0.25582719410903326,-0.5158133612613438,0.2465358129273025,-0.5553636706208362,-0.34647635395767584,-0.30622820740599527
company_1932,-0.16080021782642068,0.33019454775494356,-0.5076015776692973,-0.18713833678175862,1.3311740347286254,-0.4463780194470092
company_5680,0.3293407071038196,-0.29402958775349924,0.1348597386463789,-0.6452336933358598,-0.31177220536172673,-0.2230853665943117
company_5473,-0.2551860158404544,0.483498246847377,-0.5395023058373668,-0.03973761594568715,1.2273237997072237,-0.28049425067673367
company_3982,-0.37399091261686396,0.4987616227101126,-0.10185086099302097,1.3033502588980623,1.1896332182653577,0.14450091009023772
company_353,0.40206045025535736,-0.4382265938509969,0.20112366366965803,-0.8012909937915508,-0.22415803931717007,-0.3965041529854067
company_720,0.31778175216155297,-0.36747419143043836,0.08390830023042734,-0.7232972731792762,-0.32125230856780074,-0.278268841361718
company_7070,0.40206045025535736,-0.4382265938509969,0.20112366366965803,-0.8012909937915508,-0.22415803931717007,-0.3965041529854067
company_640,0.3862504824399646,-0.4405069192286954,0.20376255503447827,-0.7840783312471441,-0.23659442845808934,-0.3938228893993656
company_1876,0.28764031025890413,-0.6235134347379047,0.029278952844269568,-0.06873754689264618,-0.34967243262702835,-0.011222080510821329
company_4577,-0.3296596449160278,0.4090405561784805,-0.27192403096729045,0.8308824532732585,0.4551578843452458,0.6238873632956718
company_6719,0.3300753499488442,-0.4508376262973019,0.21875207896462517,-0.7172689929665059,-0.283532227649931,-0.37006254494196617
company_1414,-0.1380221855255208,-0.7221134629255482,0.468613388477962,0.26853930536552406,-0.6691546493003918,0.0007690451515017744
company_2106,0.007449932250649516,0.1004983196667358,-0.29574963103201296,-0.37072067353355304,0.8662546155592161,-0.43146973753474527
company_5485,0.32390006485160966,-0.3360662435022356,0.1877798118881209,-0.18771154529670453,-0.3015038472025934,-0.07070099683421631
company_867,0.3308157387252448,-0.4713576124911963,0.13111206601365763,-0.618387503680002,-0.30195754225831095,-0.2663597412314931
company_7169,0.2684890034474077,-0.49654435172798284,0.2643936834414013,-0.6123342221932763,-0.3311737452125073,-0.34388065111009974
company_6781,-0.2817363325507294,-0.7313549921929855,0.6353855270823743,0.7768373240132083,-0.7768133946884436,0.18941811107035506
company_5058,0.2437186488907718,-0.6076796667100923,0.22038088861039817,0.4769407318343264,-0.3555710753429439,0.14239834178506802
company_3068,0.32409527176334846,-0.5190934688517967,0.1262883384901782,-0.5513807298797385,-0.300560434911604,-0.271228252058208
company_5519,0.3628614674709806,-0.5603776988254237,0.07365311755979301,-0.5120262520618322,-0.26620141809829473,-0.26948841346543756
company_2041,-0.20502997781087767,0.30607809589185214,-0.520054835446138,-0.09563849798530645,1.2911644658252124,-0.4038085788951311
company_2121,0.1334030899331327,-0.6114094760452554,0.3007433356341789,-0.3208593744406538,-0.44329608699806905,-0.2407386207201924
company_2740,0.29678559504521,-0.5342980927628066,0.07066050730078088,-0.4572199713246884,-0.3352077592547576,-0.19635617325231486
company_2943,0.3041870511057748,-0.38544882947507686,0.14576914502610813,-0.2521052192455547,-0.3435800717406899,-0.013628856391083275
company_2477,0.1940227173808427,-0.6035541639723753,0.25020451298045204,-0.36510375156567343,-0.3976483987656207,-0.23999455455102855
company_333,0.2664249338781883,-0.5313438383126577,0.2189168882147495,-0.5294379755340871,-0.33905184596565874,-0.29375461193497526
company_4829,0.20047127829933173,0.041636255692229326,0.16002778558035752,-0.3360283690382097,-0.4329335391003061,-0.0032132931636525415
company_3879,-0.039731593925734034,0.08303565353082558,-0.3510597174851943,-0.2578854159771626,0.8179081554673533,-0.3627224645726833
company_4992,0.174388269443225,0.11121561006211476,0.14506921840699646,-0.4551479399331619,-0.4256187983966235,-0.17160369067609543
company_1551,0.257215777186649,-0.5420386086180382,0.2281679422099028,-0.5110136490861373,-0.3450598064150343,-0.29308719046566506
company_7224,0.40206045025535736,-0.4382265938509969,0.20112366366965803,-0.8012909937915508,-0.22415803931717007,-0.3965041529854067
company_3638,-0.0026536131037455685,-0.7230138336400374,0.3354346652549377,-0.03042900328964633,-0.5574207111830214,-0.13335829858917161
company_4749,-5.157491441830325,9.226442059473746,-6.070605417019836,-1.7103624778028683,-4.695218290193051,5.631794628007322
company_841,-0.013349986935292634,0.1025340390206763,-0.2974160532951049,-0.3535484148855897,0.8500267687167937,-0.43125047938862143
company_3589,-0.5758056877072046,0.17392967592025133,-0.342584709201787,0.6566294281832593,0.9631334545162318,-0.02677021420050469
company_2985,-0.1282929054977333,-0.6604542398623057,0.410322062279675,0.48680921123645127,-0.7049218372841572,0.2738569101104471
company_5554,0.3592900816091409,-0.4459301653147839,0.21198675869148723,-0.7509715471172115,-0.25958143726880895,-0.3799894804988685
company_4465,-1.5570204579339944,-0.510780461087686,0.16422316545607638,2.3540388647795765,0.20579326451528207,0.3627422610625771
company_6631,0.33423763188502204,-0.425427921912838,0.12379822346762732,-0.6939353767081063,-0.2946693276564309,-0.3137658072759949
company_4412,0.28076587237497286,-0.4899258350684235,0.2582717744037157,-0.6301245016304748,-0.3220916544969373,-0.3458067735564656
company_3461,0.1885985511235116,-0.18356934884484777,0.3497424881566803,0.17053081242334958,-0.45687799611767604,0.28741391396189764
company_7468,0.22081280321119365,-0.09570954725135224,0.07507954695854302,-0.5771367026991461,-0.40450918583145146,-0.18622227239079062
company_7198,0.38811226353844613,-0.44211726167591675,0.20536889364186214,-0.784063256308509,-0.235179812611127,-0.3929043002484874
company_5802,-0.47816693868397886,-0.3121033382481098,-0.7804745759775213,1.697496804552345,1.0301216252382965,0.3871351813930781
company_5534,0.40206045025535736,-0.4382265938509969,0.20112366366965803,-0.8012909937915508,-0.22415803931717007,-0.3965041529854067
company_7558,0.18882274973769111,-0.6917281353889229,0.08994621118347869,0.31592814474195463,-0.42590212346045986,0.12680635248782499
company_6835,-0.41334595107584804,-1.0616426219392634,0.4742744421861942,1.0453737391844216,-0.8972302274132194,0.26831753600459657
company_5355,0.34608115941217743,-0.4884189613071965,0.05687975750297264,-0.5808914099157454,-0.28748990796404844,-0.26862409458344266
company_6710,-0.14473313867689103,0.7313472678998323,-0.25552046231514836,-0.7208593049476875,-0.9056862873451419,0.5180028270763786
company_7458,0.3862504824399646,-0.4405069192286954,0.20376255503447827,-0.7840783312471441,-0.23659442845808934,-0.3938228893993656
company_7580,0.012759440976721352,-0.9889858464684659,0.09778885960815355,0.4813593020046296,-0.566261847843448,0.11655869691354237
company_4664,0.39023866327021434,-0.4439564852831493,0.2072035443355747,-0.7840460387390019,-0.2335641346133274,-0.3918551502030681
company_7424,0.40206045025535736,-0.4382265938509969,0.20112366366965803,-0.8012909937915508,-0.22415803931717007,-0.3965041529854067
company_310,0.37541765713978986,-0.4311370967407385,0.19441602900039814,-0.7841660451984664,-0.24482541025799068,-0.39916772601964057
company_473,0.2152838848227259,-0.29821210055376657,0.019225520142178987,-0.7599574750490822,-0.3675342085852785,-0.46940869289927506
company_1165,-0.38286347616378713,0.764751567615153,-0.6880945334926446,0.012393014741398081,1.0901739429042379,-0.14568792005908698
company_5847,-0.29529833895678465,0.2410265367065158,-0.5374413167680961,0.555885425763349,1.2054075566583597,-0.08959334989842868
company_3321,0.23737533328998456,-0.08995599993323049,0.0693960607106025,-0.7665453867063985,-0.42127692962317315,-0.14825445226974723
company_5118,-0.16080021782642068,0.33019454775494356,-0.5076015776692973,-0.18713833678175862,1.3311740347286254,-0.4463780194470092
company_1804,-0.29687609963026945,0.18911821368448833,-0.5968682089844599,0.22939663659597007,1.1991141352342112,-0.23474747954995379
company_6756,-0.1993616730561163,0.31825435576720384,-0.4929049618439006,-0.1365295691935252,1.2992600382811064,-0.4289482117722485
company_6198,-0.2026356554113966,0.3058292739298605,-0.5186067131411409,-0.09639928201016802,1.2920319177125108,-0.39907695626925627
company_371,-0.01583012047269253,0.09909695338564263,-0.3365835212207043,-0.32806331500231584,0.8471061323441442,-0.4237062961785972
company_1864,-0.38042296950156473,0.6339895764097904,-0.4489670459910254,0.36194779244792086,1.068193074200024,0.1349291698015411
company_5635,0.32881673469058476,-0.48750018701576925,0.21328558906582862,-0.6569818840142048,-0.2862369639268009,-0.34145615417419845
company_5561,0.3797293759167955,-0.46188633625645775,0.1403267720668432,-0.7158228338491373,-0.24409748133704415,-0.36882834542810294
company_2151,-0.06609559360448605,0.1274305234423301,-0.3261900331422967,0.35115495823527376,0.7954480179675626,-0.07819215885055256
company_2278,0.2384249225787766,-0.09913432706986448,0.22076303330547467,-0.40529744999468525,-0.4055589657083522,-0.018210666365622154
company_4893,-2.03710569453004,3.79790367271864,-2.076376020119576,0.18889700793941494,-0.6367450171049427,1.194087557256696
company_6332,-0.20271433767930055,-2.1177997461820586,-0.508106727582796,14.048723136644819,1.3719618888658074,5.434679211386276
company_4818,0.35565302337891813,-0.4603526247921574,0.18675529943069324,-0.7098545384447141,-0.26587805531611725,-0.3548009618000775
company_3723,0.30495266116448577,-0.4965787439264708,0.22451254016616015,-0.6234316500339064,-0.30636090900464175,-0.32799893331382785
company_215,0.27113544108891857,-0.5809243977315606,0.17943216343861398,0.6385957531731901,-0.3286745917334491,0.2000939605342355
company_5971,0.6983483862597595,-0.9863046812177947,0.5238691462621665,-1.0603984410239524,-1.5470931105622343,-0.2260356587816546
company_5770,0.2576566136000507,-0.6489650255552049,0.0574526445274981,-0.24053022391546275,-0.3692826646751733,-0.11353895380912592
company_2773,-0.07998555320406428,-1.1302153464640277,0.08133062826453916,1.265173512620744,-0.6646834162124956,0.524085615101929
company_6940,-1.1418309609874044,1.8385000046289952,-1.2422539567554522,-0.8757480017532588,-1.7560959918022265,0.33657350379782175
company_4975,-0.43183455606127363,-1.5422368890638651,0.40160474483874814,3.7690273340288365,-0.9114677704417852,1.4312271126499976
company_1063,0.34001933240316273,-0.4620832812581492,0.2282282244379635,-0.7160561445328906,-0.2745951750494255,-0.3703090959892665
company_5637,0.18591503969813494,0.09865339656994564,0.09749947329054733,-0.5571323059448124,-0.4685481316678852,-0.016298129044989024
company_3872,0.33375998696165804,-0.39663790182021313,0.10289555253065082,-0.7165984475936866,-0.3010971044025624,-0.3002805304278377
company_200,0.12865814470300152,0.18191369546404207,-0.16197628279377024,-0.5071061257342223,-0.6462665223691012,0.4819193110233908
company_5932,0.2684078707091696,-0.7800975541721388,0.006704565861935021,-0.043272024026242875,-0.35707153198884506,-0.05919344898406007
company_3651,-0.03300653312549667,-0.08227712456293738,1.1329416098022491,1.8908612759577272,-0.5140407293508631,0.6735173592766269
company_5353,0.38811226353844613,-0.44211726167591675,0.20536889364186214,-0.784063256308509,-0.235179812611127,-0.3929043002484874
company_3264,-0.10894888768956357,0.10513386810242968,-0.17881364654212467,1.665768173363008,0.7678061291904794,0.5037846673971955
company_3480,0.7063071053837549,-1.0327509186330104,0.7873759172568853,-0.48582879546338575,-1.5219956413596403,0.002405537201898074
company_1152,0.40206045025535736,-0.4382265938509969,0.20112366366965803,-0.8012909937915508,-0.22415803931717007,-0.3965041529854067
company_5462,0.27153983907559615,-0.3139479866220079,0.30384222158120266,-0.44111133289318805,-0.3409982305308415,-0.1880164683807539
company_6114,-0.20396375733740818,0.3220366737745076,-0.4968084225099106,-0.13648195279701814,1.2958668413721146,-0.43160510391057133
company_4330,0.3231437797772853,-0.4745146426696943,0.01105254375552975,-0.5449114907433074,-0.31452779841284995,-0.23029229549674202
company_762,0.38589962345008505,-0.5516040970094351,0.06205911235412717,-0.5451467352994669,-0.24617257137362955,-0.28533921167572257
company_4048,-0.014461297948352022,-0.8981412141135664,0.09726862807257369,0.6647970902761308,-0.6295088062808618,0.36829007402869607
company_1951,0.26600239695579153,-0.07945892139307258,0.28819471138850133,-0.3205238145979478,-0.35430065853027637,-0.07446168075961382
company_4191,0.2979772086603741,-0.20454132050349824,0.1427575815971262,-0.7394367733851297,-0.34275697761962787,-0.23948263249109628
company_3569,-0.13293134460030803,0.4487772254624667,-0.3455342709922207,0.45466162075534144,0.7043310991669608,0.13454197599656967
company_6119,0.2573782134770494,-0.212237182118972,0.06614390080836219,-0.6541863598687757,-0.37666191694564244,-0.22050231110193755
company_950,0.40206045025535736,-0.4382265938509969,0.20112366366965803,-0.8012909937915508,-0.22415803931717007,-0.3965041529854067
company_7417,-0.609186884965001,-0.9107197848090568,1.1345531617619926,3.029545957118624,-0.9868422426886111,0.9782956459627425
company_5692,0.11513306696679505,-0.6868561186054575,0.21743699106305542,0.3237368399965673,-0.48307736400056644,0.12466515052846547
company_4343,0.2925785197447346,-0.5035242277419087,0.19176992124376158,-0.5823510729041519,-0.31925426356567943,-0.30727737407552147
company_5396,0.2143252175925817,-0.608561248817139,0.21367491927576523,-0.3577085330291001,-0.38397375889771745,-0.22744254039340656
company_446,0.3882351221896149,-0.44222352792877906,0.2054748956819433,-0.7840622615156041,-0.23508646232680971,-0.3928436826903076
company_4120,0.36224173295159584,-0.4253228876313926,0.14602026808542462,-0.7587675496898133,-0.25587290695957227,-0.3969007675380753
company_3028,0.22709721666588265,-0.30843000948283616,0.029418023996137632,-0.7598618218851538,-0.358558219708614,-0.4635800815358346
company_4700,-0.19281625760541027,0.311265119719967,-0.5257274484513688,-0.11279299188611171,1.300974849086158,-0.40866141983555276
company_2633,0.339560962478462,-0.46120316084161006,0.2276687893071094,-0.7162669383982063,-0.27519609096291325,-0.36959289368155257
company_2748,0.22709721666588265,-0.30843000948283616,0.029418023996137632,-0.7598618218851538,-0.358558219708614,-0.4635800815358346
company_6699,0.28840061993954286,-0.3829916036960678,0.06156246140179025,-0.7165195867001896,-0.31343862256676813,-0.4140837828174525
company_6904,0.29841294118232364,-0.24746854621169967,0.10145987876369453,-0.6539660685218109,-0.3456195696725147,-0.19974654601307587
company_6620,-0.413048069563321,0.9667140820793351,-0.5505491207691803,0.0778863461843529,0.9662640839592764,0.320649816874156
company_5977,-0.3455149959270172,0.8553642760261131,-0.44453693975155945,-0.73275528715803,-1.0060363697185277,0.19749558454899932
company_2257,-0.18242640409172078,0.3273626742237807,-0.5470085173184344,-0.14446758680757144,1.3132821899562865,-0.4377985724999795
company_775,0.40206045025535736,-0.4382265938509969,0.20112366366965803,-0.8012909937915508,-0.22415803931717007,-0.3965041529854067
company_5152,0.40206045025535736,-0.4382265938509969,0.20112366366965803,-0.8012909937915508,-0.22415803931717007,-0.3965041529854067
company_7551,0.31179236207273014,-0.46065621209980984,0.16643990348556448,-0.6286841606276643,-0.31821263403637134,-0.26503009611407874
company_2676,-0.01624329367696184,-0.9147896906785923,0.19005519014796735,0.3466184222054829,-0.5806274234397701,0.036220551811793456
company_7478,-0.03443992247589226,0.09170415249462703,-0.2840153039216824,-0.320253233087699,0.8316721009806726,-0.41516164898116453
company_7248,0.23755253308409666,-0.1321401104399653,0.05574813020847541,-0.7149235780089676,-0.41189735879644823,-0.1688470836268722
company_3814,0.3515512072881681,-0.3956924900012523,0.14075764300091945,-0.7570723075192702,-0.283401076927508,-0.32089069540922255
company_5357,0.3659612206843785,-0.45332621187837796,0.17937378809026464,-0.7271063312578089,-0.25761540384853876,-0.3602214133714378
company_7400,0.3023538218692415,-0.26589439455860464,0.1099507671843591,-0.6475043702569865,-0.33478095438713046,-0.2270618331699827
company_5905,0.2395369264446343,-0.546395227257035,0.20239725083958074,-0.4586106387810885,-0.3696972391148011,-0.23730971940079473
company_4794,0.19687585233701416,0.25878361969007785,0.7460072074464312,0.9969947524797887,-0.3915738789434385,0.5512357244178473
company_2040,-1.1358375481371201,-0.17404749075960896,0.009650274654544783,2.2302079156742516,0.5091825522198171,0.5730151822302225
company_4927,-0.3322737559020594,0.23671851497658047,-0.6434842959748986,0.5015607510534409,1.130517428655399,0.037338038702585064
company_5614,0.1922545370500668,0.25511187905221244,0.16823409065706715,0.055136027897167775,-0.5920190598823204,0.8072419043506742
company_1709,-0.6457660280655979,0.012169831682780909,-0.33564752836066003,0.9256695350074982,0.9266454714615795,-0.01974280868194204
company_1869,0.37866159806392075,-0.4339429345326611,0.1972148905586952,-0.7841397788396517,-0.24236060371245857,-0.3975671893392398
company_1413,0.832295144663344,-1.0255858708140746,0.7428530914263518,-1.2707318264739136,-1.4130096637529548,-0.35838198721180753
company_2619,0.40206045025535736,-0.4382265938509969,0.20112366366965803,-0.8012909937915508,-0.22415803931717007,-0.3965041529854067
company_2592,0.2902003658489958,-0.15779164562840786,0.19860495897074676,-0.40735063379232556,-0.3366502532823745,-0.124760240132879
company_4676,0.02188273590244791,-0.17029177488438,0.20558108440435888,0.3175063675403582,-0.6851562774328417,0.6624952785286532
company_6509,0.29214540132654576,-0.43207317359104047,0.13753774996319246,-0.18364680561563237,-0.3444025514160253,-0.027924766619013237
company_5149,-0.2969921218122315,0.6201984895742897,-0.43189294745593526,0.22803052302889104,0.41748209378729034,0.6109257286462788
company_2897,0.3552458355885115,-0.46155487593676925,0.225850886487483,-0.7323073474547981,-0.2614233809467328,-0.37767499740151467
company_5677,0.3882351221896149,-0.44222352792877906,0.2054748956819433,-0.7840622615156041,-0.23508646232680971,-0.3928436826903076
company_4446,-0.32447290571927795,0.6424324121664013,-0.5200957567381448,0.07304545141732287,1.1322153310021263,-0.0686022844203535
company_7354,-0.2671457498473441,0.26990198852323183,-0.2815675902546797,-0.6346773881313126,-0.7116062287043774,-0.7009548807319075
company_3392,0.3474256878175241,-0.4329229199101239,0.17277066853133718,-0.7186186172553951,-0.2827401308628974,-0.319281204751732
company_148,0.3306725840003951,-0.35813977063543867,0.11613538837861366,-0.7655878679229353,-0.30944767324454336,-0.2932100698084132
company_1395,0.2863783233362285,-0.44167627541712795,0.14837929847102282,-0.16693674953471158,-0.3499205466188642,-0.017631182492291415
company_5776,-1.5392460053491508,3.9191398038802414,-2.258091211327074,-0.8413310720406196,-0.8702761924382145,3.3701694080191906
company_523,-0.3535943110976295,1.4090044711654701,0.07922252442851936,1.7422404126194586,1.1360234843829562,0.7666841895136207
company_25,0.2577951604251063,-0.4814859356787496,0.2171269048954088,-0.13112494720453483,-0.36025134641169626,-0.05240764920364455
company_6686,-0.16080021782642068,0.33019454775494356,-0.5076015776692973,-0.18713833678175862,1.3311740347286254,-0.4463780194470092
company_1126,0.40206045025535736,-0.4382265938509969,0.20112366366965803,-0.8012909937915508,-0.22415803931717007,-0.3965041529854067
company_6416,0.3533850561643971,-0.4952035182461856,0.14117979338453757,-0.6268624213831184,-0.2737921064450019,-0.3052193094164276
company_4135,0.2372375347040571,-0.0814149069130052,0.10763802153443089,-0.6228311947835143,-0.3942070485742744,-0.18379975781248806
company_4698,-0.3511922756062001,0.21197025900731786,-0.5291106803580534,0.4496648583436853,1.1494738879675122,-0.1110322043230379
company_6389,0.26975947210034146,-0.5360150292918769,0.22239969266961754,-0.5286458542205329,-0.33558476349786526,-0.2955911713427344
company_2281,-0.7865948716569515,-0.5002418001883928,0.6442113944514344,1.5734639170595013,-1.431376757058345,1.4370962732180494
company_4952,-0.25336518011109016,0.267984238017311,-0.5192372451760542,0.013842395358059359,1.2484336312755484,-0.35584835273737075
company_5304,0.3320158265045937,-0.47292808323998614,0.23821686035512077,-0.6980043155675597,-0.2801534116408022,-0.36730728689551584
company_6310,-0.28803220526034323,-0.38060345785672284,-0.4670990118300201,0.7535362156345261,0.5954831983735215,0.047594302305631137
company_4161,0.40206045025535736,-0.4382265938509969,0.20112366366965803,-0.8012909937915508,-0.22415803931717007,-0.3965041529854067
company_2352,0.10730640824232535,-0.7592175552403793,0.19629317226987414,0.21023312768413097,-0.4792637091739878,0.018510205229434383
company_2221,0.40206045025535736,-0.4382265938509969,0.20112366366965803,-0.8012909937915508,-0.22415803931717007,-0.3965041529854067
company_3519,-0.31524876906090127,0.18932780743579453,-0.5576130984396398,0.22335645790915837,1.1885398846579573,-0.2524425271324495
company_2209,0.40206045025535736,-0.4382265938509969,0.20112366366965803,-0.8012909937915508,-0.22415803931717007,-0.3965041529854067
company_33,-0.43978093948991803,0.8839414906259013,-0.5646593191457014,0.7370976897363685,0.9053813689737452,0.7584042515690224
company_4034,0.36088880645584026,-0.4482268602353641,0.21367593204984173,-0.7505673127021151,-0.2578893282569885,-0.3809813009541909
company_7586,-0.25662360413719504,0.27624231130944155,-0.5238926206045207,0.011486936486083002,1.2431163778554732,-0.34685723965554044
company_1155,-0.2509041787305498,0.264436975177542,-0.5166329981896116,0.014469723848038898,1.2510445681309375,-0.35739818216034014
company_4402,-0.4659369251448153,0.4100281799787191,-0.06068712801835927,3.099430923284285,1.0803883003711487,1.074526274471443
company_7579,0.007449932250649516,0.1004983196667358,-0.29574963103201296,-0.37072067353355304,0.8662546155592161,-0.43146973753474527
company_57,0.37659427013120256,-0.44805789753887365,0.211693251705409,-0.7668381148233588,-0.24438225317231096,-0.38800404959572926
company_5072,-0.5134737964123451,0.7649154997972265,-0.5165214930528261,0.5264285028718478,0.8458238607525205,0.638269460640127
company_2271,0.40206045025535736,-0.4382265938509969,0.20112366366965803,-0.8012909937915508,-0.22415803931717007,-0.3965041529854067
company_1098,-0.12833554831194582,-0.7930891611129497,0.4071841666948396,0.16070401117756625,-0.6558647658683848,-0.08645477581799237
company_6144,0.02198668602465703,0.9889710013542143,0.17455698048320137,0.02621325393824407,-0.7345643158762645,0.8582648566074264
company_7076,-0.19203520858334383,0.3107624881559509,-0.5251121853933688,-0.11286071169632651,1.3014779718854803,-0.40793910795889643
company_1058,0.3696601734532658,-0.6955245505357877,-0.11192325982755069,-0.1981386182153754,-0.2864349405100909,-0.06986018898895942
company_5779,-1.6167539841086527,-0.5133798068394635,0.46700322508751607,4.215486402216653,0.18336945259875087,1.1428570430610687
company_2129,-0.10315346440157361,0.2734026797114564,-0.39963003060743985,-0.1585887915282854,0.7217508038296059,-0.14030182621712597
company_3888,0.3286526094064513,-0.4872668390764968,0.21311300242860576,-0.6570223418908534,-0.2864094061839786,-0.341359070428757
company_1014,-0.3547918107134882,0.9893113823005917,-0.5513257705535708,-0.7194971356380395,-1.104281194028788,0.5606954210849161
company_3003,-0.11696796931125777,0.30819599526754604,-0.3849374104220651,-0.2567491498541303,0.7422570756323053,-0.3081718664892523
company_5949,-0.2535392614538306,0.3315719151791752,-0.4627122405221289,0.3230452635640843,0.49921711141094594,0.43997149723658074
company_5759,-0.2508376288825922,0.2976292437111243,-0.47174912902252697,-0.06701479130761358,1.2591469429955813,-0.4150076746850066
company_7101,-0.24700641622025754,-0.7880371746799966,0.5307353097631944,0.205748262149849,-0.7445044778694525,-0.10310647584717293
company_383,0.24797691530562244,-0.06035542217568178,0.19361178233609141,-0.27594351322886956,-0.3777356570151713,-0.03722284502662296
company_4971,-0.19640166577397195,0.33671353288178935,-0.5083475189610458,-0.15601462411203193,1.2992874346383134,-0.42810217983726306
company_6917,0.3113821121929425,-0.3543170520041531,0.07179194237483141,-0.5015331505803802,-0.3327001389188073,-0.15446700939735977
company_1245,0.3763727784902549,-0.44765964096534944,0.21143208725159915,-0.7669283998683056,-0.24465850528563857,-0.3877106379819013
company_5958,0.31781652183782605,-0.41320427284589945,0.12117228445201055,-0.6827113813820477,-0.31487013524441876,-0.2841562942999214
company_5785,0.002103120034973976,2.7894599617420104,2.724499678845731,7.107346973765149,1.8772274584060782,2.1003816065351
company_5212,0.20250678804483102,-0.4492204980192684,0.20731073803471525,-0.09338417725603072,-0.4204083259618858,0.01471058123232377
company_835,0.28501117868198617,-0.19246284004965872,0.10552470784517004,-0.5358508126584655,-0.3381481592245142,-0.2152263044608333
company_4701,-0.27969640780161886,0.5051519251313519,-0.370243119222192,1.6113044453648475,1.2201018352158428,0.4457324144871025
company_6324,-1.033744846609196,1.0085959127172537,1.6410774808149278,5.511389156266385,0.7817392394315612,1.7505503111454408
company_6250,0.3869545570178168,-0.44111590660086797,0.2043700282641742,-0.784072630318574,-0.23605945952104015,-0.3934755041621046
company_419,0.35595382703734896,-0.43347598958458317,0.16694464453698157,-0.7319803564980527,-0.2710666004639359,-0.34334776792442434
company_7153,-0.27561336676749687,0.254232128604699,-0.5135276973576886,0.498966925236493,1.2260406196383649,-0.12375870119965851
company_3784,0.3900023966333512,-0.4437521271045679,0.20699969425849551,-0.7840479518022805,-0.23374365439086067,-0.3919717224303369
company_6625,-0.7337263697282904,2.50558454544152,-0.5239646857472187,1.0735552173103462,0.2638376066263572,2.6464426871985993
company_1161,0.27357852991631915,-0.15507225109504147,0.11209080308776387,-0.751779353509765,-0.37611232092885505,-0.1962530694651248
company_4277,0.11351659063635551,0.11608614557486828,0.009136921428859997,-0.685691951814358,-0.5315275110266326,-0.08817737192714761
company_3079,0.3045960708763332,-0.3221555184963329,0.26993566871840224,0.18362918996683122,-0.29930986397364806,0.03806161226878139
company_2207,0.27051582920078715,-0.57225578515886,0.17500690927548462,-0.22107488401707187,-0.34444529902514426,-0.13001956971589848
company_3803,-1.2370756085130912,-1.6787932940600458,-0.4627213548880693,3.866425755762832,-0.20354208525621678,1.2014623489524092
company_5750,0.40206045025535736,-0.4382265938509969,0.20112366366965803,-0.8012909937915508,-0.22415803931717007,-0.3965041529854067
company_3779,0.3882351221896149,-0.44222352792877906,0.2054748956819433,-0.7840622615156041,-0.23508646232680971,-0.3928436826903076
company_3575,0.15095810217416442,0.38199188561930725,0.26316211244693893,-0.14584442615297113,-0.4891662826713033,0.19312267400717592
company_5168,-1.582029846556639,2.844815039716108,-1.920560749301946,-1.216719054159847,-2.483084591289694,1.554125917722103
company_1028,0.27068040435490676,-0.4963533344350407,0.2655771223997109,-0.6132098222345781,-0.33059854641110464,-0.3387341384907499
company_4786,-0.13388496747698858,0.8812806484736206,-0.23317124398579792,-0.570003803487232,-0.8697739274110514,0.5025070544866288
company_5432,0.3222978371292153,-0.4473609436635537,0.1461746437843877,-0.6592008065313415,-0.3044059007563511,-0.29937535708165375
company_6908,-0.19134027919131052,0.728429423404361,-0.32923743040709114,-0.0951468011043733,-1.132701566637645,1.5333437044471636
company_3108,-0.3084207003428903,0.44833532450185143,-0.32784229601640213,0.371222043643752,1.2088153048798904,-0.17271522826455638
company_5580,-0.4362727610658148,0.7007477591984377,-0.6515921016437513,-0.01861405875106582,1.1413335648810228,-0.5507504081007518
company_5728,-0.03017198807596383,-0.6522330252944486,0.42970424261527235,-0.16424525674139087,-0.5695450732329668,-0.21711702424320461
company_289,0.3769575455918246,-0.44738933673256165,0.2116735316932834,-0.767255960024854,-0.24461958413882876,-0.3859099612441646
company_2611,-0.14977902723434583,0.8598556258672694,0.03266487679145259,1.5326986729587226,0.6485721109261886,0.9016628402580997
company_2084,0.35974413023624074,-0.44754890162306576,0.2127941173852775,-0.7504429408061131,-0.25859603490530786,-0.3821542258844465
company_7258,0.3686101099114604,-0.4749487741101113,0.16016349703300786,-0.6851835372815328,-0.258214888905525,-0.3353666803411443
company_589,-0.47000141295163356,-1.5115350447498404,0.2355483035881604,2.341255710673044,-0.9670667882703625,0.846060174619992
company_1140,0.832295144663344,-1.0255858708140746,0.7428530914263518,-1.2707318264739136,-1.4130096637529548,-0.35838198721180753
company_1085,0.23235454396611413,-0.10800958722622922,0.08582318207625096,-0.5760511793538713,-0.3945292449435354,-0.18504221756713932
company_2007,0.03894109094058723,-0.5213959138512779,0.42759388124055675,0.4910879852020381,-0.5363394091538185,0.20376427973023123
company_5834,0.05279471860989887,-0.5560199167261788,0.25433736548114283,0.22095404035204183,-0.5587645655337662,0.18484027059247135
company_3654,0.40206045025535736,-0.4382265938509969,0.20112366366965803,-0.8012909937915508,-0.22415803931717007,-0.3965041529854067
company_1701,0.37707292327678893,-0.447169976541082,0.21166488790022983,-0.7673916761236599,-0.24469862969146247,-0.38523118759452263
company_5330,-1.7188213822015719,-0.3113956438777115,1.0426697052494782,5.172041665953882,0.18125354077864225,1.3537131104765716
company_54,-0.19149937056719696,-0.7829218885654229,0.4810622119119732,0.6251969480766608,-0.7129661514110337,0.1469471658223523
company_3393,-0.31763880845334763,0.22445283652713888,-0.47586369759335684,0.11881921735072092,1.1988281148100939,-0.3312827220355458
company_5082,-0.0395508043367008,-0.6990270074894993,0.3949981282300083,-0.06305442258854953,-0.5821687199796193,-0.1647286766352867
company_3402,0.23852479700188087,-0.7451511048977895,0.05567692723705378,-0.09364003796794777,-0.3766260244105483,-0.09549746466344518
company_6949,-0.36824360823950864,0.7121212168038921,-0.6522446393530366,0.45016759533160233,1.0026139034594606,0.45348766866063556
company_4906,0.16572837487895659,-0.5501147950203861,0.32186178061250564,-0.4575896030700202,-0.41366339464450813,-0.29801877537764654
company_6957,0.31109315886710787,-0.5170771144973538,0.16798996787934384,-0.5601399264541896,-0.3104242563319247,-0.27370233217254886
company_1243,-0.10897363614956376,-0.16567352602281307,-0.49456503719427375,0.9251070164831557,0.7429877756992694,0.18006378067239145
company_981,-1.5674525417325806,-2.342296734331709,0.7564742041128968,5.560837927445824,-1.8791467140096791,2.126695947977645
company_219,-0.8224223376341013,0.5175726484364084,0.1513285697141825,2.0023144829676167,0.7268963270609661,0.7953959778471773
company_5665,0.3727674748834343,-0.4430284168871298,0.207808606959434,-0.7676053267463037,-0.24818810986333165,-0.38654185810454467
company_4896,0.16915984218516342,-0.5739819055739223,0.30385811947674085,-0.41498926060413316,-0.4128493922989164,-0.27583237148992623
company_3061,-0.16080021782642068,0.33019454775494356,-0.5076015776692973,-0.18713833678175862,1.3311740347286254,-0.4463780194470092
company_7604,-0.3427117582965661,-1.0674594200785095,0.3951545549668478,1.0264706247727013,-0.8453083772870745,0.2838855200427929
company_6548,0.3388454896719411,-0.4617498659721527,0.22744659437169276,-0.7157736870656561,-0.27513089244133604,-0.3722168775385343
company_4756,0.1812045987619554,-0.6283403618455169,0.06813010801845779,0.06646822456777347,-0.45875532180649586,0.12160548904209312
company_7386,-0.030139384593128288,-0.6530513822454462,0.43000022961864076,-0.1639066778652339,-0.5691075606208235,-0.21864048900605398
company_313,0.40206045025535736,-0.4382265938509969,0.20112366366965803,-0.8012909937915508,-0.22415803931717007,-0.3965041529854067
company_255,-0.17462554589216311,0.3261976136771614,-0.503250345657012,-0.16990960450581194,1.3202456117189858,-0.44271754915191014
company_537,0.2880368465148666,0.3052406435673986,0.4439361867284155,0.4768791472943874,-0.4155189718216193,0.6808355020826039
company_581,0.25446764221799145,-0.3122476324519767,-0.008109060079504736,0.44552192450039974,-0.40408936824998387,0.35472211631751643
company_2072,0.40206045025535736,-0.4382265938509969,0.20112366366965803,-0.8012909937915508,-0.22415803931717007,-0.3965041529854067
company_7538,0.39045839124249704,-0.44414653838922996,0.2073931249072583,-0.7840442595901528,-0.23339718122022143,-0.3917467380317081
company_1855,-0.4332413326781916,0.19875525243590225,-0.35734729163845136,1.7619821836767717,1.1002096573926925,0.42516941678050946
company_7287,-0.1862782164222529,0.33627655904479564,-0.5133042314585569,-0.17000395678671087,1.311391696291044,-0.44846689140080787
company_803,-0.26496702864769495,0.2960541955816109,-0.4964410314390648,-0.017088497403033375,1.2341498238157627,-0.34607748638182606
company_1860,-0.19384872430125882,0.8326305450220532,-0.4477570198592818,-0.8580337071882022,-1.004440083348588,0.6579445251829391
company_6356,0.08208029320706736,-0.8107706511475765,0.16905601944084092,0.1046321702548957,-0.5004364345355549,-0.04344019725657012
company_429,-0.27663538388340014,0.280898114224303,-0.487078354675125,0.004136812776620082,1.2297147760897051,-0.3594603129122129
company_5735,0.27009924368274796,-0.24595425731159937,0.09798632036839758,-0.46341244774423057,-0.3362676911215865,-0.24915550038593917
company_5124,0.3725957449425338,-0.44404261897034425,0.20805459835267834,-0.7671088766669767,-0.24771123424179112,-0.38889208438669665
company_635,-0.20676253023438756,0.3391108007646023,-0.5820304832574354,-0.09654847944162272,1.278181893484604,-0.36514639928155657
company_1967,-0.2766967922001117,0.40890158747775623,-0.6283446980730244,-0.14523089905571984,1.2416537987205039,-0.48431089118023457
company_2484,-0.6984339516108328,1.2859299640204336,-1.0164655998777352,-0.1300676848990855,0.7334459567180044,0.12104632741770796
company_7398,-0.17535109689754308,-0.807939971184341,0.42892314465160564,0.22613071434041224,-0.6976202216287272,-0.05154577611867784
company_7095,0.31490416439901797,-0.47083612074979597,0.2386321534381293,-0.6821921734564687,-0.29527461096303753,-0.35894296110502355
company_5202,0.40206045025535736,-0.4382265938509969,0.20112366366965803,-0.8012909937915508,-0.22415803931717007,-0.3965041529854067
company_4907,0.37230960094113474,-0.44220496437725415,0.20726866430331342,-0.7677920372444457,-0.24875927241622994,-0.3859349876722406
company_6600,-1.0300591783027861,-1.2748614758389158,0.8767824221183658,1.54697145100365,-1.3777750389328325,0.31388855959582773
company_5376,-0.41448037532897286,0.6132707393625567,-0.6787901902057668,-0.10275069413409833,1.1494559240153204,-0.5606133626884358
company_4347,0.36771649742532314,-0.4531170519263776,0.14138270427646504,-0.7047166507060713,-0.261136107952521,-0.3363452925478991
company_3937,-0.4874857081267664,0.7970985126120963,0.24289304430896516,2.799033670782045,1.0999411402765211,0.8822043696632257
company_3436,0.04974741273855027,0.1991124471204445,-0.06620141846071509,-0.7086501813983208,-0.5857802467344464,-0.10690860236904867
company_1398,0.3289359235148729,-0.42833900566337185,0.13263629928506326,-0.6802591626562586,-0.3035395723547227,-0.28941952642449104
company_6413,0.3739818330986853,-0.444180002724318,0.20889066740983286,-0.7675521511923923,-0.24721254023685982,-0.38613994052102973
company_475,-0.023816400589419195,0.2962835561270752,-0.14104260451893824,-0.7236073584573193,-0.6591962793554311,-0.07785023140244716
company_5095,0.16127371584881703,0.2700085146599036,0.25034825483652984,-0.3246170034234613,-0.4113265716152713,-0.1781952461589282
company_3387,0.3169341331890438,-0.49357536737344676,0.21944788080699976,-0.6395670599703792,-0.2954814284562218,-0.33761241119925833
company_989,0.3882351221896149,-0.44222352792877906,0.2054748956819433,-0.7840622615156041,-0.23508646232680971,-0.3928436826903076
company_7204,0.2620320551226342,-0.13505156177123054,0.08154931646349509,-0.7120351686050701,-0.4115944448943572,-0.07961814452619943
company_6705,0.40206045025535736,-0.4382265938509969,0.20112366366965803,-0.8012909937915508,-0.22415803931717007,-0.3965041529854067
company_2768,0.40206045025535736,-0.4382265938509969,0.20112366366965803,-0.8012909937915508,-0.22415803931717007,-0.3965041529854067
company_868,0.40206045025535736,-0.4382265938509969,0.20112366366965803,-0.8012909937915508,-0.22415803931717007,-0.3965041529854067
company_2192,0.3080515623326664,-0.5199563009454943,0.16723353697071824,-0.5578053799882273,-0.3098571548784819,-0.2859387999693324
company_6283,-0.4420666986975643,0.1279654716105148,-0.5129774564684503,2.0518777946130995,1.0279830570238173,0.7796455435040865
company_5391,-0.4369413292225714,0.5357051097151004,-0.3127975119698076,0.8914869786234378,1.0522728135629493,0.254638494807633
company_5468,0.33467640427468637,-0.43102273793620416,0.08301373444624147,-0.44350446517190095,-0.2981678211780773,-0.19195746988736107
company_3535,0.15383286348956987,-0.5108616158352699,0.41566232600445935,0.5418303352149,-0.41752725814285213,0.15137558503425028
company_3699,-0.48530069403401715,-0.31414456462988166,-0.5852634202583676,2.9022310016566664,1.0458369654893551,0.8808343384241063
company_1922,0.21545020072117413,-0.6609429620638002,0.14792586115615947,-0.23481507865879403,-0.39439544526513903,-0.1434126918420596
company_108,0.32289545510791995,-0.5602638207230753,0.12238344484536852,-0.489184856251197,-0.3008924069801185,-0.2512767952079197
company_2394,-0.16080021782642068,0.33019454775494356,-0.5076015776692973,-0.18713833678175862,1.3311740347286254,-0.4463780194470092
company_5773,-0.8332057242318472,-0.19578431709913252,-0.29529316305147013,1.1706821775465321,0.7804175389751341,0.006124336960294382
company_3384,-0.49919064901535354,0.6303634904413712,-0.461640203181513,1.4350481164653845,0.9315585357473581,0.7528785009616893
company_3947,-0.19004574636921978,0.3284574794112339,-0.5019285367847627,-0.15478206772588865,1.3055576977334487,-0.430340947493652
company_6633,0.3637963819117198,-0.41771729016319314,0.15519856092618148,-0.7520778256072644,-0.2681247226346972,-0.3371259366261967
company_7638,-0.03575478353982728,-1.109574370568883,0.05319372254442803,0.7376085354475164,-0.6128443245050179,0.228604253768152
company_64,-0.5789637304065378,1.1217306853527529,-0.9728905022497921,-0.22724693693409592,0.8204881187049791,0.13293528495711673
company_1010,-0.24649841804971362,0.2596600511991272,-0.6292640836665505,0.08426427654290024,1.2430405453063158,-0.2981736323453772
company_82,-0.43345751040529074,0.16230619035418548,-0.41205501480510726,0.2924753060768889,1.1080383558095646,-0.28901108821358545
company_1768,-0.4570457904292256,0.5751578220169876,-0.5408254504407574,0.8816594903035736,0.9478643474299794,0.5625233163017171
company_6979,-0.16080021782642068,0.33019454775494356,-0.5076015776692973,-0.18713833678175862,1.3311740347286254,-0.4463780194470092
company_2642,0.39023866327021434,-0.4439564852831493,0.2072035443355747,-0.7840460387390019,-0.2335641346133274,-0.3918551502030681
company_6305,-0.408262784115342,1.000327149927078,-0.4881829653866093,0.33138301288246946,1.1579000925058378,-0.2972084954277213
company_5532,-0.019267387396619373,0.369791865854977,-0.23263503168575222,-0.870425515126389,-0.7404760829707278,0.18838507565818324
company_5972,0.20022187737107036,-0.6305088577849144,0.1357950738910148,-0.006740880396462463,-0.42634513658137796,0.03638596358178905
company_2730,-0.19020735865756633,0.3250415605547938,-0.5008626196201931,-0.15326095933076078,1.3072922311784123,-0.4373486656830602
company_913,-0.18605748648155646,0.3219850036687101,-0.4974627601004133,-0.153455509451776,1.3101670387349176,-0.4342629109762005
company_1424,0.05267713467503239,-0.9374778656244342,0.12253840756867644,0.571148387245669,-0.5317825118780437,0.16886032148652938
company_856,-0.18691547019212035,0.3312454796168271,-0.5508816687829386,-0.14450393500986425,1.3098713141831542,-0.44001344481808685
company_6596,0.2258027176344691,-0.5416627088803622,0.2708100695124643,-0.5018919719499978,-0.36849538656697467,-0.2972999407681528
company_1896,-0.12954990684789147,-0.808752296633927,0.3837532237109331,0.20147463043790573,-0.6607670945649444,-0.05840535068328504
company_804,-0.32172327118219946,0.7613384972817562,-0.32984675288223436,-0.5874184919573048,-0.9053099478116925,-0.04697119341043763
company_1516,-0.3990521851137613,-0.8317510628829338,0.6592208694047212,0.8095821307408178,-0.8709005459906515,0.1642200295675162
company_2938,-0.22086519850923336,0.31963990632837963,-0.6006406101463769,-0.03896955128627994,1.2625409383433388,-0.33102646199752656
company_1477,0.05691359176620196,0.9164542593036609,0.42857048897645017,0.2659055526109597,-0.48386667176493803,0.12349501578416452
company_2309,-0.37856784652577635,0.5822082962181852,-0.6478049784897325,-0.10245990851575616,1.1767429302003805,-0.5428943841435767
company_2430,0.34111077175394655,-0.545221276136524,-0.010842592537748495,-0.4538972339049419,-0.29747992977404897,-0.20648718251044534
company_1029,0.0573032588350373,-0.7734652741239968,0.22013705397022268,0.05140454034672125,-0.5196503977783321,-0.06402369092589401
company_357,0.30141531748074696,-0.4739148035800839,0.1758948593337377,-0.6087390478615562,-0.3232411005709392,-0.27190249423879326
company_1151,0.35153088120148807,-0.4555268789960903,0.2216914556982115,-0.7335425991606608,-0.26571636628963524,-0.3740236203688507
company_3356,-0.48735784192630466,-0.012532979426558231,-0.31773597027862455,2.2820777851630747,1.0831111338137054,0.5238914293862825
company_2634,-0.18311755366842308,0.3201698520145128,-0.5340928543047218,-0.13062822621085324,1.3080686256682506,-0.41175001340601153
company_2902,0.36071644097711153,-0.467117861040951,0.11409279061896495,-0.6625619630996408,-0.2686888186005387,-0.3176620771961312
company_5039,0.3862504824399646,-0.4405069192286954,0.20376255503447827,-0.7840783312471441,-0.23659442845808934,-0.3938228893993656
company_6522,0.09607218682863787,0.17924483401812297,0.02987736637024188,-0.5485844702082607,-0.5470757414658932,-0.013441469782087316
company_2900,0.22370985495039122,-0.054675445016383786,0.0324746452160487,-0.7325673045777485,-0.4653827521456544,-0.006503617411123836
company_604,0.34348800491057563,-0.4465711921926777,0.09731454917576209,-0.6651184275193618,-0.28472797079442197,-0.3151637111313007
company_2051,-0.23972510616256376,0.3143045460002423,-0.5208633664157354,-0.06557416205575535,1.2586651250667187,-0.3802313249237904
company_5292,0.27639159904783683,-0.0932779304824385,0.2638878762641664,-0.5203346632733514,-0.3452303622769763,-0.17121675373887135
company_1591,0.2777312097833568,-0.16254177284942764,0.11698822183924257,-0.7500854577805943,-0.37093152771414534,-0.20175947349499626
company_7135,-0.16080021782642068,0.33019454775494356,-0.5076015776692973,-0.18713833678175862,1.3311740347286254,-0.4463780194470092
company_3731,0.40206045025535736,-0.4382265938509969,0.20112366366965803,-0.8012909937915508,-0.22415803931717007,-0.3965041529854067
company_7243,-0.27648799284872544,0.4858248386897111,-0.601662219204563,0.2698200143580884,1.1827654431106664,-0.046266377492428415
company_2551,0.3488848233026283,-0.4518462655104339,0.21893659821431796,-0.734159988371109,-0.2684539586842749,-0.37261714535593643
company_5023,-0.058071328251117715,-0.8962610654539381,0.22747143803510184,0.5873291258789545,-0.6281149251316673,0.19836394703291693
company_562,-0.2604698959302107,0.5968965486761532,-0.43556357444882593,0.3766059488067408,1.2436680875959687,-0.14358152450730768
company_2627,0.3038640493789153,-0.6186747237627254,-0.05183145662691446,-0.04096536335281241,-0.34634916426605417,0.03127177207275132
company_4795,0.07968312040015739,0.22124036581518164,-0.03490958718362533,-0.7079498169020768,-0.6056339949720025,0.08456349535461712
company_5324,-0.2117918123888458,0.5010506638304999,-0.5043239877674178,-0.3049731307421723,0.612312210633674,-0.13900097381004065
company_2944,-2.273209533574093,-0.13259566292621922,0.7359659329887429,4.321634894015976,-0.5513395088018787,1.931214358178758
company_5553,0.3882351221896149,-0.44222352792877906,0.2054748956819433,-0.7840622615156041,-0.23508646232680971,-0.3928436826903076
company_3924,0.21172302697102588,3.7746417222891187,2.755765606661285,4.237135406517108,0.09037305577877218,0.9102383496963883
company_2577,0.29459840094201334,-0.486034953106246,0.2539605945236442,-0.6473104347552454,-0.3111056171182025,-0.3496581896233377
company_7358,-0.3123607959395956,1.8255677517559916,0.09591333666532305,1.3790149691201763,0.6230292556921069,0.4928648195767305
company_5121,0.3595372695559016,-0.4100558858581981,0.15017547301011575,-0.7538153239741882,-0.27343852852506606,-0.3314775471600051
company_4758,-0.12182838701044707,-0.18826454328615547,0.5733725350240346,0.19865544686496464,-0.7243012574930963,0.32577863757464004
company_5363,0.3733744202301937,-0.44411999959624476,0.20852435267625222,-0.7673578128150602,-0.24743097324218313,-0.38734637985727455
company_6473,-0.017981648822075876,1.97224552943657,1.2534915209481032,3.8276673949090783,1.6538180803331257,1.08273603231239
company_4466,-0.21712773150225845,0.27857570436505963,-0.5348003764533377,-0.035347050583836866,1.2803363160404262,-0.3809692700559786
company_4462,0.3161257850879651,-0.4851275847788863,0.1382838012618636,-0.5966611277006959,-0.3080473143542004,-0.28362491133663775
company_6821,-0.16080021782642068,0.33019454775494356,-0.5076015776692973,-0.18713833678175862,1.3311740347286254,-0.4463780194470092
company_2616,0.39043003924607345,-0.4441220154078002,0.20736866289800882,-0.7840444891577463,-0.23341872359352542,-0.3917607266989804
company_375,-0.5529970840821754,0.19673363771249014,-0.24402095274650606,0.9437552451209675,1.0126367721824459,0.005149261181371853
company_4672,-0.15594008625398684,-0.90343545592581,-1.0028169011376629,1.6860786928329854,0.6615853268402897,0.5144690966044441
company_1497,0.007449932250649516,0.1004983196667358,-0.29574963103201296,-0.37072067353355304,0.8662546155592161,-0.43146973753474527
company_860,0.3028286781445064,-0.4173342415441744,0.047066536710304335,-0.6187744450793825,-0.3339913251776184,-0.24399890835891233
company_935,0.2555715627097732,-0.21820082097230803,0.5473145333636567,0.7945170228086731,-0.31333241271822415,0.26108503328103033
company_5128,-0.24824379907166608,0.2993313292783944,-0.6196685816144578,0.25936572444724515,1.2318865303571713,-0.17378459933402896
company_7554,0.27778864113109153,-0.52112353956846,0.21105387915057247,-0.5484396164479008,-0.33213241764308316,-0.29065245218538044
company_91,0.34197561541294463,-0.4635939923955189,0.22985461583318387,-0.7161179603149023,-0.27320349412085226,-0.36899049578675
company_172,0.40206045025535736,-0.4382265938509969,0.20112366366965803,-0.8012909937915508,-0.22415803931717007,-0.3965041529854067
company_2710,0.20815493854461692,0.05945125475514966,0.2253340527702727,-0.4031788426994917,-0.423210525387936,-0.03261997646949031
company_2853,-0.0655429232896306,0.7996693933160006,0.2792156743143599,0.6982253431069633,-0.8824857184225458,1.445501438549949
company_4069,-0.43680945304724444,0.8775277682887418,-0.7238855130221805,0.3054074763182682,0.9467879103868302,0.37925223729425234
company_3851,0.338220904123771,-0.04164273571182349,0.2025706904553331,1.70906811343828,-0.38315014408105863,1.204829577110631
company_2187,-0.16080021782642068,0.33019454775494356,-0.5076015776692973,-0.18713833678175862,1.3311740347286254,-0.4463780194470092
company_5588,0.3440309860089944,-0.4460634210414961,0.2142115798722547,-0.7348777258642251,-0.2729696773817059,-0.37192467269880924
company_3329,0.26099750352732354,-0.2154304662368275,-0.0011389621860626018,-0.08207983732159194,-0.4347327519038561,0.2721569652669558
company_4644,0.36091757127951896,-0.49995115025082865,0.0692396973062053,-0.5813281137112261,-0.27689625840832033,-0.25876995905716615
company_5842,0.34379646212487136,-0.451570225391678,0.2159447611391325,-0.7324349686879579,-0.27016542341962924,-0.3831651483128215
company_6143,0.40206045025535736,-0.4382265938509969,0.20112366366965803,-0.8012909937915508,-0.22415803931717007,-0.3965041529854067
company_7297,-0.6701616605770361,0.48377791313831525,0.038369203144699125,1.4210796896855278,0.9026032378954065,0.33594998936324993
company_1473,0.3882351221896149,-0.44222352792877906,0.2054748956819433,-0.7840622615156041,-0.23508646232680971,-0.3928436826903076
company_291,0.29225054172526493,-0.4075119342815809,0.005651706193781721,-0.3604444813477521,-0.35769418674759407,-0.0745848998352334
company_593,0.40206045025535736,-0.4382265938509969,0.20112366366965803,-0.8012909937915508,-0.22415803931717007,-0.3965041529854067
company_1565,0.27083451001767916,-0.4979333736142942,0.2662005196208421,-0.6125891331239268,-0.32972574350303346,-0.3414769616507042
company_553,0.35371123612520683,-0.45329298241530086,0.14433615891234086,-0.6890587470719572,-0.27411586121958775,-0.32563194577195054
company_3878,-0.21031769644870618,0.3525120681299774,-0.4359530318524482,-0.28604224526755057,0.7118235110309712,-0.5279861022313128
company_6329,-1.647734019977043,7.158909362824469,-2.730520118837841,0.12882186335753174,-3.4670598827550383,11.742792344589278
company_2413,0.19636232611670193,-0.36679670006325027,0.27603254870106625,0.4142912777466815,-0.4223273047240459,0.25339291729967733
company_4691,-0.2780579438051078,0.4445919099213879,-0.5239057551442617,0.06086732557702145,1.1928603509051041,-0.17864108141477592
company_4920,-0.24351709524240578,0.2857945442632049,-0.5305364844456116,-0.007859977188297127,1.2509215749032745,-0.3412597637489034
company_1440,0.2582427168989039,-0.5199511632891699,0.24931434401411098,-0.5544670216401788,-0.3435709557356328,-0.30902773343464485
company_1822,0.030216035142383996,-0.6249443930979374,0.4004946995129132,-0.25035071609545095,-0.5214097930377789,-0.2402267794319097
company_4354,0.3639884707633505,-0.44404028842074045,0.17510228219878216,-0.7303675992718539,-0.26307355418738987,-0.34642656887739876
company_3690,0.30416090782606475,-0.42538284604727067,0.05055376965177899,-0.6158109275079332,-0.329376778532494,-0.2567784252830523
company_34,-0.4052607850497325,0.4036095242579378,-0.4055618369720661,-0.6418950124267021,-0.8239896653319889,-0.7413440768769006
company_5419,-0.2544713511842105,2.1611077722701344,0.39130255900548,3.518060328472713,1.0632482531520155,2.3509257902664116
company_6348,0.22061742258948658,-0.5451572913553062,0.2409922920821074,-0.46489302880763617,-0.38097707761659205,-0.2541925022599163
company_3799,-0.07031516253723821,-0.8384716251077077,0.28906521636296884,0.24106868614087143,-0.6213387026200698,-0.011462669061677297
company_6494,0.2949344810510993,-0.48755024689620446,0.25466569375458437,-0.6467833856251681,-0.31021058383764966,-0.35187840039649443
company_2858,-1.7520490852997255,3.481264964658861,-1.6400951871207792,0.41497997829279315,-0.28226995610099254,0.9107746991908443
company_4262,0.26056450009678983,-0.5607999200925443,0.16946636355589184,-0.4474543744707901,-0.3508904091928756,-0.24148842845227816
company_5300,0.3862504824399646,-0.4405069192286954,0.20376255503447827,-0.7840783312471441,-0.23659442845808934,-0.3938228893993656
company_5062,-0.660236940774841,1.5681214138950152,-0.8236286912906766,0.4697819971173811,0.7421130918738984,0.5581503467788276
company_2953,0.832295144663344,-1.0255858708140746,0.7428530914263518,-1.2707318264739136,-1.4130096637529548,-0.35838198721180753
company_5557,0.22938434006979316,-0.7700219464926882,0.03771270407707186,0.18953272757547682,-0.3905218964910659,0.05102113265854928
company_5951,0.27147087896675043,-0.5306797090067602,0.1826458935671343,-0.5084351081833216,-0.34179663994211773,-0.26182275365952556
company_2160,0.2836565942607462,-0.40822288261895656,0.23451748863751884,-0.49571740728289654,-0.3362572893159362,-0.21256003552091077
company_6838,0.37196635017220575,-0.4564507403179171,0.18385341888512918,-0.7279438275345792,-0.25413365030979446,-0.35322610799436505
company_4267,-0.2949347608819457,0.570447567251119,-0.4399489768551289,0.07005163753490844,1.1828669440862927,-0.16414910958643553
company_5528,0.007449932250649516,0.1004983196667358,-0.29574963103201296,-0.37072067353355304,0.8662546155592161,-0.43146973753474527
company_3830,-2.2726876207285427,5.22004345850287,-3.069342637966421,-1.996122766679403,-3.9413262442437103,4.699261996180302
company_268,-2.501888180322174,6.161062775307748,-1.269785429960949,2.3099770602561462,-0.8852484301133181,1.9503520198057724
company_1773,-0.027675203054960327,0.10271809353203222,-0.37260679691091464,-0.2916986088703108,0.8288562373238685,-0.3812439522316463
company_3141,-0.1721052933491255,-1.1164438575692972,0.15353814924645612,0.8382950650360653,-0.7221701961489954,0.2529888437503924
company_6911,0.3010202317096919,-0.4296817073439515,0.10001314788436143,-0.6254383999672121,-0.3329043970298577,-0.2500723665434654
company_7343,-0.9400889615598337,-0.2613562333823412,-0.16343807237327604,2.196655114275257,0.6916573575870271,0.47033659433462305
company_6932,0.3391773808779205,-0.4083802387949903,0.10996178568239086,-0.7135332260835537,-0.293294851084984,-0.311356750534668
company_650,-0.15265098665908958,0.19846852362548545,-0.3423680813183775,0.8653074928171703,0.6739258882529934,0.3452753435918688
company_6593,0.2768470218518605,-0.34616534162789514,0.1729777226879691,-0.32626999411221197,-0.3471010035073738,-0.11907994203837845
company_6245,0.29885515979326027,-0.28793433129079765,0.2001292432670523,-0.4474418827662831,-0.32780366540925565,-0.16323808718433339
company_2380,-0.3915870278769733,0.6865524461834475,-0.6213276144580528,-0.028723141899265624,1.1625122419099312,-0.48105341486137304
company_4765,-0.04933534652659835,0.2397419820035312,-0.17533066878190923,-0.6670393595991261,-0.641473905127086,-0.22396938851659765
company_2103,-0.07300842544858108,0.17663256390451854,-0.423484404784149,-0.3069244399642918,0.7762837070553782,-0.33599405799850457
company_7646,-0.16843862190347553,0.8676682543958607,-0.2631476809097628,-0.6128091080413894,-0.9613794732515865,0.7216482576340864
company_6273,0.007449932250649516,0.1004983196667358,-0.29574963103201296,-0.37072067353355304,0.8662546155592161,-0.43146973753474527
company_84,-0.03895918816257119,0.09692766341249483,-0.2883601451766516,-0.3208526806514114,0.8275516032212824,-0.4148300687744646
company_4678,0.29027370795880847,-0.2366098887657421,0.03303396080947893,-0.36333892576397253,-0.3818225218019718,0.038213613377013095
company_1432,-0.22272726962155093,0.3481859714631076,-0.5444092084517961,-0.10725680868396627,1.263718361957409,-0.3603215692665377
company_4182,0.40206045025535736,-0.4382265938509969,0.20112366366965803,-0.8012909937915508,-0.22415803931717007,-0.3965041529854067
company_4834,-0.003112320419409122,0.4216299672339369,0.025181952220806186,-0.454194445333392,-0.5766850288661183,-0.16938540968102675
company_671,0.0734972561058289,-0.5986105268511202,0.3727360343194751,-0.31934130108920483,-0.4868027506962512,-0.2608979045069302
company_726,0.33336537476795186,-0.4920641079581096,0.13958364155515995,-0.6104453545901054,-0.29035614606549826,-0.30114972801985607
company_6164,-0.4522669129727348,0.10914674045080203,-0.4391037976715672,0.41031703548758974,1.0870771260023082,-0.22800247331397386
company_1846,0.3515512072881681,-0.3956924900012523,0.14075764300091945,-0.7570723075192702,-0.283401076927508,-0.32089069540922255
company_3489,0.3862504824399646,-0.4405069192286954,0.20376255503447827,-0.7840783312471441,-0.23659442845808934,-0.3938228893993656
company_6223,0.40206045025535736,-0.4382265938509969,0.20112366366965803,-0.8012909937915508,-0.22415803931717007,-0.3965041529854067
company_7085,0.302511290261476,-1.0908460027384785,-0.3888453925240624,0.6070020770883853,-0.3652850993956079,0.2839917256598946
company_2745,-0.3360445552844449,-1.1565117683736394,0.31694438483647436,1.1966818018325975,-0.8475779787381624,0.3697538520671009
company_355,0.40206045025535736,-0.4382265938509969,0.20112366366965803,-0.8012909937915508,-0.22415803931717007,-0.3965041529854067
company_3430,-0.26984164740745586,0.2770824877982593,-0.5208352294195244,0.026424619843825537,1.2298483314572917,-0.33244901168446594
company_1286,0.3633694835561253,-0.005990059823057257,0.4246241081025817,-0.13624790915194107,-0.6620335650739646,0.023502744762577223
company_2112,-1.360148929219282,2.3314000546386757,-1.470716542616839,0.1167892996354593,0.1606616386093151,0.2639968431900904
company_3186,-0.005837775818156284,0.3713902418195058,-0.115046980852262,-0.6149565081704488,-0.6613169963695259,0.05577134156695381
company_6711,0.32090478460201555,0.23419903186051894,0.5119674346883033,0.27681840985784234,-0.24738375579434987,0.036620572579289024
company_1735,0.3239602007168177,-0.4417520653040894,0.14522013841288417,-0.6622044889893426,-0.30682368198198573,-0.2848252124059672
company_2922,0.3191618126451894,-0.47713808904781563,0.24319356941781164,-0.6810362032754751,-0.2906713601008021,-0.3619457983159542
company_5868,0.2879622944965692,-0.4110710217839561,0.03647566405321612,-0.6160709130535269,-0.34184195000166545,-0.264184467642773
company_7027,0.37062853241057414,-0.42699475646089374,0.1902839879380033,-0.7842048229911229,-0.24846427614859043,-0.4015306450663793
company_3577,0.40206045025535736,-0.4382265938509969,0.20112366366965803,-0.8012909937915508,-0.22415803931717007,-0.3965041529854067
company_6980,-0.6787134903740609,-0.08217411600005115,-0.3350458955667493,1.0872848810907239,0.905326623551609,0.013357153854494219
company_2415,-0.18275800763188693,0.6086779968891899,-0.3266018021209803,-0.789278356174863,-0.8800898655561746,0.22611113557720666
company_3285,-0.6654994258021975,-0.17308450519301818,0.1271939617875934,1.1846002954237833,0.31548859191986656,0.17459936033463846
company_3151,0.3882351221896149,-0.44222352792877906,0.2054748956819433,-0.7840622615156041,-0.23508646232680971,-0.3928436826903076
company_1514,0.32732955839747235,-0.44681696150585,0.18777620063218647,-0.6843714779913324,-0.2991881273013674,-0.30699743999508383
company_416,-0.4017469382510682,0.08568916348479749,-0.5019583416971211,0.4272718224691247,1.1245025237216881,-0.20749032315736426
company_5125,-0.1766101856418134,0.32791422237724505,-0.504962686304477,-0.16992567423735194,1.3187376455877062,-0.44369675586096813
company_3656,-0.4820867071713247,0.6773031239782217,-0.0745719572427692,1.228244984843324,1.0486596316328511,0.32264219097604874
company_3857,0.30106243828088086,-0.3850149055675891,0.05228242872552169,-0.6761062267330079,-0.3299495876218406,-0.28765784342734513
company_336,0.04086277001216557,-0.6356849201529395,0.3712799267762738,-0.22649364254282026,-0.5164722337606662,-0.21831364168517658
company_1636,-0.06449298741300266,-0.852512754640336,0.2971412798156722,0.24497153470388336,-0.612210993163026,-0.026136001912623618
company_3617,-0.7614536250481334,-0.1458806393408229,-0.34057826970244587,1.2853472861503012,0.8263939317960338,0.12237660390271979
company_3713,-0.25367369980200205,0.38728255536473505,-0.5443914330333794,0.31425710441746607,1.2325083997521207,-0.14699372246618997
company_6165,0.3029057111358443,-0.38483208986610257,0.05327035893040283,-0.6768522091538227,-0.3294773322068333,-0.28328576588024357
company_5763,-0.19979506498082256,0.34715738569986415,-0.5527406984405069,-0.13614198995905447,1.288834766345684,-0.39550190459714585
company_442,-0.1854581269396627,-0.03306396251059289,-0.31349235623560334,0.2735610613380053,0.6917913419541378,-0.1314901884520424
company_6221,0.3900023966333512,-0.4437521271045679,0.20699969425849551,-0.7840479518022805,-0.23374365439086067,-0.3919717224303369
company_1752,-0.16080021782642068,0.33019454775494356,-0.5076015776692973,-0.18713833678175862,1.3311740347286254,-0.4463780194470092
company_129,-0.36344001512743296,0.9912031767369722,-0.5483178006584004,-0.8771014069014635,-1.1443126780144595,0.6193510226866071
company_7143,-0.24161545878381452,-0.8772791327551172,0.45186248363160936,0.3765029304598735,-0.7470681348145409,-0.020388095595906024
company_7591,0.34267605259648726,-0.46490056672072994,0.19177653155238708,-0.6926971948669375,-0.2762573543479963,-0.3503657943222969
company_2398,0.35315873578826545,-0.42269889270707467,0.11190826317566295,-0.7229764427498101,-0.27275118666675063,-0.35036361029602714
company_5732,-1.2325703222626703,-1.5882843513061815,0.8217916604846164,2.256821038487105,-1.5572229081038087,0.6027370789375969
company_3441,0.37254802275294546,-0.4407802583350963,0.20692150211851734,-0.7684884079147765,-0.24943003371136155,-0.38263963100217796
company_3547,-0.3643292985355848,0.6041804259729764,-0.31171025558998827,-0.5152050982036794,-0.8275834077507433,-0.48757319897982787
company_3600,0.373936265326658,-0.4298557709610332,0.1931378890171117,-0.7841780401052231,-0.2459509992631244,-0.399898633884616
company_4603,0.29823259693151244,-0.410708604781012,0.03819158899523323,-0.3948671043270281,-0.3414718951494553,-0.12899378423208488
company_5320,0.07760845891856001,-0.4644845352958663,0.5099084740228149,0.2866884138537898,-0.4770437312307398,0.029334216665788223
company_1065,-0.5493088305279177,0.1438457671618612,-0.24919160978598856,1.459356055073814,1.0147230337706785,0.23713759402274173
company_3822,-0.5698384458155198,-0.21705419399035125,-0.4837327966124775,1.9090154385917162,0.9865495532918632,0.40038214023323254
company_6514,-0.6837702906859879,0.6839459023666364,-0.6592288860995811,-0.6610369673978415,-1.0562081011185958,-0.8019125638323302
company_3739,0.19664889716133946,-0.13324396286278992,0.11926683710390201,-0.6300708136262213,-0.35816798505623565,-0.47599553301872083
company_4953,0.09843062212776328,0.7319020675609377,0.3207054589582895,0.4599712034269988,-0.5302527230904573,0.5010188613347372
company_6789,-0.21299238665573667,0.3172969614435901,-0.5283932220101616,-0.0975576820494304,1.2828517545271816,-0.39929703626511454
company_6512,-0.1780561374594158,0.3291648944301632,-0.5062102487762016,-0.16993738218461674,1.3176389845492025,-0.4444101778918533
company_3841,0.35871163579183446,-0.43061566454349876,0.16754582763351158,-0.7342040278579287,-0.2717112595732014,-0.3317663289092895
company_2502,-0.2810791190694346,-0.031110380813192992,-0.10079935999985086,1.346615019380755,0.6282216918414281,0.3145128966154858
company_5303,-0.20271508426888202,0.31975734271959844,-0.4953245201198051,-0.13595835006219237,1.297442060300902,-0.4333257385397406
company_543,0.36645851253457606,-0.4225042464961533,0.15833761464637322,-0.7509925648584918,-0.26480427929667094,-0.3406530067257537
company_774,0.14374961704742828,-0.563606470538224,0.3356585941448322,-0.42283277769068417,-0.43090143931928127,-0.2890526553342649
company_5306,0.8184698165976015,-1.0295828048918567,0.7472043234386371,-1.253503094197967,-1.4239380867625944,-0.35472151691670845
company_3794,0.07252681661373402,-0.7433497082027454,0.1968572032087042,0.011977006139417145,-0.5131765553374301,-0.055316944967691996
company_5142,-0.5874144051177209,1.0851592198213815,-0.6018245009401769,-0.640331419069226,-1.147536441169894,-0.03645621037781871
company_2056,0.28841165722605205,-0.23487477643472848,0.243162899589714,-0.5231163392850422,-0.3420740923000203,-0.16346688430193035
company_1777,0.40206045025535736,-0.4382265938509969,0.20112366366965803,-0.8012909937915508,-0.22415803931717007,-0.3965041529854067
company_7405,0.12367234484131136,-0.6957000226400872,0.2224499261559408,-0.1362377143665561,-0.461861651277166,-0.13974906999126802
company_787,0.40206045025535736,-0.4382265938509969,0.20112366366965803,-0.8012909937915508,-0.22415803931717007,-0.3965041529854067
company_2534,-0.3098160011516069,0.07802387033877556,-0.6959521757397504,0.4602815175136824,1.1808511674725175,-0.13176110661018214
company_5869,0.28574360356901163,-0.23498896457963472,0.08600207267934605,-0.4296407043725956,-0.35864461643943296,-0.09092445746747817
company_7072,0.3882351221896149,-0.44222352792877906,0.2054748956819433,-0.7840622615156041,-0.23508646232680971,-0.3928436826903076
company_4938,0.3296710521094782,-0.47012247416375647,0.2359302294167128,-0.698356198358144,-0.2823411449295868,-0.3669492850498566
company_1588,0.07516302335760115,-0.6559773801286598,0.30898492235876285,-0.19450929407825057,-0.4944538715660154,-0.18540297658301097
company_3072,-1.0322936149945638,-0.2507798737651012,0.010519917524592876,2.602147454809585,0.6372536537754773,0.5823320309689457
company_3968,0.1700269785434439,0.007492957420011646,0.018000209306973852,-0.6430591227790962,-0.5796486550027606,0.3082959033701905
company_1613,-0.6651401989867785,0.4837348715958942,-0.2152075463885413,1.946977804475854,0.7871787256173364,1.0098354026708591
company_5280,0.21020676155391105,-0.5756092601039293,0.22820757945145084,-0.4039498181227336,-0.3897448657219361,-0.23342457388892457
company_4922,0.40206045025535736,-0.4382265938509969,0.20112366366965803,-0.8012909937915508,-0.22415803931717007,-0.3965041529854067
company_937,-0.30822030696015473,0.13816606155235678,-0.5923642348421827,0.30996471723445473,1.1920092480389752,-0.21438732213358147
company_3612,0.8007197703197373,-1.019812221445175,0.6948620250314107,-1.228141635594387,-1.4384610863572205,-0.35471139675506735
company_3167,-0.6752200844376024,1.6089029367442196,-0.9158250513259161,-0.9023348982185151,-1.5139117449626385,1.008595569206687
company_2600,0.3808333257362458,-0.44835911709607534,0.1752899093175128,-0.745129634087715,-0.24687132665576653,-0.3597110323127958
company_5253,0.27691290880670016,-0.4948568204801634,0.22969980412960297,-0.5929931698072224,-0.3334126640077321,-0.3025953342378662
company_323,-0.22571697546635894,-0.8182657649881003,0.537064563485905,1.1112962931040529,-0.7325731539502351,0.3328142767243618
company_6139,0.40206045025535736,-0.4382265938509969,0.20112366366965803,-0.8012909937915508,-0.22415803931717007,-0.3965041529854067
company_7500,0.32953388652749577,-0.4871467051473722,0.1746542793726134,-0.6342779459081567,-0.29015280945513766,-0.3195605628701342
company_5709,-0.8805186425271386,1.543530443149243,-1.021470599110997,-0.8104867889256032,-1.5342407800225495,0.3923769312495349
company_5299,-0.5357064267765455,1.028040999519327,-0.40360918890489456,-0.39670324367193677,-1.0219643468214843,-0.2197227182670436
company_7574,0.11193913738371256,-0.02708305299165377,0.297592608332831,2.295729625830973,-0.6859556256384394,1.9111819089165722
company_936,0.40206045025535736,-0.4382265938509969,0.20112366366965803,-0.8012909937915508,-0.22415803931717007,-0.3965041529854067
company_5333,0.17513625131470476,-0.5460080439487378,0.2828972177614092,-0.21456150280399972,-0.41946693203134766,-0.13776709557038713
company_5833,0.8184698165976015,-1.0295828048918567,0.7472043234386371,-1.253503094197967,-1.4239380867625944,-0.35472151691670845
company_5052,0.36576424984599915,-0.42311007046828664,0.15814754152444052,-0.7504816842569063,-0.26470166696829917,-0.34334596869335104
company_2349,0.2687159003281903,0.6886297628168156,0.8175827633853454,0.6864635206449617,-0.32405562251484255,0.4529615198658652
company_3277,0.3589056405433913,-0.44403982631801225,0.21112697637043276,-0.7516416579842085,-0.2606872718880846,-0.3771438893746009
company_3052,-0.24111246058261462,0.4082267510317875,-0.1393343418621009,0.8035664317493284,0.587591677494374,0.41341409428509895
company_1880,0.354354050983377,-0.4803823470094946,0.08691647545180482,-0.6209535294166632,-0.27642974037716955,-0.29615493798917086
company_1094,-0.42814543013619966,0.18490936155113802,-0.3926537257578555,0.47232816812553857,1.107973680433118,-0.18250191163970333
company_4751,0.3554348911435689,-0.4194353285064627,0.14014734736477363,-0.7588226650428689,-0.26104487175030633,-0.4002592134056897
company_4102,0.3147749217522919,-0.32408561193077073,0.15448301964268482,-0.38099062497445685,-0.3206785569114731,-0.11813405393205194
company_966,-3.0214139314034507,5.679662108984264,-2.969817879654906,0.16091919029389912,-1.733018720980235,2.2024361685209755
company_1213,-0.22570966602911158,0.3967763144902673,-0.5843217269195159,-0.14799960598379958,1.2549342219296513,-0.3552830431004302
company_3330,0.18550975569586173,-0.5793824975033867,0.23716164242809304,-0.37236939754377757,-0.41289660773561765,-0.21144508427908404
company_4527,-0.34716343148407486,-0.5656911745717683,-0.5142167608220084,1.7711283295610472,0.5412841186675814,0.4915160723080077
company_5150,0.832295144663344,-1.0255858708140746,0.7428530914263518,-1.2707318264739136,-1.4130096637529548,-0.35838198721180753
company_923,0.33819100055160406,-0.495910986787408,0.10471635190985955,-0.5874312374177268,-0.29081246701019153,-0.278487176556482
company_2704,0.1052998154914867,-0.7345006508498766,0.21883139317593595,-0.058326510361438225,-0.4774787160546567,-0.11102510290566521
company_914,-1.1168367125439684,-1.4242331938133268,0.9225812008103694,2.264861446453719,-1.4446855331269255,0.5961254726914786
company_2403,0.37974311441335495,-0.4482512895914277,0.1746323870342336,-0.7447808832206454,-0.24726344837754502,-0.361876146944409
company_3302,-0.414828797550322,0.7434173474106675,-0.45693904722525674,-0.670224944561102,-0.9601522649690822,-0.21320380497209973
company_758,0.33211855076808705,-0.45428221266620505,0.22108354589779503,-0.7165342824140364,-0.2811036115002849,-0.37232256641190475
company_6185,-0.3499329011357972,-0.821920560930507,0.6123330559813301,0.7791672475134804,-0.8385847090389849,0.1853260932723691
company_2065,-0.464547885142096,0.007216006982432023,-0.5409188380858811,0.6370397180854245,1.0642304865753358,-0.10572602123423797
company_4256,-5.163667779676862,8.254470893171778,-5.627865136535528,-2.041743960507449,-6.31073778259434,4.003758195087016
company_2181,-0.27052471487452984,0.48798189544709164,-0.6556478059535866,0.04375345939199748,1.199643107621507,-0.20467395424754511
company_3147,-0.2708899310373512,-0.8917997026228371,0.4687125230130858,0.6499316970226561,-0.7773777756007103,0.12435629191309856
company_4707,0.37953083352147104,-0.47022087779908317,0.15391005124268756,-0.7016730748426397,-0.24856293752947242,-0.3439310996619491
company_6256,-0.5299950002666607,0.10227470007022033,-0.35687414619429547,0.8978906256093525,1.0256324284167921,-0.017961892274717013
company_6811,-0.01769687056452182,0.36335576497190375,-0.14942292571595445,-0.7440325486835093,-0.7011045594960057,0.10773544068656048
company_7020,0.2342790614299217,-0.5134420439392747,0.28324941547171084,-0.5611791359468971,-0.35915786482895307,-0.3266296018162459
company_5387,0.40206045025535736,-0.4382265938509969,0.20112366366965803,-0.8012909937915508,-0.22415803931717007,-0.3965041529854067
company_4866,0.3833869308011834,-0.43803009810428895,0.20129189210027867,-0.7841015175740803,-0.2387702081617928,-0.3952357447938636
company_2020,0.3882351221896149,-0.44222352792877906,0.2054748956819433,-0.7840622615156041,-0.23508646232680971,-0.3928436826903076
company_6527,-0.2976038879607697,0.37327644387854325,-0.45421252028325715,0.3214650575757967,1.2079240974333516,-0.18457471367787598
company_6903,0.27038687267505135,-0.497757086829531,0.26588579162944953,-0.6125024600999128,-0.3299557047775803,-0.34210873484586996
company_4780,0.24268357016351405,-0.4947386680045347,0.19984524603324627,-0.3009222255585096,-0.3768471215316937,-0.12047925194076455
company_2429,-0.1439993557673061,-0.7473160527367839,0.4497144554283032,0.09004033742270508,-0.6679370179860682,-0.11225388041795824
company_2807,0.3660020811267407,-1.2287429051223764,-0.3082601608909386,2.0145397468094397,-0.30683826477572035,0.9094286882218717
company_736,0.36689900447543056,-0.4288831283337727,0.1607509031281467,-0.7484209353691025,-0.26133658119476955,-0.3521220144993775
company_3327,0.40206045025535736,-0.4382265938509969,0.20112366366965803,-0.8012909937915508,-0.22415803931717007,-0.3965041529854067
company_1510,-1.9292144951708872,3.2128146499585846,-2.052425317404386,0.0928609847849589,-0.44345206001074705,0.6896651790435412
company_4734,-0.45553742077334836,0.647564473694535,-0.4889399385212949,0.9091652214591921,0.9850166248606449,0.4494363448284866
company_1019,0.36112004946140175,-0.4664535433418327,0.191937406393794,-0.709222735480699,-0.2610073206940476,-0.35477723997689503
company_7338,0.36505748303633534,-0.4445122044401271,0.17587115290223274,-0.7305527822007231,-0.262497779670467,-0.3450170345102083
company_3464,0.35900988575783954,-0.4415519976979704,0.17142303677760726,-0.7296295461074055,-0.2659067800234473,-0.3524250294914273
company_6869,0.40206045025535736,-0.4382265938509969,0.20112366366965803,-0.8012909937915508,-0.22415803931717007,-0.3965041529854067
company_4684,0.3394008584918843,-0.4802934561016982,0.2060001153548588,-0.6744108338023539,-0.2779835133389027,-0.3459241200427829
company_4970,-0.32446526351525673,0.25031498940692776,-0.42155011689836763,0.05347940857479066,1.1998783970516596,-0.37662293530755037
company_6361,0.40206045025535736,-0.4382265938509969,0.20112366366965803,-0.8012909937915508,-0.22415803931717007,-0.3965041529854067
company_4662,0.3862504824399646,-0.4405069192286954,0.20376255503447827,-0.7840783312471441,-0.23659442845808934,-0.3938228893993656
company_1145,0.26248858501548156,-0.023934733342742223,0.24106485797033048,-0.42919521316266274,-0.32788682580586076,-0.24299108226171087
company_3981,0.3324721367068408,-0.39957375713013715,0.12033515837344878,-0.7590085956629128,-0.27849239892876676,-0.41158886817394535
company_6701,0.20989381642852814,-0.5931501353580212,0.20592660819013162,-0.3627017507392473,-0.3933887075326329,-0.2070698808928249
company_4972,0.3784168762850713,-0.44968637671530165,0.21328342500149133,-0.766801083686453,-0.24297022990948466,-0.3872061474207295
company_5797,0.2650136779156416,-0.13293161941711268,0.12374477652164181,-0.5667016655166122,-0.38020964500074617,-0.12087832064403121
company_2206,0.7258837954228555,-0.8825054691076439,0.6165615918446182,-1.2493132263159705,-1.5419917585687493,-0.20865492592803397
company_6378,-0.09514223091963608,0.14441698287844057,-0.34677768507709833,-0.04111174324561616,0.752610726557609,-0.18824521790876356
company_4703,-0.5196411090520444,1.0670084362495114,-0.7837639945836821,0.12188301886613538,0.8867026806342768,0.25962931090063907
company_2494,0.3882351221896149,-0.44222352792877906,0.2054748956819433,-0.7840622615156041,-0.23508646232680971,-0.3928436826903076
company_4435,-0.16080021782642068,0.33019454775494356,-0.5076015776692973,-0.18713833678175862,1.3311740347286254,-0.4463780194470092
company_4877,0.3099216645316177,-0.5056758132713429,0.19150668929984238,-0.5982215390658479,-0.30403062066404735,-0.3152535465336294
company_795,-0.21644488210449608,-0.7465167167716802,0.5295035113547015,0.11174787541136684,-0.7177958987809986,-0.14154424237496788
company_2234,0.36040855298119073,-0.44674855094951227,0.21290125107376026,-0.7510263010768131,-0.2588094496887518,-0.37914725695789186
company_6024,-0.3682448354712321,0.24404180263431424,-0.43979567868447417,0.1371763669151504,1.1506870267898686,-0.2983066449680886
company_5297,0.11197899209278606,-0.8086621628788591,0.16362910714277715,0.071880268756231,-0.4748129253769869,-0.05733054953411467
company_7004,0.40206045025535736,-0.4382265938509969,0.20112366366965803,-0.8012909937915508,-0.22415803931717007,-0.3965041529854067
company_3605,0.17089745139457574,-0.0333229118740206,-0.015715947074681463,-0.7330881687760918,-0.484045259539806,-0.12152962780607147
company_5120,0.1317418642758803,-0.44889581432707504,0.33800893083121825,-0.0846879533517459,-0.47430739822802304,0.010081373783895285
company_4979,0.3019754024220192,-0.4762440368643055,0.24397236905556838,-0.6646840849698351,-0.3051898519169391,-0.35607834713302483
company_4033,0.2584667009295055,-0.16515611696847154,0.03592171495110569,-0.4601689741633598,-0.3947656788571438,-0.05585747375438916
company_836,0.2243766771649679,-0.31195595227988027,0.0010147688696260939,-0.7237422852551425,-0.3702643561544812,-0.4151638650863321
company_3643,0.3764240440693207,-0.4477503800862864,0.21149204727234555,-0.7669081193035167,-0.2445953171310383,-0.3877757446071948
company_3708,0.06827043406955964,0.25989974780468444,-0.13465109584372809,-0.8445743303614046,-0.664868915640797,0.20655456614881962
company_1072,-0.5331811966795195,-0.03591183800897152,-0.006933059803669522,6.719935998111787,0.9819247746143686,2.8376504799203293
company_5895,-0.3345391385369646,0.7417930148782675,-0.5835221269675877,0.11841483848790023,1.1613345910118436,-0.19823804265565254
company_2878,0.3236469676519931,-0.4628297132886373,0.2300268044679111,-0.699296513661496,-0.28800602121047186,-0.3658644509508104
company_4492,-0.4045294065981143,0.8751478503347109,-0.8174413046564922,0.13899923347844212,0.9487214210957906,0.3917669413496554
company_2454,-0.3007981216146144,0.28276834381530597,-0.5186530323810262,0.0562224498476595,1.1998276241234922,-0.30567660168954525
company_4456,0.3882351221896149,-0.44222352792877906,0.2054748956819433,-0.7840622615156041,-0.23508646232680971,-0.3928436826903076
company_545,0.3019050454132145,-0.47517088141793234,0.24356850349032524,-0.6651180829754151,-0.30577208754970664,-0.35414068215473776
company_4748,-0.34949946124153763,0.38036788322210535,-0.33680252299019076,0.29941016245461183,1.173818111170621,-0.21804732104814767
company_4272,0.2372468939672421,-0.8298054337925053,0.017230379786248168,0.29003965219122196,-0.3910499065001788,0.11566376531856079
company_7190,0.369746983153402,-0.4472620906460708,0.16860339536104735,-0.7415834187537578,-0.2508590834974419,-0.3817270175158585
company_2298,-1.1012863107406239,-0.8932186443088259,-0.34055114618565246,4.016249386836393,0.5603125868000404,1.1575586142250094
company_5529,-0.3204177815970317,0.19881787230279105,0.04213464460404577,0.553774296810142,0.5941312947302496,0.004446257231393061
company_3714,0.34296763196586966,-0.4353265973457616,0.05428636139424195,-0.6466293664155262,-0.2947139826319893,-0.2747438935458783
company_3266,-0.2569445344936235,-0.16491914353082074,-0.30669082280609944,0.5408592440452844,0.6304546859463221,-0.027952027990971382
company_4543,0.40206045025535736,-0.4382265938509969,0.20112366366965803,-0.8012909937915508,-0.22415803931717007,-0.3965041529854067
company_6859,-0.06735970006485864,0.5653030469286869,-0.11621439611525086,-0.4251880296759829,-0.6969418101061216,0.09300209654383321
company_6680,-1.3141057516292787,3.307852764820071,-0.7777649419442441,0.2840078621847475,-1.9299375244022654,1.2107869990267788
company_7326,-0.738037805143762,-1.1321392967405102,0.7229565876306795,1.1173486871178169,-1.1434335839902803,0.18896426606352354
company_6997,0.20728877766117557,-0.5948392616858389,0.20501541375774263,-0.36103488135637857,-0.3933087714296964,-0.21603650685432835
company_7542,0.41953357395209756,-1.222502091320306,-0.4252468445183967,1.8052143853078522,-0.2765885158366861,0.860333167349507
company_6400,0.4289329702828965,-0.37946905968538347,0.3109747890624153,0.7416865051857459,-0.1736296704479729,0.22297986915532006
company_3989,0.3897897566601744,-0.4435682047438447,0.20681622918912426,-0.7840496735592312,-0.23390522219064067,-0.39207663743487886
company_1314,1.0728226353335542,2.8856939911612534,1.9030311472682169,10.601396566721975,2.5077163874987862,4.767109775388512
company_1884,0.2548833538869399,-0.320477441833047,0.2433194031781058,0.09563463327108208,-0.3821037568163648,0.1511861304516579
company_7187,0.24853351202951596,-0.5117790161093142,0.27993378151197285,-0.5775640242391852,-0.34687814656250343,-0.3339025691710185
company_2958,0.1020409430497074,2.3614396840435736,1.6556858045625729,8.375990548681601,1.407564113635157,4.66575184260399
company_3370,-0.4098581181664491,-0.8116890241126803,0.6851850466418709,0.7817916101047679,-0.8807562500983742,0.16012220166798224
company_2250,-0.37856784652577635,0.5822082962181852,-0.6478049784897325,-0.10245990851575616,1.1767429302003805,-0.5428943841435767
company_1842,-0.8659367683906716,-0.12594647512312657,-0.23172193263741916,1.0727822787518286,0.7544702126418615,-0.029614988688716502
company_6774,0.3412059486877318,-0.46342739158457974,0.2293597477314128,-0.7159104881048016,-0.2735275847167649,-0.37034273594060163
company_1861,-0.7770603706074146,0.06877559050344989,0.5598629317680905,5.928753827344822,0.9021955806308487,2.0571824602416515
company_1418,-0.29434098745742,0.3205059345735321,-0.6204898704468096,0.298525747655131,1.180353860807639,-0.10825135859119243
company_433,0.3833869308011834,-0.43803009810428895,0.20129189210027867,-0.7841015175740803,-0.2387702081617928,-0.3952357447938636
company_3390,-0.8570714397329574,-1.6301449863002275,-0.9676510550298046,6.059869712052095,0.7211380942490957,2.1010077678933086
company_4326,0.2616504971245001,-0.40966672316970826,0.15835259780976385,0.0302796313334862,-0.37290917237776433,0.08332748889306649
company_2289,-0.6149597047064488,0.7866747846342256,-0.8517630961097575,-0.10437398571786106,0.997128007184998,-0.6595283946928391
company_420,-0.38749028804571367,0.7693328195024159,-0.8565655023607315,-0.01122554216028838,1.0127000439079825,0.10832912416102089
company_2708,-0.9755939088505988,-1.3529245038988755,0.7854479790193212,1.8887144138838179,-1.3473929790894126,0.5127068705431765
company_6161,-0.33499012326409605,0.7555352449606993,-0.6680201966654524,0.2787197203597976,1.0769039541344558,0.19711515312294237
company_4693,-1.3236343939783162,1.3996410105437547,-1.4632052868064247,-0.11011216163002503,0.45866382006722145,-1.0091832932188163
company_2295,-0.09097454688761564,0.17673895868752895,-0.2992628430616789,-0.12370922842002195,0.7624308977343742,-0.23861539522026326
company_7323,-0.566169252335004,4.988691245547295,1.9875979367225642,5.024827765605886,1.509774948627598,0.776498907990869
company_4804,0.10389464751287676,-0.7451141865328349,0.34120938651324295,1.8799802351996224,-0.47999522466541583,0.795637066013365
company_1648,-0.4476830846399609,0.27945002149551207,-0.159039910922194,0.4346377851808108,0.35898908526386675,0.4211092242063315
company_1442,-0.3487431044361865,0.34061528597068824,-0.45683370064316947,0.4296356033659089,1.1614918123014333,-0.13213835944329025
company_4190,0.26288982968640184,-0.4902068127817465,0.25905609451549555,-0.6130194677527481,-0.33620878199044546,-0.3437312445473432
company_1793,0.3493731519977412,-0.4532626667736859,0.21969489239918352,-0.7337304318161232,-0.2675636877674093,-0.37431297377550626
company_5942,0.31093585202948715,-0.4971391974567036,0.1502705497446887,-0.5791289044746611,-0.3121294518126095,-0.2767666933431116
company_7209,-0.2766967922001117,0.40890158747775623,-0.6283446980730244,-0.14523089905571984,1.2416537987205039,-0.48431089118023457
company_2243,-0.2056192809763485,0.5469261900180934,0.029256887183738273,2.906987051416894,1.3694471104696742,0.7699690625180643
company_7655,-0.26786706284905026,0.18916317775386793,-0.6021023424787176,0.19785052877246603,1.2255415039936937,-0.2545967052860828
company_2420,0.26700418723221886,-0.5072059021924229,0.2391131938499483,-0.5736071198390161,-0.33877196579796237,-0.3066753124382363
company_2706,-0.26005708750123774,0.4204563565391845,-0.4882930339506484,0.02054693107021587,1.2324799070296422,-0.2892315128284756
company_6395,0.3882351221896149,-0.44222352792877906,0.2054748956819433,-0.7840622615156041,-0.23508646232680971,-0.3928436826903076
company_3195,-0.1780572250824476,0.4362587366800879,-0.4631452751144032,-0.28945173089598136,0.6565470475584303,-0.19174595093557348
company_2340,0.40206045025535736,-0.4382265938509969,0.20112366366965803,-0.8012909937915508,-0.22415803931717007,-0.3965041529854067
company_3308,0.34779903014283853,-0.3907964427346118,0.136960732573138,-0.7578094180503552,-0.28711425118149436,-0.319525919215223
company_5936,-0.42564039641971324,0.16970238548329425,-0.44902970594600744,0.3095919310466813,1.102630606410316,-0.23792493562215755
company_6061,0.20916239840465395,-0.03550457699680741,0.06120150017810161,-0.41774830498474796,-0.4206820111737282,-0.08497381099144186
company_1469,0.3882351221896149,-0.44222352792877906,0.2054748956819433,-0.7840622615156041,-0.23508646232680971,-0.3928436826903076
company_1287,0.15779779752776812,-0.5784447781914281,0.3097703538453216,-0.39845333178886394,-0.4227757113552327,-0.267713068163101
company_1526,0.19075043981334155,-0.5592532634529206,0.2894208933002707,-0.4501351005395096,-0.39637703742958363,-0.2832340420865978
company_800,0.3470742332334893,-0.44019290517438986,0.1750349519671185,-0.7153785763815387,-0.2790508919117002,-0.3342118370578734
company_4194,-0.5282170459112602,1.2870516065565236,-0.8334696301043063,-1.078799001436957,-1.3763709437148177,0.8667537246759613
company_7178,0.30662714752239456,-0.47676061335743547,0.10198822982563148,-0.5631783821142541,-0.32805347119713907,-0.22680360899412527
company_460,0.18473159750688994,-0.5591404095580702,0.2579054463780882,-0.4143787793720194,-0.4109998222305594,-0.2349138512332679
company_5772,-0.1391859629875769,0.5050008347869003,-0.21911531630006875,-0.6679930501565288,-0.7507137213120946,-0.07720365030667002
company_3146,0.1452391136222622,1.1051335670159093,0.6535557135450137,0.3698187057860798,-0.612076952202563,1.0496346952515063
company_7191,-0.2177624423009713,0.3579264834124137,-0.5774963348463955,-0.14475370455151404,1.2864332120284077,-0.45523311481030265
company_1087,-0.8812851749597691,-1.1044349166344398,0.9335681050864713,1.5424100465707575,-1.2448274014715506,0.3281894420788524
company_3451,-0.17431871128668797,1.5459940511639856,0.2647218029655004,1.1078407120054692,0.75634032688243,0.31337209177981473
company_633,0.40206045025535736,-0.4382265938509969,0.20112366366965803,-0.8012909937915508,-0.22415803931717007,-0.3965041529854067
company_3854,-0.3848422049839326,-1.0755134715118455,0.4454209129317091,1.053593261214872,-0.8763995031882912,0.2814670616265925
company_3659,0.832295144663344,-1.0255858708140746,0.7428530914263518,-1.2707318264739136,-1.4130096637529548,-0.35838198721180753
company_5140,0.3664024947737342,-0.4548771012752204,0.21907083314803905,-0.7497172137833822,-0.2527172814412953,-0.3819262244608999
company_3150,-0.6994887404747375,1.5479471383907768,-0.6622704035281983,-0.5494693211102543,-1.3527430697935363,0.4780107417559369
company_39,-0.41797288880856154,0.21415219904842275,-0.4116547400894412,0.6706925907392455,1.101985746361631,-0.03282217389808395
company_4936,-0.2421611453446929,-0.8221780807263013,0.48495968392657557,0.5109389875295053,-0.7532024408986965,0.07546487955462397
company_3846,0.1164512830022618,0.28253826002477106,-0.047332655400565304,-0.3625078383699525,-0.5925525024093733,0.32240046669142813
company_6765,0.36308305305088634,-0.5077438815349674,0.034194838243612496,-0.5556609219314859,-0.2761108109889044,-0.24959112283376864
company_222,-0.20784824277318575,0.7588492118563853,-0.40267073150580873,-0.8549965437303543,-0.957502312661447,0.42247441533575125
company_2023,-0.24452511204249042,-0.3653604456958051,0.49168112179839774,5.709104826883829,0.7871003813841324,1.8544037183950792
company_1883,0.2731469070270934,-0.190188049283369,0.16952887414081286,-0.5241142202363086,-0.3653122409138722,-0.1315800108375003
company_432,-0.3043649138932009,0.10284563452615059,-0.649174856358895,0.6055097352856426,1.192380383131188,-0.08183970201810331
company_5630,0.3514814917932795,-0.455744264712844,0.2217370161894928,-0.7334316320700743,-0.2656180269482447,-0.37455478046733615
company_2576,0.21502665796959955,-0.6188338668965484,0.150587884735948,-0.2968248400821013,-0.395053841245341,-0.16507184860584867
company_6762,0.3476618145864343,-0.4518696204879242,0.21824790615146622,-0.733706965610052,-0.2688184601263907,-0.37532717882729494
company_6561,-0.2298199547526018,0.4442578718647166,-0.6004629127058457,0.0035958301459978375,1.2564878069773127,-0.30396656637558084
company_964,-0.38070158731946585,0.6276317879379627,-0.4899015091719882,0.6129652472771964,1.0648721562758539,0.2536879680172871
company_1045,0.13701177117780977,-0.5243551017052293,0.3425528016758557,-0.24574306869775855,-0.44337385129856044,-0.17635869555872483
company_3107,0.3312355437236506,-0.49559859801984774,-0.037300126048626564,-0.24648726330739515,-0.32904612749297507,-0.019207588308388552
company_3315,-0.06844775464343442,0.06420398813629997,-0.40625912469845543,-0.16166221167615782,0.7847222098695157,-0.2979816184354717
company_1797,-0.37856784652577635,0.5822082962181852,-0.6478049784897325,-0.10245990851575616,1.1767429302003805,-0.5428943841435767
company_6822,0.3755294508421436,-0.44614286231988304,0.2104375633324702,-0.7672723392527443,-0.24571055234635777,-0.3865926574106953
company_555,-0.19939361830207258,-0.9114863751129308,0.42969438306941715,0.8386190706589111,-0.7165973406167091,0.2072428637546919
company_126,0.07679658629789712,-0.715183510122638,0.24583896744332365,-0.06887811336816312,-0.5011541619383838,-0.11356188080151557
company_1638,-0.21677174937599133,0.5207206796843105,-0.5115326219525106,-0.14115483373620877,0.6281253471407338,-0.1437675249686885
company_4836,-0.16080021782642068,0.33019454775494356,-0.5076015776692973,-0.18713833678175862,1.3311740347286254,-0.4463780194470092
company_2266,0.2786924172080229,-0.5230033228833605,0.21220588937393045,-0.5479621491941213,-0.330872135559445,-0.29234601860171533
company_5917,0.40206045025535736,-0.4382265938509969,0.20112366366965803,-0.8012909937915508,-0.22415803931717007,-0.3965041529854067
company_4746,-0.4888488769147655,0.09486592311359543,-0.42248623700954674,0.4612109178694164,1.0569954662207217,-0.2108205175311439
company_2809,0.2554936917775888,-0.6550205276532446,0.09719340273047032,-0.26026905870704375,-0.3628336717249142,-0.1496942833054212
company_2026,0.3694387440842722,-0.44192076592920876,0.2055371220724828,-0.7668737800910386,-0.24979198145574968,-0.39163589205694427
company_7670,0.12356235921397561,-0.020319797767259826,0.03935733986075876,-0.6519457356578039,-0.4396656510422808,-0.41520388722732415
company_3472,0.7803878186510028,-1.0600574365753814,0.6236482337444721,-1.0921626924905192,-1.4705891496474834,-0.2522132248267574
company_535,-0.4118364601115334,1.131610371189118,-0.6454437171729757,-0.16790720070536005,0.23587447955225851,0.7797546310359396
company_4548,0.2916707582384383,-0.19668812687331838,0.19946120005843476,-0.5721749013488266,-0.3347435216315462,-0.20666982980099097
company_723,0.3005303902709937,-0.4752078854239942,0.2427980625875227,-0.6646042837740928,-0.30617616826431326,-0.35720769657937634
company_212,-2.9352045735849455,0.46841851059777273,5.255801776773143,16.151004923682766,-0.2908186481110245,4.815040737259953
company_1703,0.04152654398209382,-0.6689422732681776,0.32683410332863905,-0.14524581338025475,-0.5243156633056203,-0.15923982860143873
company_3035,-0.16080021782642068,0.33019454775494356,-0.5076015776692973,-0.18713833678175862,1.3311740347286254,-0.4463780194470092
company_1084,0.240991030528014,0.21554511767963047,0.27814579018532704,0.15360828955298325,-0.37624162546988704,0.17479636559877346
company_2538,0.17622493829961447,0.23396748758041913,0.04635947371251281,-1.2567082620703003,-2.227385284518553,0.6457537128165415
company_1965,-0.09135282841031997,-0.30495369238888653,-0.597585141986384,0.729946137124159,0.7501167062453734,0.09014061200521702
company_5646,0.007449932250649516,0.1004983196667358,-0.29574963103201296,-0.37072067353355304,0.8662546155592161,-0.43146973753474527
company_2907,-0.09365721546978645,0.6382500022825118,-0.15365326301018278,-0.5521791263874715,-0.8097509861455554,0.3960017059266625
company_7290,-0.16080021782642068,0.33019454775494356,-0.5076015776692973,-0.18713833678175862,1.3311740347286254,-0.4463780194470092
company_641,0.2641962464474912,-0.597072897256505,0.11971124187080255,0.08416810911630353,-0.3614524693573953,0.042393887428609854
company_3599,-0.3046102136824288,0.2066225564075841,-0.6072072887177539,0.2247035538395979,1.1875885100654435,-0.21749185658847156
company_2705,-0.7471218171373747,2.252455015057506,0.8797597431524589,3.9308937932457875,0.6371180000137868,2.620599355607447
company_7181,0.15397196010180528,0.14624543347109675,0.12156553322559552,-0.4627507614497122,-0.45020515696909075,-0.14783147901530985
company_752,-1.17976612926596,-1.0622943067298294,0.035978428783032,7.188352401372162,0.5320388536340841,2.485207695250513
company_853,0.40206045025535736,-0.4382265938509969,0.20112366366965803,-0.8012909937915508,-0.22415803931717007,-0.3965041529854067
company_5778,0.2833641832301115,-0.2732009074015096,0.11248239867074682,-0.6269878813888484,-0.3455712803740244,-0.2411010987797841
company_7406,-0.16080021782642068,0.33019454775494356,-0.5076015776692973,-0.18713833678175862,1.3311740347286254,-0.4463780194470092
company_6810,-0.16080021782642068,0.33019454775494356,-0.5076015776692973,-0.18713833678175862,1.3311740347286254,-0.4463780194470092
company_4636,-0.11261516104231495,0.7232450439091738,0.3733196016902936,4.973371589897956,1.482910017205856,1.6601054532851791
company_7535,0.22744607458762434,2.828653151048472,2.3508401427017622,5.9990894441111235,1.995998713382945,1.846334463919589
company_1348,-0.0525861211694905,0.13088895522754984,-0.36829647771191126,-0.3283609302565626,0.8191782405532904,-0.44184143757480593
company_4159,0.3611423022612252,-0.4664643550037091,0.19195374635486795,-0.7092261672012952,-0.26099481907915917,-0.35474982412010664
company_2024,0.28671860835051416,-0.23025493398146943,0.0958236463809366,-0.4215115146122621,-0.36957500069941224,-0.0380074747004871
company_5373,-1.1613902995471292,1.948203455983581,-0.9442595347756144,-0.3471492876983327,-1.598005594535789,-0.057792286220143714
company_4091,-0.315416864967013,0.4796635019672859,-0.7453667992401177,0.12031626423614959,1.1734988741544943,-0.23782886336995748
company_5315,0.2946451360305766,-0.48726904731604526,0.2544055623241746,-0.646798972110035,-0.3104465906337858,-0.35196089398508235
company_9,-0.16080021782642068,0.33019454775494356,-0.5076015776692973,-0.18713833678175862,1.3311740347286254,-0.4463780194470092
company_4372,-0.16080021782642068,0.33019454775494356,-0.5076015776692973,-0.18713833678175862,1.3311740347286254,-0.4463780194470092
company_1874,-0.0276336773235909,-1.5297974475408265,-0.22392036929323983,1.934266702366697,-0.6256795856180553,0.7558679977275056
company_1532,-0.5949001907922195,1.701033408703875,-0.9076143178113238,-0.9162337611502723,-1.567522508491008,1.5074452177672777
company_7608,-0.11776091646590303,1.3608444384490515,0.3919177839135614,2.0817697432976208,1.4683073561176336,0.4629128058268566
company_7162,0.3266776316576849,-0.46420679195522074,0.23221984839423096,-0.6998047298618328,-0.2863532215774928,-0.3619447614965661
company_2169,-0.13680431179184227,-0.9137709940767481,0.28584804320607154,0.4276986359462741,-0.6804524885725541,0.06880568843545658
company_5572,0.24307521988291445,-0.6591165698144094,0.10237955783211374,-0.24350751214799132,-0.3732769973102339,-0.14316184576879118
company_5279,0.28616387588166636,-0.35951955412818426,0.08038054326593086,-0.759383556065512,-0.3136782753252916,-0.43443702471863205
company_3442,0.40206045025535736,-0.4382265938509969,0.20112366366965803,-0.8012909937915508,-0.22415803931717007,-0.3965041529854067
company_5452,0.25401401727932893,-0.14571719180802942,0.02909173503973636,-0.29644272536434735,-0.378669431490767,-0.05992557562231552
company_6785,0.28428006902359937,-0.02520867644506998,0.20868199342604132,-0.3587854592619085,-0.354687137951697,-0.03400122837949653
company_943,0.2648778966814154,-0.13792277913756543,0.10132150547570959,-0.7559703819611556,-0.387750277847187,-0.18179460426825905
company_3282,0.3688571987837636,-0.43104491663167155,0.15172807024364143,-0.7587139839180135,-0.2508463531886402,-0.39363674517454866
company_4434,0.3727154389458998,-0.43561104640286363,0.1663445762333891,-0.747647244974095,-0.2560307102815993,-0.3525587019423403
company_2175,0.20717111411153183,-0.17633316654654427,-0.12574027843788232,-0.4937594908752358,-0.4656727639382824,0.004566838282480579
company_4357,0.40206045025535736,-0.4382265938509969,0.20112366366965803,-0.8012909937915508,-0.22415803931717007,-0.3965041529854067
company_6452,-0.26999797591876756,0.28496305415689316,-0.45662682002024846,-0.033632349461230344,1.2423458075317184,-0.39829278980321
company_1620,0.23683001481645383,-0.5362185587844892,0.2643745222474446,-0.5187267872525246,-0.35918474585645666,-0.3042366139955681
company_6682,-0.8918498145368691,2.4008638575091488,-0.3207984416591317,0.384672245089693,-1.3528783408714466,0.39351560776849287
company_3861,-0.2495825272129235,1.180292689676491,-0.06976609907377122,0.6095024165695693,0.6584805588027213,0.11546033172551345
company_2440,-0.46324701954720326,-0.9842458466962032,0.5684344468079982,0.7022627027363326,-0.9258584416118941,0.07814496237163054
company_6365,0.40206045025535736,-0.4382265938509969,0.20112366366965803,-0.8012909937915508,-0.22415803931717007,-0.3965041529854067
company_3961,-1.3822369199097004,-1.6219381612001182,1.011179934790684,3.0238255931785236,-1.6740830179198076,0.9260993832043928
company_3318,0.7235870253041577,-0.8777399775420586,0.6376758142685909,-1.05906671924401,-1.5350825017300769,-0.15347805553533347
company_5615,-1.0542117832037712,-1.3935828004899433,0.8236883223256058,1.7725778468912037,-1.4003134537956712,0.3995101839065988
company_7525,0.30429256604172966,-0.49688231148332707,0.22423946590540142,-0.6230625609477114,-0.30640565689867466,-0.3300285353768259
company_7225,0.40206045025535736,-0.4382265938509969,0.20112366366965803,-0.8012909937915508,-0.22415803931717007,-0.3965041529854067
company_7491,0.3809164632897104,-1.3396033157241436,-0.13057074738180802,3.3146188762748188,-0.2441519828218733,1.3199965169571204
company_1953,0.35397468060064263,-0.45274475105964246,0.14430036724919748,-0.6893889089945644,-0.27432108697022317,-0.3239898072632994
company_6627,-0.6755203300469219,1.360962207667319,-0.8989150323955266,-0.7393279519196009,-1.4011539542344196,0.6057084109681181
company_5503,0.2211383584681908,-0.5769659766694414,0.2240229623427821,-0.4178380957310834,-0.3769112557680042,-0.25382063948095496
company_5789,0.33341720325429336,-0.4003911898444627,0.12115055868176548,-0.7590009434097985,-0.27777431981863365,-0.4111225792648701
company_2448,-0.699666165187845,0.08057999215826178,-0.13029432296770885,2.115083355842305,0.8775921609264016,0.5728297791001856
company_98,0.3671342630104037,-0.4566691224093647,0.1811751572202227,-0.7260999479341427,-0.25550791724533073,-0.3641791136887874
company_4633,0.2086319730201432,-0.26135277043244287,0.2158255595737231,-0.3525754690112586,-0.4307834591513788,-0.017029996911032668
company_1498,0.013992713913767272,-0.66484952433027,0.359554782007714,-0.14963006908028212,-0.5397400320238986,-0.18932800366468272
company_6415,0.15823168732363907,-0.6181408907441162,0.26737627974651085,-0.3143653985876135,-0.42732664928504815,-0.2216854552210465
company_3271,-1.0891581386591918,4.220080005509117,0.0621712347394346,2.3198160924715014,-0.10763183236161625,1.411526164581747
company_379,0.25275878517133926,-0.5312146694694697,0.12293118611387352,-0.1985904306296035,-0.38406254481761437,-0.02752787239051899
company_5204,0.40206045025535736,-0.4382265938509969,0.20112366366965803,-0.8012909937915508,-0.22415803931717007,-0.3965041529854067
company_7603,0.293237449974367,-0.23360111170203132,0.19568885857306592,-0.5128040104344281,-0.33644722084990136,-0.17239596627592355
company_7202,0.40206045025535736,-0.4382265938509969,0.20112366366965803,-0.8012909937915508,-0.22415803931717007,-0.3965041529854067
company_5417,0.2971745117556814,-0.49705314123767474,0.1921940892164621,-0.5867865983985716,-0.3212188291094536,-0.2846558937985644
company_999,-0.6210323649780134,3.0507878137223887,0.21305412218416517,2.0865020012974496,0.9653190775187387,0.890531472823959
company_3215,0.40206045025535736,-0.4382265938509969,0.20112366366965803,-0.8012909937915508,-0.22415803931717007,-0.3965041529854067
company_1308,-0.5195995244985148,0.6195615930397509,-0.529130533973366,0.4876949115080028,0.8668213534358863,0.4963831217914998
company_7569,0.35980570392764766,-0.4447185096081601,0.21186970853420298,-0.7516771109723949,-0.260055530311452,-0.3765053062501157
company_7025,0.3659382720758096,-0.45612252586293195,0.18030864508445413,-0.7259007435636313,-0.2561618121920313,-0.36571978376555003
company_4060,-0.7327050367779581,-1.0934206374660187,-0.12802902747900433,8.806909890699549,0.9086356598530312,3.2413286314205783
company_1457,0.25560641067287226,-0.2847022531501279,0.29572370813691956,-0.4373522015351813,-0.36994034566369494,-0.12417841820934512
company_5415,0.34216497494918313,-0.5372809667679725,-0.02380485732805948,-0.46818815259107194,-0.29254499211780066,-0.23028835548282028
company_193,-3.6237305591060447,4.230685863395271,-3.5563273916523364,-0.4826585894849255,-2.276751698932592,-0.6345928456229635
company_1260,-0.18923963533993465,0.9582875214194735,-0.2187191149563944,-0.2842790649340462,-0.9909575799624835,0.9350403116946129
company_1830,-0.3375553819710102,0.9442289444008041,-0.6086571692701093,-1.0010807785331173,-1.1385708355323714,0.614181991054206
company_4779,0.3857495971698148,-0.4400736798901028,0.2033303928710704,-0.7840823869412946,-0.23697501038645993,-0.3940700225211755
company_7184,0.40206045025535736,-0.4382265938509969,0.20112366366965803,-0.8012909937915508,-0.22415803931717007,-0.3965041529854067
company_5445,0.0870882661176913,-0.6143131577036371,0.3468803946012235,-0.29442617945411065,-0.4783663556540713,-0.24223839749939322
company_905,0.3420798294808467,-0.46299661141641113,0.22971146735304385,-0.7164114865563161,-0.2734834380978939,-0.3675995035227871
company_1486,-0.16080021782642068,0.33019454775494356,-0.5076015776692973,-0.18713833678175862,1.3311740347286254,-0.4463780194470092
company_206,0.21235644729711886,0.03981633758739338,0.19089916448436064,-0.4383311044655833,-0.37662860637285206,-0.22799891912384462
company_3414,-1.3203928264692446,2.611957471628188,-1.5300118660652187,0.16320969167706423,0.0452210847947518,0.906580403896659
company_6187,-0.8293233633964102,1.5923707957936228,-0.9264431828452638,0.12513364455595677,0.6523481101470856,0.1571484419455587
company_2404,-0.983233119655088,2.1849880983424668,0.49858225688293006,3.1258522307725443,0.5635219921935777,1.654486526907437
company_3002,0.38811226353844613,-0.44211726167591675,0.20536889364186214,-0.784063256308509,-0.235179812611127,-0.3929043002484874
company_2874,0.3662155392754482,-0.520011119313388,0.04013755609400352,-0.5515432722944179,-0.2687381529468925,-0.26666811846956057
company_2045,-0.24212590564455616,0.303592577999001,-0.601612634110388,0.8969385974110247,1.2364429761340507,0.12296050486886256
company_1025,0.07434784243702981,-0.6192850321395285,0.3521800705009175,-0.2771730110725208,-0.4884513534405613,-0.23811386811403304
company_845,-0.4245885125453852,0.10349710686608238,-0.5101343216433522,0.43843058731823764,1.0994071711105753,-0.18098835306750438
company_6067,0.3857495971698148,-0.4400736798901028,0.2033303928710704,-0.7840823869412946,-0.23697501038645993,-0.3940700225211755
company_6538,-0.16080021782642068,0.33019454775494356,-0.5076015776692973,-0.18713833678175862,1.3311740347286254,-0.4463780194470092
company_3720,-0.4166206330258728,1.2073987699028497,-0.5740298545362803,-0.7209137376053995,-1.1714919962009323,0.6350329096997545
company_7581,-0.3545366573659396,-0.3885062669176695,-0.4558106332892141,4.275212903068179,1.2013579149590152,1.3529031147697188
company_7023,-0.19478881245563512,-1.0289082724934338,0.3375754821941843,1.976684272355288,-0.7453250261844508,0.8261294685237642
company_1015,-0.2331704674415217,0.36632330724318835,-0.595425887384641,-0.08812450870765066,1.2470755674828362,-0.3280903772744476
company_7659,0.2429733117708135,-0.5198897602527189,0.18449840390226954,-0.481713370858962,-0.3737261080690301,-0.21974832697018015
company_880,-0.2686127985500936,0.6511928466360574,-0.3906622292017875,-0.01809411566357487,0.6579927157717522,-0.35112504047260246
company_4642,-0.2018935629835905,0.3062036512522895,-0.6350708246669591,-0.027483191357227998,1.280208649960331,-0.33779745874342276
company_1123,0.40206045025535736,-0.4382265938509969,0.20112366366965803,-0.8012909937915508,-0.22415803931717007,-0.3965041529854067
company_2199,0.40206045025535736,-0.4382265938509969,0.20112366366965803,-0.8012909937915508,-0.22415803931717007,-0.3965041529854067
company_6559,-0.24704022419036983,0.4206942305505166,-0.49183046506751676,0.005220543177659233,1.2451228658582716,-0.3019775578411862
company_93,-0.06078459107846127,0.15123923369897913,-0.40791373707227035,-0.30047995192071236,0.7933130465779044,-0.3588390784422961
company_6179,-1.5685608076078594,2.1650476333660773,-1.6652753038270152,-0.974681338197069,-2.1023903031509312,0.15622089166400702
company_2707,-0.4613392749311774,0.3200183702286906,-0.3234235677327695,0.31302492161117046,1.0604992457830098,-0.1532877268867371
company_5590,-0.37856784652577635,0.5822082962181852,-0.6478049784897325,-0.10245990851575616,1.1767429302003805,-0.5428943841435767
company_6754,0.3314383333057553,-0.4804725574407878,0.13455658133895082,-0.6147103614445146,-0.29700456648344004,-0.2827629875253647
company_2790,0.37659427013120256,-0.44805789753887365,0.211693251705409,-0.7668381148233588,-0.24438225317231096,-0.38800404959572926
company_411,0.40206045025535736,-0.4382265938509969,0.20112366366965803,-0.8012909937915508,-0.22415803931717007,-0.3965041529854067
company_4839,-0.5200459798422123,-0.27828222444696665,-0.10512927801299239,1.0947568459157369,0.421258905126997,0.16529612112701
company_5134,-0.5040435513543494,0.26475003481308707,-0.4875965404330301,1.2501606740927587,0.9746278229079999,0.4327333077307589
company_3670,-0.4833347056378253,1.15062403481544,-0.7204415825088674,-0.8893228763418022,-1.2597096679428539,0.6468335421553285
company_4124,0.3713161922068268,-0.4773149255654402,0.0777786803045776,0.6674215555828107,-0.2582058346336525,0.2750791830433698
company_3533,0.33491411102636653,-0.4705272544783065,0.20013386000218605,-0.6769670673313575,-0.2844668785087705,-0.33667065827309345
company_202,0.2857468617975094,-0.560320298097287,0.16190526213820336,-0.47780041025296394,-0.3258687454462192,-0.2688278107690686
company_5859,0.20448815742317394,-0.5562504961775581,0.28535677420062955,-0.4669064325457173,-0.3849562944833527,-0.2890224333537195
company_6879,0.40206045025535736,-0.4382265938509969,0.20112366366965803,-0.8012909937915508,-0.22415803931717007,-0.3965041529854067
company_5596,0.3172589661753322,-0.42971333210095225,0.1373221710492313,-0.6649315572156553,-0.315176196349419,-0.27596855098854783
company_739,0.0525253932141391,0.563981135848837,0.03265442183664061,-0.3438430722996484,-0.6237994231097813,0.28008503846652494
company_4551,0.28352822346712275,-0.5116057626203575,0.23914555607691004,-0.5882182464771654,-0.32262622708752425,-0.3208166162460134
company_3696,0.40206045025535736,-0.4382265938509969,0.20112366366965803,-0.8012909937915508,-0.22415803931717007,-0.3965041529854067
company_7060,0.310263160440954,-0.3254467252691131,0.20617661695902428,-0.6164585658571357,-0.323559015115055,-0.2208001679551602
company_6919,0.37866159806392075,-0.4339429345326611,0.1972148905586952,-0.7841397788396517,-0.24236060371245857,-0.3975671893392398
company_5028,-0.7731987089458281,1.103469641343776,0.2812667050365137,3.6315665402680426,0.6593237306677127,2.068222802302963
company_3369,-0.27567649858966836,0.5487774604632951,-0.6059156107298993,-0.0917931220560906,1.2131873673690654,-0.3226521335059848
company_1848,-0.3385153410197629,0.19993134111305322,-0.5246689515557231,0.21463876011679545,1.171028960066033,-0.2605480749810591
company_73,0.09795223692719043,-0.8105347890033374,0.1671454854960766,0.08827241856433628,-0.48691302671159503,-0.04996989365339261
company_748,0.832295144663344,-1.0255858708140746,0.7428530914263518,-1.2707318264739136,-1.4130096637529548,-0.35838198721180753
company_2528,0.40206045025535736,-0.4382265938509969,0.20112366366965803,-0.8012909937915508,-0.22415803931717007,-0.3965041529854067
company_1490,0.40206045025535736,-0.4382265938509969,0.20112366366965803,-0.8012909937915508,-0.22415803931717007,-0.3965041529854067
company_4176,0.26203635424589994,-0.536737232820496,0.15127662915487905,-0.4687995692457545,-0.35424838589551455,-0.23296663712445065
company_2008,0.3743942607369827,-0.46267503152664957,0.14842634699495028,-0.7030432441415848,-0.25408664950920484,-0.34041955870784296
company_32,-0.009049934144383575,0.09881472017049496,-0.29370598189226393,-0.3535135971339198,0.8532940286678996,-0.4291288648523291
company_3835,-0.05151129778517619,0.06176556603871765,-0.3288168410038525,-0.2234926802903542,0.8078746072216392,-0.34669156030295945
company_1274,0.40206045025535736,-0.4382265938509969,0.20112366366965803,-0.8012909937915508,-0.22415803931717007,-0.3965041529854067
company_2775,0.2174995986957916,0.07379220510309535,0.10903529018023471,-0.34335890163317717,-0.43967956868634084,0.07461429372165337
company_1040,0.208177408414691,-0.4605506745738831,0.20920833391029395,0.8202393482173204,-0.43191727147850034,0.4949939632587517
company_4919,0.013181788272484807,1.7724659243627463,0.9117397432230171,3.0113587660854235,0.8701506610214269,1.513943580677293
company_3296,-0.34261788453845354,1.824405591855852,-0.43537826966124377,-0.30050455069665033,-1.3227356476476044,1.7828597133335566
company_4396,0.24549078850868247,-0.6040215112260281,0.1692254638182722,-0.36884524785214445,-0.36318210093705866,-0.2141912962888355
company_7107,-0.02067425267804982,0.10886914255669948,-0.3037354056845593,-0.35360771984722533,0.8444616556132618,-0.43486421843395456
company_48,-0.04465465016999507,0.12402865117257249,-0.3614532306243634,-0.32829670872230104,0.8252047194850829,-0.437928107905392
company_2092,0.3573407864247642,-0.4616240504607811,0.18814762961649073,-0.7099215383657728,-0.26469407290483987,-0.3536011503063689
company_3551,-0.23269144123912838,0.27219276414533017,-0.5586794052226193,0.017157363857346997,1.2574088245127575,-0.3245317219821232
company_5893,0.007449932250649516,0.1004983196667358,-0.29574963103201296,-0.37072067353355304,0.8662546155592161,-0.43146973753474527
company_603,-0.16080021782642068,0.33019454775494356,-0.5076015776692973,-0.18713833678175862,1.3311740347286254,-0.4463780194470092
company_4451,0.40206045025535736,-0.4382265938509969,0.20112366366965803,-0.8012909937915508,-0.22415803931717007,-0.3965041529854067
company_7336,0.33687583935494864,-0.3716177218012744,0.12423759698431462,-0.7620641934333843,-0.3004967639530917,-0.3059558521080872
company_2188,0.15587636154856888,-0.5499279011547868,0.2560779293044531,-0.16177278099236841,-0.4448194863969378,-0.08458319013027317
company_1129,0.3195372072009333,-0.47766665157935245,0.2435865675731019,-0.680945876038161,-0.29027963852044103,-0.36215779652994606
company_2776,0.28783567859202464,-0.3177818178750267,0.03913507945604677,-0.7442352803796084,-0.3476750906525543,-0.28825904213631126
company_7096,0.40206045025535736,-0.4382265938509969,0.20112366366965803,-0.8012909937915508,-0.22415803931717007,-0.3965041529854067
company_5624,0.40206045025535736,-0.4382265938509969,0.20112366366965803,-0.8012909937915508,-0.22415803931717007,-0.3965041529854067
company_4185,-0.14620361233103588,0.7058884130367294,-0.3560782365106861,0.5242313960120445,0.6982973732084017,0.1725400977207728
company_4903,0.31231657841776006,0.2114365373628032,0.9646252748093391,1.5983590346770638,-0.21769978285224548,0.5641576569458251
company_1668,-0.2408358279332622,0.27927519030848397,-0.5657192238374642,0.017075164771558283,1.2512007391427316,-0.32847613849712065
company_2586,0.37124478165207575,-0.4402899291582636,0.20601297593037463,-0.7682262616738311,-0.25008757159027684,-0.38452359548720666
company_1300,0.24367763766797632,-0.2535083224693222,0.20051482167448614,-0.4001570344746231,-0.39781294731536343,-0.05009973910174135
company_2877,-0.2634938719355733,0.4630187002546968,-0.6466387664458301,0.5672057834849769,1.1706566829132223,0.17214340849342072
company_3935,0.28319181850064634,-0.5102743702697485,0.2385026129375861,-0.5886664383625205,-0.3234252991503115,-0.31895542908569885
company_796,0.3405290546697219,-0.48109775761726165,0.20691537245047578,-0.6744751407601673,-0.2772158872724249,-0.34503326771809706
company_7226,0.2415050888846385,-0.10193152689455084,0.1278947566307998,-0.6050833355370984,-0.39093356231767445,-0.1729080897238946
company_6990,0.2151443370694247,0.11478663721673864,0.5058723864376204,0.2859934820646258,-0.4287615326945782,0.3817042375958696
company_2654,-0.4162106299701914,-0.18128469004162812,-0.777470881586165,1.219524618945272,1.082910476514412,0.19027446688683317
company_1680,0.2931568377846551,-0.3778353267669629,0.04534568552589091,-0.6763165208508641,-0.33613487192641023,-0.29089273099886076
company_5536,0.36520163260839283,-0.5109935615867608,0.03650316819397981,-0.555036968032642,-0.27376078700512013,-0.25130716126022223
company_5670,-0.30837187665922555,0.39691707915314584,-0.48039293993521087,0.9904815385547519,1.1844466721642248,0.1743540761915196
company_2836,0.19726568853714227,-0.021325640383743336,0.053629792294275724,-0.6445890152847485,-0.4291487230892485,-0.1953753394352075
company_3987,0.31815224047486484,-0.33374972719064744,0.10073593930040779,-0.7714953793502113,-0.32604427224021565,-0.27296586041370574
company_2842,0.35247505406090657,-0.4443019412336977,0.17950411698335525,-0.7155756391654625,-0.2752410130076324,-0.3304513457438647
company_5302,0.2811336565455211,-0.5924250795730001,0.15298299224387626,-0.41824960048296733,-0.3319874995275458,-0.23864951956126698
company_3205,0.3869545570178168,-0.44111590660086797,0.2043700282641742,-0.784072630318574,-0.23605945952104015,-0.3934755041621046
company_750,0.30637135349007516,-0.4629460154032726,0.2030483576040922,-0.6488551133849881,-0.31473418999212505,-0.30094657620968723
company_565,0.3125074065262762,-0.4865870980767606,0.14357756425414603,-0.35913689120966064,-0.3197613134438036,-0.14067397807885382
company_757,0.37682237544851166,-0.4461524201475894,0.172257273588122,-0.7446215295273869,-0.24925941864337278,-0.36415000022665706
company_2550,-0.071076229754055,-0.7195120403913673,0.41659900456397186,-0.011335814269763834,-0.6074521227000147,-0.14861857978660745
company_7465,0.20223851488752947,-0.8463624540938289,-0.03145305355037317,0.3980775422760646,-0.43611996107096845,0.21269683991188412
company_1495,-0.23548084551288156,0.2566606165912936,-0.6608918010870569,0.10467257779603582,1.244048752086816,-0.2603697219075389
company_2230,0.2682449706380612,-0.824651102632617,-0.03438279951124862,0.043111858941430756,-0.35926899698778925,-0.02393033091506327
company_908,0.10655439087971093,-0.6820258388046414,0.2189353545213191,-0.1253823576410228,-0.48303478460693666,-0.10883150760950495
company_4872,-0.2305792023101091,0.8183164731875294,-0.4615299969856072,-0.6681633968709835,-0.9806548292152599,0.5177891080728658
company_2089,0.007449932250649516,0.1004983196667358,-0.29574963103201296,-0.37072067353355304,0.8662546155592161,-0.43146973753474527
company_7403,0.3319949003443682,-0.4334250691769181,0.17502274832215156,-0.7023046561696159,-0.2959885618124119,-0.3123092130869858
company_7364,-0.6265017632400792,1.3294256764326005,-0.7349414573644876,-0.697133590611372,-1.2998788282167684,0.41553062988785533
company_5644,0.40206045025535736,-0.4382265938509969,0.20112366366965803,-0.8012909937915508,-0.22415803931717007,-0.3965041529854067
company_3735,0.35706450230844794,-0.44180762127986134,0.20932158918403065,-0.7519304683961553,-0.2624203606365007,-0.3768058597824087
company_2006,-0.11615375604518605,0.21652492087503655,-0.23838075758748045,-0.16734395940295252,0.733039454493063,-0.21367296253540208
company_6639,0.364470980962524,-0.45295477459615047,0.2173190155566975,-0.7498406084479518,-0.25431634135332526,-0.3823888639832612
company_2831,-0.5599470845628732,0.4575154171436306,-0.5812074799501722,-0.7226387148530351,-0.9440764430752777,-0.8602230335787252
company_753,-0.17808138866254605,0.09529845803377225,-0.2554908159578886,0.2960015245955704,0.6840068058884567,-0.03962916693994157
company_4352,-0.4895669568845254,0.8867029780967952,-0.6757203444269341,0.034769200614335354,1.0720680000485603,-0.417643246926704
company_2781,0.24927120475519318,-0.15181101646988418,0.11487114896058899,-0.49827268373571804,-0.4054225159496103,-0.047609562649862325
company_2170,0.29206310145264736,-0.4840852860541459,0.25185560061155543,-0.6472268200135649,-0.31290493136441655,-0.35138300656229543
company_808,-0.16080021782642068,0.33019454775494356,-0.5076015776692973,-0.18713833678175862,1.3311740347286254,-0.4463780194470092
company_4974,-0.6320832385734523,-0.11850481019678422,-0.5159699333290177,1.69581655244927,0.8922303747094043,0.46938413640832477
company_2622,0.40206045025535736,-0.4382265938509969,0.20112366366965803,-0.8012909937915508,-0.22415803931717007,-0.3965041529854067
company_2529,0.40206045025535736,-0.4382265938509969,0.20112366366965803,-0.8012909937915508,-0.22415803931717007,-0.3965041529854067
company_3115,0.40206045025535736,-0.4382265938509969,0.20112366366965803,-0.8012909937915508,-0.22415803931717007,-0.3965041529854067
company_2993,-0.16591219443694022,0.2598867271723064,-0.220511233040946,-0.6670601101105338,-0.6751936205516975,-0.49991456649508537
company_2378,0.40206045025535736,-0.4382265938509969,0.20112366366965803,-0.8012909937915508,-0.22415803931717007,-0.3965041529854067
company_1694,-0.8241274133353,-0.04288809153414147,-0.22060129954346927,1.3734567506290232,0.7704477786670261,0.2003901133324672
company_4356,0.2664809385504179,-0.10870313673696444,0.094625199480585,-0.5986254903690335,-0.37489777317294254,-0.15361242731747962
company_1392,0.3320733623747886,-0.43977763266896996,0.17722090775613258,-0.6996131533642793,-0.2926461205882385,-0.32451568437187545
company_3021,0.34891317547384276,-0.39217206967979873,0.1380616612753521,-0.7576240155101323,-0.2860525199808262,-0.3197788565913798
company_2850,0.2431150489966399,-0.3748382527514532,0.20696842799870327,-0.25973704205389475,-0.3775449612856069,-0.08216161246478149
company_3334,-0.16080021782642068,0.33019454775494356,-0.5076015776692973,-0.18713833678175862,1.3311740347286254,-0.4463780194470092
company_3055,0.2162963653277046,-0.14721019762060136,0.05104539399039151,-0.5303349897018497,-0.38295093037881717,-0.27676216628354045
company_4077,0.3207043010817778,-0.3269508952154062,0.24068259024934002,-0.653221113366661,-0.3068473541377944,-0.26219650230660113
company_2506,0.40206045025535736,-0.4382265938509969,0.20112366366965803,-0.8012909937915508,-0.22415803931717007,-0.3965041529854067
company_176,0.40206045025535736,-0.4382265938509969,0.20112366366965803,-0.8012909937915508,-0.22415803931717007,-0.3965041529854067
company_1185,0.40206045025535736,-0.4382265938509969,0.20112366366965803,-0.8012909937915508,-0.22415803931717007,-0.3965041529854067
company_5622,0.40206045025535736,-0.4382265938509969,0.20112366366965803,-0.8012909937915508,-0.22415803931717007,-0.3965041529854067
